jenis_makam,lokasi,zona,no_lot,ukuran
kotak_abu,KARAWANG,LCB-B-B1,SL-01-08,Single
kotak_abu,KARAWANG,LCB-B-B1,SL-01-108,Single
kotak_abu,KARAWANG,LCB-B-B1,SL-01-118,Single
kotak_abu,KARAWANG,LCB-B-B1,SL-01-128,Single
kotak_abu,KARAWANG,LCB-B-B1,SL-01-18,Single
kotak_abu,KARAWANG,LCB-B-B1,SL-01-28,Single
kotak_abu,KARAWANG,LCB-B-B1,SL-01-38,Single
kotak_abu,KARAWANG,LCB-B-B1,SL-01-68,Single
kotak_abu,KARAWANG,LCB-B-B1,SL-01-88,Single
kotak_abu,KARAWANG,LCB-B-B1,SL-01-98,Single
kotak_abu,KARAWANG,LCB-B-B1,SL-02-08,Single
kotak_abu,KARAWANG,LCB-B-B1,SL-02-108,Single
kotak_abu,KARAWANG,LCB-B-B1,SL-02-118,Single
kotak_abu,KARAWANG,LCB-B-B1,SL-02-128,Single
kotak_abu,KARAWANG,LCB-B-B1,SL-02-18,Single
kotak_abu,KARAWANG,LCB-B-B1,SL-02-28,Single
kotak_abu,KARAWANG,LCB-B-B1,SL-02-38,Single
kotak_abu,KARAWANG,LCB-B-B1,SL-02-68,Single
kotak_abu,KARAWANG,LCB-B-B1,SL-02-88,Single
kotak_abu,KARAWANG,LCB-B-B1,SL-02-98,Single
kotak_abu,KARAWANG,LCB-B-B1,SL-03-08,Single
kotak_abu,KARAWANG,LCB-B-B1,SL-03-108,Single
kotak_abu,KARAWANG,LCB-B-B1,SL-03-118,Single
kotak_abu,KARAWANG,LCB-B-B1,SL-03-128,Single
kotak_abu,KARAWANG,LCB-B-B1,SL-03-18,Single
kotak_abu,KARAWANG,LCB-B-B1,SL-03-28,Single
kotak_abu,KARAWANG,LCB-B-B1,SL-03-38,Single
kotak_abu,KARAWANG,LCB-B-B1,SL-03-68,Single
kotak_abu,KARAWANG,LCB-B-B1,SL-03-88,Single
kotak_abu,KARAWANG,LCB-B-B1,SL-03-98,Single
kotak_abu,KARAWANG,LCB-B-B1,SL-05-08,Single
kotak_abu,KARAWANG,LCB-B-B1,SL-05-108,Single
kotak_abu,KARAWANG,LCB-B-B1,SL-05-118,Single
kotak_abu,KARAWANG,LCB-B-B1,SL-05-128,Single
kotak_abu,KARAWANG,LCB-B-B1,SL-05-18,Single
kotak_abu,KARAWANG,LCB-B-B1,SL-05-28,Single
kotak_abu,KARAWANG,LCB-B-B1,SL-05-38,Single
kotak_abu,KARAWANG,LCB-B-B1,SL-05-68,Single
kotak_abu,KARAWANG,LCB-B-B1,SL-05-88,Single
kotak_abu,KARAWANG,LCB-B-B1,SL-05-98,Single
kotak_abu,KARAWANG,LCB-B-B1,SL-06-08,Single
kotak_abu,KARAWANG,LCB-B-B1,SL-06-108,Single
kotak_abu,KARAWANG,LCB-B-B1,SL-06-118,Single
kotak_abu,KARAWANG,LCB-B-B1,SL-06-128,Single
kotak_abu,KARAWANG,LCB-B-B1,SL-06-18,Single
kotak_abu,KARAWANG,LCB-B-B1,SL-06-28,Single
kotak_abu,KARAWANG,LCB-B-B1,SL-06-38,Single
kotak_abu,KARAWANG,LCB-B-B1,SL-06-68,Single
kotak_abu,KARAWANG,LCB-B-B1,SL-06-88,Single
kotak_abu,KARAWANG,LCB-B-B1,SL-06-98,Single
kotak_abu,KARAWANG,LCB-B-B1,SL-07-108,Single
kotak_abu,KARAWANG,LCB-B-B1,SL-07-118,Single
kotak_abu,KARAWANG,LCB-B-B1,SL-07-128,Single
kotak_abu,KARAWANG,LCB-B-B1,SL-07-18,Single
kotak_abu,KARAWANG,LCB-B-B1,SL-07-28,Single
kotak_abu,KARAWANG,LCB-B-B1,SL-07-38,Single
kotak_abu,KARAWANG,LCB-B-B1,SL-07-68,Single
kotak_abu,KARAWANG,LCB-B-B1,SL-07-88,Single
kotak_abu,KARAWANG,LCB-B-B1,SL-07-98,Single
kotak_abu,KARAWANG,LCB-B-B1,SL-08-08,Single
kotak_abu,KARAWANG,LCB-B-B1,SL-08-108,Single
kotak_abu,KARAWANG,LCB-B-B1,SL-08-118,Single
kotak_abu,KARAWANG,LCB-B-B1,SL-08-128,Single
kotak_abu,KARAWANG,LCB-B-B1,SL-08-18,Single
kotak_abu,KARAWANG,LCB-B-B1,SL-08-28,Single
kotak_abu,KARAWANG,LCB-B-B1,SL-08-38,Single
kotak_abu,KARAWANG,LCB-B-B1,SL-08-68,Single
kotak_abu,KARAWANG,LCB-B-B1,SL-08-88,Single
kotak_abu,KARAWANG,LCB-B-B1,SL-08-98,Single
kotak_abu,KARAWANG,LCB-B-B1,SL-09-08,Single
kotak_abu,KARAWANG,LCB-B-B1,SL-09-108,Single
kotak_abu,KARAWANG,LCB-B-B1,SL-09-118,Single
kotak_abu,KARAWANG,LCB-B-B1,SL-09-128,Single
kotak_abu,KARAWANG,LCB-B-B1,SL-09-18,Single
kotak_abu,KARAWANG,LCB-B-B1,SL-09-28,Single
kotak_abu,KARAWANG,LCB-B-B1,SL-09-38,Single
kotak_abu,KARAWANG,LCB-B-B1,SL-09-68,Single
kotak_abu,KARAWANG,LCB-B-B1,SL-09-88,Single
kotak_abu,KARAWANG,LCB-B-B1,SL-09-98,Single
kotak_abu,KARAWANG,LCB-B-B1,SL-3A-08,Single
kotak_abu,KARAWANG,LCB-B-B1,SL-3A-108,Single
kotak_abu,KARAWANG,LCB-B-B1,SL-3A-118,Single
kotak_abu,KARAWANG,LCB-B-B1,SL-3A-128,Single
kotak_abu,KARAWANG,LCB-B-B1,SL-3A-18,Single
kotak_abu,KARAWANG,LCB-B-B1,SL-3A-28,Single
kotak_abu,KARAWANG,LCB-B-B1,SL-3A-38,Single
kotak_abu,KARAWANG,LCB-B-B1,SL-3A-68,Single
kotak_abu,KARAWANG,LCB-B-B1,SL-3A-88,Single
kotak_abu,KARAWANG,LCB-B-B1,SL-3A-98,Single
kotak_abu,KARAWANG,LCB-B-B10,DL-01-08,Double
kotak_abu,KARAWANG,LCB-B-B10,DL-01-18,Double
kotak_abu,KARAWANG,LCB-B-B10,DL-01-28,Double
kotak_abu,KARAWANG,LCB-B-B10,DL-01-38,Double
kotak_abu,KARAWANG,LCB-B-B10,DL-01-68,Double
kotak_abu,KARAWANG,LCB-B-B10,DL-02-08,Double
kotak_abu,KARAWANG,LCB-B-B10,DL-02-18,Double
kotak_abu,KARAWANG,LCB-B-B10,DL-02-28,Double
kotak_abu,KARAWANG,LCB-B-B10,DL-02-38,Double
kotak_abu,KARAWANG,LCB-B-B10,DL-02-68,Double
kotak_abu,KARAWANG,LCB-B-B10,DL-03-08,Double
kotak_abu,KARAWANG,LCB-B-B10,DL-03-18,Double
kotak_abu,KARAWANG,LCB-B-B10,DL-03-28,Double
kotak_abu,KARAWANG,LCB-B-B10,DL-03-38,Double
kotak_abu,KARAWANG,LCB-B-B10,DL-03-68,Double
kotak_abu,KARAWANG,LCB-B-B10,DL-05-08,Double
kotak_abu,KARAWANG,LCB-B-B10,DL-05-18,Double
kotak_abu,KARAWANG,LCB-B-B10,DL-05-28,Double
kotak_abu,KARAWANG,LCB-B-B10,DL-05-38,Double
kotak_abu,KARAWANG,LCB-B-B10,DL-05-68,Double
kotak_abu,KARAWANG,LCB-B-B10,DL-06-08,Double
kotak_abu,KARAWANG,LCB-B-B10,DL-06-18,Double
kotak_abu,KARAWANG,LCB-B-B10,DL-06-28,Double
kotak_abu,KARAWANG,LCB-B-B10,DL-06-38,Double
kotak_abu,KARAWANG,LCB-B-B10,DL-06-68,Double
kotak_abu,KARAWANG,LCB-B-B10,DL-07-08,Double
kotak_abu,KARAWANG,LCB-B-B10,DL-07-18,Double
kotak_abu,KARAWANG,LCB-B-B10,DL-07-28,Double
kotak_abu,KARAWANG,LCB-B-B10,DL-07-38,Double
kotak_abu,KARAWANG,LCB-B-B10,DL-07-68,Double
kotak_abu,KARAWANG,LCB-B-B10,DL-08-08,Double
kotak_abu,KARAWANG,LCB-B-B10,DL-08-18,Double
kotak_abu,KARAWANG,LCB-B-B10,DL-08-28,Double
kotak_abu,KARAWANG,LCB-B-B10,DL-08-38,Double
kotak_abu,KARAWANG,LCB-B-B10,DL-08-68,Double
kotak_abu,KARAWANG,LCB-B-B10,DL-09-08,Double
kotak_abu,KARAWANG,LCB-B-B10,DL-09-18,Double
kotak_abu,KARAWANG,LCB-B-B10,DL-09-28,Double
kotak_abu,KARAWANG,LCB-B-B10,DL-09-38,Double
kotak_abu,KARAWANG,LCB-B-B10,DL-09-68,Double
kotak_abu,KARAWANG,LCB-B-B10,DL-3A-08,Double
kotak_abu,KARAWANG,LCB-B-B10,DL-3A-18,Double
kotak_abu,KARAWANG,LCB-B-B10,DL-3A-28,Double
kotak_abu,KARAWANG,LCB-B-B10,DL-3A-38,Double
kotak_abu,KARAWANG,LCB-B-B10,DL-3A-68,Double
kotak_abu,KARAWANG,LCB-B-B11,DB-01-08,Double
kotak_abu,KARAWANG,LCB-B-B11,DB-01-108,Double
kotak_abu,KARAWANG,LCB-B-B11,DB-01-118,Double
kotak_abu,KARAWANG,LCB-B-B11,DB-01-128,Double
kotak_abu,KARAWANG,LCB-B-B11,DB-01-138,Double
kotak_abu,KARAWANG,LCB-B-B11,DB-01-18,Double
kotak_abu,KARAWANG,LCB-B-B11,DB-01-28,Double
kotak_abu,KARAWANG,LCB-B-B11,DB-01-38,Double
kotak_abu,KARAWANG,LCB-B-B11,DB-01-68,Double
kotak_abu,KARAWANG,LCB-B-B11,DB-01-88,Double
kotak_abu,KARAWANG,LCB-B-B11,DB-01-98,Double
kotak_abu,KARAWANG,LCB-B-B11,DB-02-08,Double
kotak_abu,KARAWANG,LCB-B-B11,DB-02-108,Double
kotak_abu,KARAWANG,LCB-B-B11,DB-02-118,Double
kotak_abu,KARAWANG,LCB-B-B11,DB-02-128,Double
kotak_abu,KARAWANG,LCB-B-B11,DB-02-138,Double
kotak_abu,KARAWANG,LCB-B-B11,DB-02-18,Double
kotak_abu,KARAWANG,LCB-B-B11,DB-02-28,Double
kotak_abu,KARAWANG,LCB-B-B11,DB-02-38,Double
kotak_abu,KARAWANG,LCB-B-B11,DB-02-68,Double
kotak_abu,KARAWANG,LCB-B-B11,DB-02-88,Double
kotak_abu,KARAWANG,LCB-B-B11,DB-02-98,Double
kotak_abu,KARAWANG,LCB-B-B11,DB-03-08,Double
kotak_abu,KARAWANG,LCB-B-B11,DB-03-108,Double
kotak_abu,KARAWANG,LCB-B-B11,DB-03-118,Double
kotak_abu,KARAWANG,LCB-B-B11,DB-03-128,Double
kotak_abu,KARAWANG,LCB-B-B11,DB-03-138,Double
kotak_abu,KARAWANG,LCB-B-B11,DB-03-18,Double
kotak_abu,KARAWANG,LCB-B-B11,DB-03-28,Double
kotak_abu,KARAWANG,LCB-B-B11,DB-03-38,Double
kotak_abu,KARAWANG,LCB-B-B11,DB-03-68,Double
kotak_abu,KARAWANG,LCB-B-B11,DB-03-88,Double
kotak_abu,KARAWANG,LCB-B-B11,DB-03-98,Double
kotak_abu,KARAWANG,LCB-B-B11,DB-05-08,Double
kotak_abu,KARAWANG,LCB-B-B11,DB-05-108,Double
kotak_abu,KARAWANG,LCB-B-B11,DB-05-118,Double
kotak_abu,KARAWANG,LCB-B-B11,DB-05-128,Double
kotak_abu,KARAWANG,LCB-B-B11,DB-05-138,Double
kotak_abu,KARAWANG,LCB-B-B11,DB-05-18,Double
kotak_abu,KARAWANG,LCB-B-B11,DB-05-28,Double
kotak_abu,KARAWANG,LCB-B-B11,DB-05-38,Double
kotak_abu,KARAWANG,LCB-B-B11,DB-05-68,Double
kotak_abu,KARAWANG,LCB-B-B11,DB-05-88,Double
kotak_abu,KARAWANG,LCB-B-B11,DB-05-98,Double
kotak_abu,KARAWANG,LCB-B-B11,DB-06-08,Double
kotak_abu,KARAWANG,LCB-B-B11,DB-06-108,Double
kotak_abu,KARAWANG,LCB-B-B11,DB-06-118,Double
kotak_abu,KARAWANG,LCB-B-B11,DB-06-128,Double
kotak_abu,KARAWANG,LCB-B-B11,DB-06-138,Double
kotak_abu,KARAWANG,LCB-B-B11,DB-06-18,Double
kotak_abu,KARAWANG,LCB-B-B11,DB-06-28,Double
kotak_abu,KARAWANG,LCB-B-B11,DB-06-38,Double
kotak_abu,KARAWANG,LCB-B-B11,DB-06-68,Double
kotak_abu,KARAWANG,LCB-B-B11,DB-06-88,Double
kotak_abu,KARAWANG,LCB-B-B11,DB-06-98,Double
kotak_abu,KARAWANG,LCB-B-B11,DB-07-08,Double
kotak_abu,KARAWANG,LCB-B-B11,DB-07-108,Double
kotak_abu,KARAWANG,LCB-B-B11,DB-07-118,Double
kotak_abu,KARAWANG,LCB-B-B11,DB-07-128,Double
kotak_abu,KARAWANG,LCB-B-B11,DB-07-138,Double
kotak_abu,KARAWANG,LCB-B-B11,DB-07-18,Double
kotak_abu,KARAWANG,LCB-B-B11,DB-07-28,Double
kotak_abu,KARAWANG,LCB-B-B11,DB-07-38,Double
kotak_abu,KARAWANG,LCB-B-B11,DB-07-68,Double
kotak_abu,KARAWANG,LCB-B-B11,DB-07-88,Double
kotak_abu,KARAWANG,LCB-B-B11,DB-07-98,Double
kotak_abu,KARAWANG,LCB-B-B11,DB-08-08,Double
kotak_abu,KARAWANG,LCB-B-B11,DB-08-108,Double
kotak_abu,KARAWANG,LCB-B-B11,DB-08-118,Double
kotak_abu,KARAWANG,LCB-B-B11,DB-08-128,Double
kotak_abu,KARAWANG,LCB-B-B11,DB-08-138,Double
kotak_abu,KARAWANG,LCB-B-B11,DB-08-18,Double
kotak_abu,KARAWANG,LCB-B-B11,DB-08-28,Double
kotak_abu,KARAWANG,LCB-B-B11,DB-08-38,Double
kotak_abu,KARAWANG,LCB-B-B11,DB-08-68,Double
kotak_abu,KARAWANG,LCB-B-B11,DB-08-88,Double
kotak_abu,KARAWANG,LCB-B-B11,DB-08-98,Double
kotak_abu,KARAWANG,LCB-B-B11,DB-09-08,Double
kotak_abu,KARAWANG,LCB-B-B11,DB-09-108,Double
kotak_abu,KARAWANG,LCB-B-B11,DB-09-118,Double
kotak_abu,KARAWANG,LCB-B-B11,DB-09-128,Double
kotak_abu,KARAWANG,LCB-B-B11,DB-09-138,Double
kotak_abu,KARAWANG,LCB-B-B11,DB-09-18,Double
kotak_abu,KARAWANG,LCB-B-B11,DB-09-28,Double
kotak_abu,KARAWANG,LCB-B-B11,DB-09-38,Double
kotak_abu,KARAWANG,LCB-B-B11,DB-09-68,Double
kotak_abu,KARAWANG,LCB-B-B11,DB-09-88,Double
kotak_abu,KARAWANG,LCB-B-B11,DB-09-98,Double
kotak_abu,KARAWANG,LCB-B-B11,DB-3A-08,Double
kotak_abu,KARAWANG,LCB-B-B11,DB-3A-108,Double
kotak_abu,KARAWANG,LCB-B-B11,DB-3A-118,Double
kotak_abu,KARAWANG,LCB-B-B11,DB-3A-128,Double
kotak_abu,KARAWANG,LCB-B-B11,DB-3A-138,Double
kotak_abu,KARAWANG,LCB-B-B11,DB-3A-18,Double
kotak_abu,KARAWANG,LCB-B-B11,DB-3A-28,Double
kotak_abu,KARAWANG,LCB-B-B11,DB-3A-38,Double
kotak_abu,KARAWANG,LCB-B-B11,DB-3A-68,Double
kotak_abu,KARAWANG,LCB-B-B11,DB-3A-88,Double
kotak_abu,KARAWANG,LCB-B-B11,DB-3A-98,Double
kotak_abu,KARAWANG,LCB-B-B12,DR-01-08,Double
kotak_abu,KARAWANG,LCB-B-B12,DR-01-18,Double
kotak_abu,KARAWANG,LCB-B-B12,DR-01-28,Double
kotak_abu,KARAWANG,LCB-B-B12,DR-01-38,Double
kotak_abu,KARAWANG,LCB-B-B12,DR-01-68,Double
kotak_abu,KARAWANG,LCB-B-B12,DR-02-08,Double
kotak_abu,KARAWANG,LCB-B-B12,DR-02-18,Double
kotak_abu,KARAWANG,LCB-B-B12,DR-02-28,Double
kotak_abu,KARAWANG,LCB-B-B12,DR-02-38,Double
kotak_abu,KARAWANG,LCB-B-B12,DR-02-68,Double
kotak_abu,KARAWANG,LCB-B-B12,DR-03-08,Double
kotak_abu,KARAWANG,LCB-B-B12,DR-03-18,Double
kotak_abu,KARAWANG,LCB-B-B12,DR-03-28,Double
kotak_abu,KARAWANG,LCB-B-B12,DR-03-38,Double
kotak_abu,KARAWANG,LCB-B-B12,DR-03-68,Double
kotak_abu,KARAWANG,LCB-B-B12,DR-05-08,Double
kotak_abu,KARAWANG,LCB-B-B12,DR-05-18,Double
kotak_abu,KARAWANG,LCB-B-B12,DR-05-28,Double
kotak_abu,KARAWANG,LCB-B-B12,DR-05-38,Double
kotak_abu,KARAWANG,LCB-B-B12,DR-05-68,Double
kotak_abu,KARAWANG,LCB-B-B12,DR-06-08,Double
kotak_abu,KARAWANG,LCB-B-B12,DR-06-18,Double
kotak_abu,KARAWANG,LCB-B-B12,DR-06-28,Double
kotak_abu,KARAWANG,LCB-B-B12,DR-06-38,Double
kotak_abu,KARAWANG,LCB-B-B12,DR-06-68,Double
kotak_abu,KARAWANG,LCB-B-B12,DR-07-08,Double
kotak_abu,KARAWANG,LCB-B-B12,DR-07-18,Double
kotak_abu,KARAWANG,LCB-B-B12,DR-07-28,Double
kotak_abu,KARAWANG,LCB-B-B12,DR-07-38,Double
kotak_abu,KARAWANG,LCB-B-B12,DR-07-68,Double
kotak_abu,KARAWANG,LCB-B-B12,DR-08-08,Double
kotak_abu,KARAWANG,LCB-B-B12,DR-08-18,Double
kotak_abu,KARAWANG,LCB-B-B12,DR-08-28,Double
kotak_abu,KARAWANG,LCB-B-B12,DR-08-38,Double
kotak_abu,KARAWANG,LCB-B-B12,DR-08-68,Double
kotak_abu,KARAWANG,LCB-B-B12,DR-09-08,Double
kotak_abu,KARAWANG,LCB-B-B12,DR-09-18,Double
kotak_abu,KARAWANG,LCB-B-B12,DR-09-28,Double
kotak_abu,KARAWANG,LCB-B-B12,DR-09-38,Double
kotak_abu,KARAWANG,LCB-B-B12,DR-09-68,Double
kotak_abu,KARAWANG,LCB-B-B12,DR-3A-08,Double
kotak_abu,KARAWANG,LCB-B-B12,DR-3A-18,Double
kotak_abu,KARAWANG,LCB-B-B12,DR-3A-28,Double
kotak_abu,KARAWANG,LCB-B-B12,DR-3A-38,Double
kotak_abu,KARAWANG,LCB-B-B12,DR-3A-68,Double
kotak_abu,KARAWANG,LCB-B-B13,DL-01-08,Double
kotak_abu,KARAWANG,LCB-B-B13,DL-01-18,Double
kotak_abu,KARAWANG,LCB-B-B13,DL-01-28,Double
kotak_abu,KARAWANG,LCB-B-B13,DL-01-38,Double
kotak_abu,KARAWANG,LCB-B-B13,DL-01-68,Double
kotak_abu,KARAWANG,LCB-B-B13,DL-02-08,Double
kotak_abu,KARAWANG,LCB-B-B13,DL-02-18,Double
kotak_abu,KARAWANG,LCB-B-B13,DL-02-28,Double
kotak_abu,KARAWANG,LCB-B-B13,DL-02-38,Double
kotak_abu,KARAWANG,LCB-B-B13,DL-02-68,Double
kotak_abu,KARAWANG,LCB-B-B13,DL-03-08,Double
kotak_abu,KARAWANG,LCB-B-B13,DL-03-18,Double
kotak_abu,KARAWANG,LCB-B-B13,DL-03-28,Double
kotak_abu,KARAWANG,LCB-B-B13,DL-03-38,Double
kotak_abu,KARAWANG,LCB-B-B13,DL-03-68,Double
kotak_abu,KARAWANG,LCB-B-B13,DL-05-08,Double
kotak_abu,KARAWANG,LCB-B-B13,DL-05-18,Double
kotak_abu,KARAWANG,LCB-B-B13,DL-05-28,Double
kotak_abu,KARAWANG,LCB-B-B13,DL-05-38,Double
kotak_abu,KARAWANG,LCB-B-B13,DL-05-68,Double
kotak_abu,KARAWANG,LCB-B-B13,DL-06-08,Double
kotak_abu,KARAWANG,LCB-B-B13,DL-06-18,Double
kotak_abu,KARAWANG,LCB-B-B13,DL-06-28,Double
kotak_abu,KARAWANG,LCB-B-B13,DL-06-38,Double
kotak_abu,KARAWANG,LCB-B-B13,DL-06-68,Double
kotak_abu,KARAWANG,LCB-B-B13,DL-07-08,Double
kotak_abu,KARAWANG,LCB-B-B13,DL-07-18,Double
kotak_abu,KARAWANG,LCB-B-B13,DL-07-28,Double
kotak_abu,KARAWANG,LCB-B-B13,DL-07-38,Double
kotak_abu,KARAWANG,LCB-B-B13,DL-07-68,Double
kotak_abu,KARAWANG,LCB-B-B13,DL-08-08,Double
kotak_abu,KARAWANG,LCB-B-B13,DL-08-18,Double
kotak_abu,KARAWANG,LCB-B-B13,DL-08-28,Double
kotak_abu,KARAWANG,LCB-B-B13,DL-08-38,Double
kotak_abu,KARAWANG,LCB-B-B13,DL-08-68,Double
kotak_abu,KARAWANG,LCB-B-B13,DL-09-08,Double
kotak_abu,KARAWANG,LCB-B-B13,DL-09-18,Double
kotak_abu,KARAWANG,LCB-B-B13,DL-09-28,Double
kotak_abu,KARAWANG,LCB-B-B13,DL-09-38,Double
kotak_abu,KARAWANG,LCB-B-B13,DL-09-68,Double
kotak_abu,KARAWANG,LCB-B-B13,DL-3A-08,Double
kotak_abu,KARAWANG,LCB-B-B13,DL-3A-18,Double
kotak_abu,KARAWANG,LCB-B-B13,DL-3A-28,Double
kotak_abu,KARAWANG,LCB-B-B13,DL-3A-38,Double
kotak_abu,KARAWANG,LCB-B-B13,DL-3A-68,Double
kotak_abu,KARAWANG,LCB-B-B13A,DB-01-08,Double
kotak_abu,KARAWANG,LCB-B-B13A,DB-01-108,Double
kotak_abu,KARAWANG,LCB-B-B13A,DB-01-118,Double
kotak_abu,KARAWANG,LCB-B-B13A,DB-01-128,Double
kotak_abu,KARAWANG,LCB-B-B13A,DB-01-138,Double
kotak_abu,KARAWANG,LCB-B-B13A,DB-01-18,Double
kotak_abu,KARAWANG,LCB-B-B13A,DB-01-28,Double
kotak_abu,KARAWANG,LCB-B-B13A,DB-01-38,Double
kotak_abu,KARAWANG,LCB-B-B13A,DB-01-68,Double
kotak_abu,KARAWANG,LCB-B-B13A,DB-01-88,Double
kotak_abu,KARAWANG,LCB-B-B13A,DB-01-98,Double
kotak_abu,KARAWANG,LCB-B-B13A,DB-02-08,Double
kotak_abu,KARAWANG,LCB-B-B13A,DB-02-108,Double
kotak_abu,KARAWANG,LCB-B-B13A,DB-02-118,Double
kotak_abu,KARAWANG,LCB-B-B13A,DB-02-128,Double
kotak_abu,KARAWANG,LCB-B-B13A,DB-02-138,Double
kotak_abu,KARAWANG,LCB-B-B13A,DB-02-18,Double
kotak_abu,KARAWANG,LCB-B-B13A,DB-02-28,Double
kotak_abu,KARAWANG,LCB-B-B13A,DB-02-38,Double
kotak_abu,KARAWANG,LCB-B-B13A,DB-02-68,Double
kotak_abu,KARAWANG,LCB-B-B13A,DB-02-88,Double
kotak_abu,KARAWANG,LCB-B-B13A,DB-02-98,Double
kotak_abu,KARAWANG,LCB-B-B13A,DB-03-08,Double
kotak_abu,KARAWANG,LCB-B-B13A,DB-03-108,Double
kotak_abu,KARAWANG,LCB-B-B13A,DB-03-118,Double
kotak_abu,KARAWANG,LCB-B-B13A,DB-03-128,Double
kotak_abu,KARAWANG,LCB-B-B13A,DB-03-138,Double
kotak_abu,KARAWANG,LCB-B-B13A,DB-03-18,Double
kotak_abu,KARAWANG,LCB-B-B13A,DB-03-28,Double
kotak_abu,KARAWANG,LCB-B-B13A,DB-03-38,Double
kotak_abu,KARAWANG,LCB-B-B13A,DB-03-68,Double
kotak_abu,KARAWANG,LCB-B-B13A,DB-03-88,Double
kotak_abu,KARAWANG,LCB-B-B13A,DB-03-98,Double
kotak_abu,KARAWANG,LCB-B-B13A,DB-05-08,Double
kotak_abu,KARAWANG,LCB-B-B13A,DB-05-108,Double
kotak_abu,KARAWANG,LCB-B-B13A,DB-05-118,Double
kotak_abu,KARAWANG,LCB-B-B13A,DB-05-128,Double
kotak_abu,KARAWANG,LCB-B-B13A,DB-05-138,Double
kotak_abu,KARAWANG,LCB-B-B13A,DB-05-18,Double
kotak_abu,KARAWANG,LCB-B-B13A,DB-05-28,Double
kotak_abu,KARAWANG,LCB-B-B13A,DB-05-38,Double
kotak_abu,KARAWANG,LCB-B-B13A,DB-05-68,Double
kotak_abu,KARAWANG,LCB-B-B13A,DB-05-88,Double
kotak_abu,KARAWANG,LCB-B-B13A,DB-05-98,Double
kotak_abu,KARAWANG,LCB-B-B13A,DB-06-08,Double
kotak_abu,KARAWANG,LCB-B-B13A,DB-06-108,Double
kotak_abu,KARAWANG,LCB-B-B13A,DB-06-118,Double
kotak_abu,KARAWANG,LCB-B-B13A,DB-06-128,Double
kotak_abu,KARAWANG,LCB-B-B13A,DB-06-138,Double
kotak_abu,KARAWANG,LCB-B-B13A,DB-06-18,Double
kotak_abu,KARAWANG,LCB-B-B13A,DB-06-28,Double
kotak_abu,KARAWANG,LCB-B-B13A,DB-06-38,Double
kotak_abu,KARAWANG,LCB-B-B13A,DB-06-68,Double
kotak_abu,KARAWANG,LCB-B-B13A,DB-06-88,Double
kotak_abu,KARAWANG,LCB-B-B13A,DB-06-98,Double
kotak_abu,KARAWANG,LCB-B-B13A,DB-07-08,Double
kotak_abu,KARAWANG,LCB-B-B13A,DB-07-108,Double
kotak_abu,KARAWANG,LCB-B-B13A,DB-07-118,Double
kotak_abu,KARAWANG,LCB-B-B13A,DB-07-128,Double
kotak_abu,KARAWANG,LCB-B-B13A,DB-07-138,Double
kotak_abu,KARAWANG,LCB-B-B13A,DB-07-18,Double
kotak_abu,KARAWANG,LCB-B-B13A,DB-07-28,Double
kotak_abu,KARAWANG,LCB-B-B13A,DB-07-38,Double
kotak_abu,KARAWANG,LCB-B-B13A,DB-07-68,Double
kotak_abu,KARAWANG,LCB-B-B13A,DB-07-88,Double
kotak_abu,KARAWANG,LCB-B-B13A,DB-07-98,Double
kotak_abu,KARAWANG,LCB-B-B13A,DB-08-08,Double
kotak_abu,KARAWANG,LCB-B-B13A,DB-08-108,Double
kotak_abu,KARAWANG,LCB-B-B13A,DB-08-118,Double
kotak_abu,KARAWANG,LCB-B-B13A,DB-08-128,Double
kotak_abu,KARAWANG,LCB-B-B13A,DB-08-138,Double
kotak_abu,KARAWANG,LCB-B-B13A,DB-08-18,Double
kotak_abu,KARAWANG,LCB-B-B13A,DB-08-28,Double
kotak_abu,KARAWANG,LCB-B-B13A,DB-08-38,Double
kotak_abu,KARAWANG,LCB-B-B13A,DB-08-68,Double
kotak_abu,KARAWANG,LCB-B-B13A,DB-08-88,Double
kotak_abu,KARAWANG,LCB-B-B13A,DB-08-98,Double
kotak_abu,KARAWANG,LCB-B-B13A,DB-09-08,Double
kotak_abu,KARAWANG,LCB-B-B13A,DB-09-108,Double
kotak_abu,KARAWANG,LCB-B-B13A,DB-09-118,Double
kotak_abu,KARAWANG,LCB-B-B13A,DB-09-128,Double
kotak_abu,KARAWANG,LCB-B-B13A,DB-09-138,Double
kotak_abu,KARAWANG,LCB-B-B13A,DB-09-18,Double
kotak_abu,KARAWANG,LCB-B-B13A,DB-09-28,Double
kotak_abu,KARAWANG,LCB-B-B13A,DB-09-38,Double
kotak_abu,KARAWANG,LCB-B-B13A,DB-09-68,Double
kotak_abu,KARAWANG,LCB-B-B13A,DB-09-88,Double
kotak_abu,KARAWANG,LCB-B-B13A,DB-09-98,Double
kotak_abu,KARAWANG,LCB-B-B13A,DB-3A-08,Double
kotak_abu,KARAWANG,LCB-B-B13A,DB-3A-108,Double
kotak_abu,KARAWANG,LCB-B-B13A,DB-3A-118,Double
kotak_abu,KARAWANG,LCB-B-B13A,DB-3A-128,Double
kotak_abu,KARAWANG,LCB-B-B13A,DB-3A-138,Double
kotak_abu,KARAWANG,LCB-B-B13A,DB-3A-18,Double
kotak_abu,KARAWANG,LCB-B-B13A,DB-3A-28,Double
kotak_abu,KARAWANG,LCB-B-B13A,DB-3A-38,Double
kotak_abu,KARAWANG,LCB-B-B13A,DB-3A-68,Double
kotak_abu,KARAWANG,LCB-B-B13A,DB-3A-88,Double
kotak_abu,KARAWANG,LCB-B-B13A,DB-3A-98,Double
kotak_abu,KARAWANG,LCB-B-B15,DR-01-08,Double
kotak_abu,KARAWANG,LCB-B-B15,DR-01-18,Double
kotak_abu,KARAWANG,LCB-B-B15,DR-01-28,Double
kotak_abu,KARAWANG,LCB-B-B15,DR-01-38,Double
kotak_abu,KARAWANG,LCB-B-B15,DR-01-68,Double
kotak_abu,KARAWANG,LCB-B-B15,DR-02-08,Double
kotak_abu,KARAWANG,LCB-B-B15,DR-02-18,Double
kotak_abu,KARAWANG,LCB-B-B15,DR-02-28,Double
kotak_abu,KARAWANG,LCB-B-B15,DR-02-38,Double
kotak_abu,KARAWANG,LCB-B-B15,DR-02-68,Double
kotak_abu,KARAWANG,LCB-B-B15,DR-03-08,Double
kotak_abu,KARAWANG,LCB-B-B15,DR-03-18,Double
kotak_abu,KARAWANG,LCB-B-B15,DR-03-28,Double
kotak_abu,KARAWANG,LCB-B-B15,DR-03-38,Double
kotak_abu,KARAWANG,LCB-B-B15,DR-03-68,Double
kotak_abu,KARAWANG,LCB-B-B15,DR-05-08,Double
kotak_abu,KARAWANG,LCB-B-B15,DR-05-18,Double
kotak_abu,KARAWANG,LCB-B-B15,DR-05-28,Double
kotak_abu,KARAWANG,LCB-B-B15,DR-05-38,Double
kotak_abu,KARAWANG,LCB-B-B15,DR-05-68,Double
kotak_abu,KARAWANG,LCB-B-B15,DR-06-08,Double
kotak_abu,KARAWANG,LCB-B-B15,DR-06-18,Double
kotak_abu,KARAWANG,LCB-B-B15,DR-06-28,Double
kotak_abu,KARAWANG,LCB-B-B15,DR-06-38,Double
kotak_abu,KARAWANG,LCB-B-B15,DR-06-68,Double
kotak_abu,KARAWANG,LCB-B-B15,DR-07-08,Double
kotak_abu,KARAWANG,LCB-B-B15,DR-07-18,Double
kotak_abu,KARAWANG,LCB-B-B15,DR-07-28,Double
kotak_abu,KARAWANG,LCB-B-B15,DR-07-38,Double
kotak_abu,KARAWANG,LCB-B-B15,DR-07-68,Double
kotak_abu,KARAWANG,LCB-B-B15,DR-08-08,Double
kotak_abu,KARAWANG,LCB-B-B15,DR-08-18,Double
kotak_abu,KARAWANG,LCB-B-B15,DR-08-28,Double
kotak_abu,KARAWANG,LCB-B-B15,DR-08-38,Double
kotak_abu,KARAWANG,LCB-B-B15,DR-08-68,Double
kotak_abu,KARAWANG,LCB-B-B15,DR-09-08,Double
kotak_abu,KARAWANG,LCB-B-B15,DR-09-18,Double
kotak_abu,KARAWANG,LCB-B-B15,DR-09-28,Double
kotak_abu,KARAWANG,LCB-B-B15,DR-09-38,Double
kotak_abu,KARAWANG,LCB-B-B15,DR-09-68,Double
kotak_abu,KARAWANG,LCB-B-B15,DR-3A-08,Double
kotak_abu,KARAWANG,LCB-B-B15,DR-3A-18,Double
kotak_abu,KARAWANG,LCB-B-B15,DR-3A-28,Double
kotak_abu,KARAWANG,LCB-B-B15,DR-3A-38,Double
kotak_abu,KARAWANG,LCB-B-B15,DR-3A-68,Double
kotak_abu,KARAWANG,LCB-B-B16,DL-01-08,Double
kotak_abu,KARAWANG,LCB-B-B16,DL-01-18,Double
kotak_abu,KARAWANG,LCB-B-B16,DL-01-28,Double
kotak_abu,KARAWANG,LCB-B-B16,DL-01-38,Double
kotak_abu,KARAWANG,LCB-B-B16,DL-01-68,Double
kotak_abu,KARAWANG,LCB-B-B16,DL-02-08,Double
kotak_abu,KARAWANG,LCB-B-B16,DL-02-18,Double
kotak_abu,KARAWANG,LCB-B-B16,DL-02-28,Double
kotak_abu,KARAWANG,LCB-B-B16,DL-02-38,Double
kotak_abu,KARAWANG,LCB-B-B16,DL-02-68,Double
kotak_abu,KARAWANG,LCB-B-B16,DL-03-08,Double
kotak_abu,KARAWANG,LCB-B-B16,DL-03-18,Double
kotak_abu,KARAWANG,LCB-B-B16,DL-03-28,Double
kotak_abu,KARAWANG,LCB-B-B16,DL-03-38,Double
kotak_abu,KARAWANG,LCB-B-B16,DL-03-68,Double
kotak_abu,KARAWANG,LCB-B-B16,DL-05-08,Double
kotak_abu,KARAWANG,LCB-B-B16,DL-05-18,Double
kotak_abu,KARAWANG,LCB-B-B16,DL-05-28,Double
kotak_abu,KARAWANG,LCB-B-B16,DL-05-38,Double
kotak_abu,KARAWANG,LCB-B-B16,DL-05-68,Double
kotak_abu,KARAWANG,LCB-B-B16,DL-06-08,Double
kotak_abu,KARAWANG,LCB-B-B16,DL-06-18,Double
kotak_abu,KARAWANG,LCB-B-B16,DL-06-28,Double
kotak_abu,KARAWANG,LCB-B-B16,DL-06-38,Double
kotak_abu,KARAWANG,LCB-B-B16,DL-06-68,Double
kotak_abu,KARAWANG,LCB-B-B16,DL-07-08,Double
kotak_abu,KARAWANG,LCB-B-B16,DL-07-18,Double
kotak_abu,KARAWANG,LCB-B-B16,DL-07-28,Double
kotak_abu,KARAWANG,LCB-B-B16,DL-07-38,Double
kotak_abu,KARAWANG,LCB-B-B16,DL-07-68,Double
kotak_abu,KARAWANG,LCB-B-B16,DL-08-08,Double
kotak_abu,KARAWANG,LCB-B-B16,DL-08-18,Double
kotak_abu,KARAWANG,LCB-B-B16,DL-08-28,Double
kotak_abu,KARAWANG,LCB-B-B16,DL-08-38,Double
kotak_abu,KARAWANG,LCB-B-B16,DL-08-68,Double
kotak_abu,KARAWANG,LCB-B-B16,DL-09-08,Double
kotak_abu,KARAWANG,LCB-B-B16,DL-09-18,Double
kotak_abu,KARAWANG,LCB-B-B16,DL-09-28,Double
kotak_abu,KARAWANG,LCB-B-B16,DL-09-38,Double
kotak_abu,KARAWANG,LCB-B-B16,DL-09-68,Double
kotak_abu,KARAWANG,LCB-B-B16,DL-3A-08,Double
kotak_abu,KARAWANG,LCB-B-B16,DL-3A-18,Double
kotak_abu,KARAWANG,LCB-B-B16,DL-3A-28,Double
kotak_abu,KARAWANG,LCB-B-B16,DL-3A-38,Double
kotak_abu,KARAWANG,LCB-B-B16,DL-3A-68,Double
kotak_abu,KARAWANG,LCB-B-B17,DB-01-08,Double
kotak_abu,KARAWANG,LCB-B-B17,DB-01-108,Double
kotak_abu,KARAWANG,LCB-B-B17,DB-01-118,Double
kotak_abu,KARAWANG,LCB-B-B17,DB-01-128,Double
kotak_abu,KARAWANG,LCB-B-B17,DB-01-138,Double
kotak_abu,KARAWANG,LCB-B-B17,DB-01-18,Double
kotak_abu,KARAWANG,LCB-B-B17,DB-01-28,Double
kotak_abu,KARAWANG,LCB-B-B17,DB-01-38,Double
kotak_abu,KARAWANG,LCB-B-B17,DB-01-68,Double
kotak_abu,KARAWANG,LCB-B-B17,DB-01-88,Double
kotak_abu,KARAWANG,LCB-B-B17,DB-01-98,Double
kotak_abu,KARAWANG,LCB-B-B17,DB-02-08,Double
kotak_abu,KARAWANG,LCB-B-B17,DB-02-108,Double
kotak_abu,KARAWANG,LCB-B-B17,DB-02-118,Double
kotak_abu,KARAWANG,LCB-B-B17,DB-02-128,Double
kotak_abu,KARAWANG,LCB-B-B17,DB-02-138,Double
kotak_abu,KARAWANG,LCB-B-B17,DB-02-18,Double
kotak_abu,KARAWANG,LCB-B-B17,DB-02-28,Double
kotak_abu,KARAWANG,LCB-B-B17,DB-02-38,Double
kotak_abu,KARAWANG,LCB-B-B17,DB-02-68,Double
kotak_abu,KARAWANG,LCB-B-B17,DB-02-88,Double
kotak_abu,KARAWANG,LCB-B-B17,DB-02-98,Double
kotak_abu,KARAWANG,LCB-B-B17,DB-03-08,Double
kotak_abu,KARAWANG,LCB-B-B17,DB-03-108,Double
kotak_abu,KARAWANG,LCB-B-B17,DB-03-118,Double
kotak_abu,KARAWANG,LCB-B-B17,DB-03-128,Double
kotak_abu,KARAWANG,LCB-B-B17,DB-03-138,Double
kotak_abu,KARAWANG,LCB-B-B17,DB-03-18,Double
kotak_abu,KARAWANG,LCB-B-B17,DB-03-28,Double
kotak_abu,KARAWANG,LCB-B-B17,DB-03-38,Double
kotak_abu,KARAWANG,LCB-B-B17,DB-03-68,Double
kotak_abu,KARAWANG,LCB-B-B17,DB-03-88,Double
kotak_abu,KARAWANG,LCB-B-B17,DB-03-98,Double
kotak_abu,KARAWANG,LCB-B-B17,DB-05-08,Double
kotak_abu,KARAWANG,LCB-B-B17,DB-05-108,Double
kotak_abu,KARAWANG,LCB-B-B17,DB-05-118,Double
kotak_abu,KARAWANG,LCB-B-B17,DB-05-128,Double
kotak_abu,KARAWANG,LCB-B-B17,DB-05-138,Double
kotak_abu,KARAWANG,LCB-B-B17,DB-05-18,Double
kotak_abu,KARAWANG,LCB-B-B17,DB-05-28,Double
kotak_abu,KARAWANG,LCB-B-B17,DB-05-38,Double
kotak_abu,KARAWANG,LCB-B-B17,DB-05-68,Double
kotak_abu,KARAWANG,LCB-B-B17,DB-05-88,Double
kotak_abu,KARAWANG,LCB-B-B17,DB-05-98,Double
kotak_abu,KARAWANG,LCB-B-B17,DB-06-08,Double
kotak_abu,KARAWANG,LCB-B-B17,DB-06-108,Double
kotak_abu,KARAWANG,LCB-B-B17,DB-06-118,Double
kotak_abu,KARAWANG,LCB-B-B17,DB-06-128,Double
kotak_abu,KARAWANG,LCB-B-B17,DB-06-138,Double
kotak_abu,KARAWANG,LCB-B-B17,DB-06-18,Double
kotak_abu,KARAWANG,LCB-B-B17,DB-06-28,Double
kotak_abu,KARAWANG,LCB-B-B17,DB-06-38,Double
kotak_abu,KARAWANG,LCB-B-B17,DB-06-68,Double
kotak_abu,KARAWANG,LCB-B-B17,DB-06-88,Double
kotak_abu,KARAWANG,LCB-B-B17,DB-06-98,Double
kotak_abu,KARAWANG,LCB-B-B17,DB-07-08,Double
kotak_abu,KARAWANG,LCB-B-B17,DB-07-108,Double
kotak_abu,KARAWANG,LCB-B-B17,DB-07-118,Double
kotak_abu,KARAWANG,LCB-B-B17,DB-07-128,Double
kotak_abu,KARAWANG,LCB-B-B17,DB-07-138,Double
kotak_abu,KARAWANG,LCB-B-B17,DB-07-18,Double
kotak_abu,KARAWANG,LCB-B-B17,DB-07-28,Double
kotak_abu,KARAWANG,LCB-B-B17,DB-07-38,Double
kotak_abu,KARAWANG,LCB-B-B17,DB-07-68,Double
kotak_abu,KARAWANG,LCB-B-B17,DB-07-88,Double
kotak_abu,KARAWANG,LCB-B-B17,DB-07-98,Double
kotak_abu,KARAWANG,LCB-B-B17,DB-08-08,Double
kotak_abu,KARAWANG,LCB-B-B17,DB-08-108,Double
kotak_abu,KARAWANG,LCB-B-B17,DB-08-118,Double
kotak_abu,KARAWANG,LCB-B-B17,DB-08-128,Double
kotak_abu,KARAWANG,LCB-B-B17,DB-08-138,Double
kotak_abu,KARAWANG,LCB-B-B17,DB-08-18,Double
kotak_abu,KARAWANG,LCB-B-B17,DB-08-28,Double
kotak_abu,KARAWANG,LCB-B-B17,DB-08-38,Double
kotak_abu,KARAWANG,LCB-B-B17,DB-08-68,Double
kotak_abu,KARAWANG,LCB-B-B17,DB-08-88,Double
kotak_abu,KARAWANG,LCB-B-B17,DB-08-98,Double
kotak_abu,KARAWANG,LCB-B-B17,DB-09-08,Double
kotak_abu,KARAWANG,LCB-B-B17,DB-09-108,Double
kotak_abu,KARAWANG,LCB-B-B17,DB-09-118,Double
kotak_abu,KARAWANG,LCB-B-B17,DB-09-128,Double
kotak_abu,KARAWANG,LCB-B-B17,DB-09-138,Double
kotak_abu,KARAWANG,LCB-B-B17,DB-09-18,Double
kotak_abu,KARAWANG,LCB-B-B17,DB-09-28,Double
kotak_abu,KARAWANG,LCB-B-B17,DB-09-38,Double
kotak_abu,KARAWANG,LCB-B-B17,DB-09-68,Double
kotak_abu,KARAWANG,LCB-B-B17,DB-09-88,Double
kotak_abu,KARAWANG,LCB-B-B17,DB-09-98,Double
kotak_abu,KARAWANG,LCB-B-B17,DB-3A-08,Double
kotak_abu,KARAWANG,LCB-B-B17,DB-3A-108,Double
kotak_abu,KARAWANG,LCB-B-B17,DB-3A-118,Double
kotak_abu,KARAWANG,LCB-B-B17,DB-3A-128,Double
kotak_abu,KARAWANG,LCB-B-B17,DB-3A-138,Double
kotak_abu,KARAWANG,LCB-B-B17,DB-3A-18,Double
kotak_abu,KARAWANG,LCB-B-B17,DB-3A-28,Double
kotak_abu,KARAWANG,LCB-B-B17,DB-3A-38,Double
kotak_abu,KARAWANG,LCB-B-B17,DB-3A-68,Double
kotak_abu,KARAWANG,LCB-B-B17,DB-3A-88,Double
kotak_abu,KARAWANG,LCB-B-B17,DB-3A-98,Double
kotak_abu,KARAWANG,LCB-B-B18,DR-01-08,Double
kotak_abu,KARAWANG,LCB-B-B18,DR-01-18,Double
kotak_abu,KARAWANG,LCB-B-B18,DR-01-28,Double
kotak_abu,KARAWANG,LCB-B-B18,DR-01-38,Double
kotak_abu,KARAWANG,LCB-B-B18,DR-01-68,Double
kotak_abu,KARAWANG,LCB-B-B18,DR-02-08,Double
kotak_abu,KARAWANG,LCB-B-B18,DR-02-18,Double
kotak_abu,KARAWANG,LCB-B-B18,DR-02-28,Double
kotak_abu,KARAWANG,LCB-B-B18,DR-02-38,Double
kotak_abu,KARAWANG,LCB-B-B18,DR-02-68,Double
kotak_abu,KARAWANG,LCB-B-B18,DR-03-08,Double
kotak_abu,KARAWANG,LCB-B-B18,DR-03-18,Double
kotak_abu,KARAWANG,LCB-B-B18,DR-03-28,Double
kotak_abu,KARAWANG,LCB-B-B18,DR-03-38,Double
kotak_abu,KARAWANG,LCB-B-B18,DR-03-68,Double
kotak_abu,KARAWANG,LCB-B-B18,DR-05-08,Double
kotak_abu,KARAWANG,LCB-B-B18,DR-05-18,Double
kotak_abu,KARAWANG,LCB-B-B18,DR-05-28,Double
kotak_abu,KARAWANG,LCB-B-B18,DR-05-38,Double
kotak_abu,KARAWANG,LCB-B-B18,DR-05-68,Double
kotak_abu,KARAWANG,LCB-B-B18,DR-06-08,Double
kotak_abu,KARAWANG,LCB-B-B18,DR-06-18,Double
kotak_abu,KARAWANG,LCB-B-B18,DR-06-28,Double
kotak_abu,KARAWANG,LCB-B-B18,DR-06-38,Double
kotak_abu,KARAWANG,LCB-B-B18,DR-06-68,Double
kotak_abu,KARAWANG,LCB-B-B18,DR-07-08,Double
kotak_abu,KARAWANG,LCB-B-B18,DR-07-18,Double
kotak_abu,KARAWANG,LCB-B-B18,DR-07-28,Double
kotak_abu,KARAWANG,LCB-B-B18,DR-07-38,Double
kotak_abu,KARAWANG,LCB-B-B18,DR-07-68,Double
kotak_abu,KARAWANG,LCB-B-B18,DR-08-08,Double
kotak_abu,KARAWANG,LCB-B-B18,DR-08-18,Double
kotak_abu,KARAWANG,LCB-B-B18,DR-08-28,Double
kotak_abu,KARAWANG,LCB-B-B18,DR-08-38,Double
kotak_abu,KARAWANG,LCB-B-B18,DR-08-68,Double
kotak_abu,KARAWANG,LCB-B-B18,DR-09-08,Double
kotak_abu,KARAWANG,LCB-B-B18,DR-09-18,Double
kotak_abu,KARAWANG,LCB-B-B18,DR-09-28,Double
kotak_abu,KARAWANG,LCB-B-B18,DR-09-38,Double
kotak_abu,KARAWANG,LCB-B-B18,DR-09-68,Double
kotak_abu,KARAWANG,LCB-B-B18,DR-3A-08,Double
kotak_abu,KARAWANG,LCB-B-B18,DR-3A-18,Double
kotak_abu,KARAWANG,LCB-B-B18,DR-3A-28,Double
kotak_abu,KARAWANG,LCB-B-B18,DR-3A-38,Double
kotak_abu,KARAWANG,LCB-B-B18,DR-3A-68,Double
kotak_abu,KARAWANG,LCB-B-B2,DB-01-08,Double
kotak_abu,KARAWANG,LCB-B-B2,DB-01-108,Double
kotak_abu,KARAWANG,LCB-B-B2,DB-01-118,Double
kotak_abu,KARAWANG,LCB-B-B2,DB-01-128,Double
kotak_abu,KARAWANG,LCB-B-B2,DB-01-138,Double
kotak_abu,KARAWANG,LCB-B-B2,DB-01-18,Double
kotak_abu,KARAWANG,LCB-B-B2,DB-01-28,Double
kotak_abu,KARAWANG,LCB-B-B2,DB-01-38,Double
kotak_abu,KARAWANG,LCB-B-B2,DB-01-68,Double
kotak_abu,KARAWANG,LCB-B-B2,DB-01-88,Double
kotak_abu,KARAWANG,LCB-B-B2,DB-01-98,Double
kotak_abu,KARAWANG,LCB-B-B2,DB-02-08,Double
kotak_abu,KARAWANG,LCB-B-B2,DB-02-108,Double
kotak_abu,KARAWANG,LCB-B-B2,DB-02-118,Double
kotak_abu,KARAWANG,LCB-B-B2,DB-02-128,Double
kotak_abu,KARAWANG,LCB-B-B2,DB-02-138,Double
kotak_abu,KARAWANG,LCB-B-B2,DB-02-18,Double
kotak_abu,KARAWANG,LCB-B-B2,DB-02-28,Double
kotak_abu,KARAWANG,LCB-B-B2,DB-02-38,Double
kotak_abu,KARAWANG,LCB-B-B2,DB-02-68,Double
kotak_abu,KARAWANG,LCB-B-B2,DB-02-88,Double
kotak_abu,KARAWANG,LCB-B-B2,DB-02-98,Double
kotak_abu,KARAWANG,LCB-B-B2,DB-03-08,Double
kotak_abu,KARAWANG,LCB-B-B2,DB-03-108,Double
kotak_abu,KARAWANG,LCB-B-B2,DB-03-118,Double
kotak_abu,KARAWANG,LCB-B-B2,DB-03-128,Double
kotak_abu,KARAWANG,LCB-B-B2,DB-03-138,Double
kotak_abu,KARAWANG,LCB-B-B2,DB-03-18,Double
kotak_abu,KARAWANG,LCB-B-B2,DB-03-28,Double
kotak_abu,KARAWANG,LCB-B-B2,DB-03-38,Double
kotak_abu,KARAWANG,LCB-B-B2,DB-03-68,Double
kotak_abu,KARAWANG,LCB-B-B2,DB-03-88,Double
kotak_abu,KARAWANG,LCB-B-B2,DB-03-98,Double
kotak_abu,KARAWANG,LCB-B-B2,DB-05-08,Double
kotak_abu,KARAWANG,LCB-B-B2,DB-05-108,Double
kotak_abu,KARAWANG,LCB-B-B2,DB-05-118,Double
kotak_abu,KARAWANG,LCB-B-B2,DB-05-128,Double
kotak_abu,KARAWANG,LCB-B-B2,DB-05-138,Double
kotak_abu,KARAWANG,LCB-B-B2,DB-05-18,Double
kotak_abu,KARAWANG,LCB-B-B2,DB-05-28,Double
kotak_abu,KARAWANG,LCB-B-B2,DB-05-38,Double
kotak_abu,KARAWANG,LCB-B-B2,DB-05-68,Double
kotak_abu,KARAWANG,LCB-B-B2,DB-05-88,Double
kotak_abu,KARAWANG,LCB-B-B2,DB-05-98,Double
kotak_abu,KARAWANG,LCB-B-B2,DB-06-08,Double
kotak_abu,KARAWANG,LCB-B-B2,DB-06-108,Double
kotak_abu,KARAWANG,LCB-B-B2,DB-06-118,Double
kotak_abu,KARAWANG,LCB-B-B2,DB-06-128,Double
kotak_abu,KARAWANG,LCB-B-B2,DB-06-138,Double
kotak_abu,KARAWANG,LCB-B-B2,DB-06-18,Double
kotak_abu,KARAWANG,LCB-B-B2,DB-06-28,Double
kotak_abu,KARAWANG,LCB-B-B2,DB-06-38,Double
kotak_abu,KARAWANG,LCB-B-B2,DB-06-68,Double
kotak_abu,KARAWANG,LCB-B-B2,DB-06-88,Double
kotak_abu,KARAWANG,LCB-B-B2,DB-06-98,Double
kotak_abu,KARAWANG,LCB-B-B2,DB-07-08,Double
kotak_abu,KARAWANG,LCB-B-B2,DB-07-108,Double
kotak_abu,KARAWANG,LCB-B-B2,DB-07-118,Double
kotak_abu,KARAWANG,LCB-B-B2,DB-07-128,Double
kotak_abu,KARAWANG,LCB-B-B2,DB-07-138,Double
kotak_abu,KARAWANG,LCB-B-B2,DB-07-18,Double
kotak_abu,KARAWANG,LCB-B-B2,DB-07-28,Double
kotak_abu,KARAWANG,LCB-B-B2,DB-07-38,Double
kotak_abu,KARAWANG,LCB-B-B2,DB-07-68,Double
kotak_abu,KARAWANG,LCB-B-B2,DB-07-88,Double
kotak_abu,KARAWANG,LCB-B-B2,DB-07-98,Double
kotak_abu,KARAWANG,LCB-B-B2,DB-08-08,Double
kotak_abu,KARAWANG,LCB-B-B2,DB-08-108,Double
kotak_abu,KARAWANG,LCB-B-B2,DB-08-118,Double
kotak_abu,KARAWANG,LCB-B-B2,DB-08-128,Double
kotak_abu,KARAWANG,LCB-B-B2,DB-08-138,Double
kotak_abu,KARAWANG,LCB-B-B2,DB-08-18,Double
kotak_abu,KARAWANG,LCB-B-B2,DB-08-28,Double
kotak_abu,KARAWANG,LCB-B-B2,DB-08-38,Double
kotak_abu,KARAWANG,LCB-B-B2,DB-08-68,Double
kotak_abu,KARAWANG,LCB-B-B2,DB-08-88,Double
kotak_abu,KARAWANG,LCB-B-B2,DB-08-98,Double
kotak_abu,KARAWANG,LCB-B-B2,DB-09-08,Double
kotak_abu,KARAWANG,LCB-B-B2,DB-09-108,Double
kotak_abu,KARAWANG,LCB-B-B2,DB-09-118,Double
kotak_abu,KARAWANG,LCB-B-B2,DB-09-128,Double
kotak_abu,KARAWANG,LCB-B-B2,DB-09-138,Double
kotak_abu,KARAWANG,LCB-B-B2,DB-09-18,Double
kotak_abu,KARAWANG,LCB-B-B2,DB-09-28,Double
kotak_abu,KARAWANG,LCB-B-B2,DB-09-38,Double
kotak_abu,KARAWANG,LCB-B-B2,DB-09-68,Double
kotak_abu,KARAWANG,LCB-B-B2,DB-09-88,Double
kotak_abu,KARAWANG,LCB-B-B2,DB-09-98,Double
kotak_abu,KARAWANG,LCB-B-B2,DB-3A-08,Double
kotak_abu,KARAWANG,LCB-B-B2,DB-3A-108,Double
kotak_abu,KARAWANG,LCB-B-B2,DB-3A-118,Double
kotak_abu,KARAWANG,LCB-B-B2,DB-3A-128,Double
kotak_abu,KARAWANG,LCB-B-B2,DB-3A-138,Double
kotak_abu,KARAWANG,LCB-B-B2,DB-3A-18,Double
kotak_abu,KARAWANG,LCB-B-B2,DB-3A-28,Double
kotak_abu,KARAWANG,LCB-B-B2,DB-3A-38,Double
kotak_abu,KARAWANG,LCB-B-B2,DB-3A-68,Double
kotak_abu,KARAWANG,LCB-B-B2,DB-3A-88,Double
kotak_abu,KARAWANG,LCB-B-B2,DB-3A-98,Double
kotak_abu,KARAWANG,LCB-B-B3,DR-01-08,Double
kotak_abu,KARAWANG,LCB-B-B3,DR-01-18,Double
kotak_abu,KARAWANG,LCB-B-B3,DR-01-28,Double
kotak_abu,KARAWANG,LCB-B-B3,DR-01-38,Double
kotak_abu,KARAWANG,LCB-B-B3,DR-01-68,Double
kotak_abu,KARAWANG,LCB-B-B3,DR-02-08,Double
kotak_abu,KARAWANG,LCB-B-B3,DR-02-18,Double
kotak_abu,KARAWANG,LCB-B-B3,DR-02-28,Double
kotak_abu,KARAWANG,LCB-B-B3,DR-02-38,Double
kotak_abu,KARAWANG,LCB-B-B3,DR-02-68,Double
kotak_abu,KARAWANG,LCB-B-B3,DR-03-08,Double
kotak_abu,KARAWANG,LCB-B-B3,DR-03-18,Double
kotak_abu,KARAWANG,LCB-B-B3,DR-03-28,Double
kotak_abu,KARAWANG,LCB-B-B3,DR-03-38,Double
kotak_abu,KARAWANG,LCB-B-B3,DR-03-68,Double
kotak_abu,KARAWANG,LCB-B-B3,DR-05-08,Double
kotak_abu,KARAWANG,LCB-B-B3,DR-05-18,Double
kotak_abu,KARAWANG,LCB-B-B3,DR-05-28,Double
kotak_abu,KARAWANG,LCB-B-B3,DR-05-38,Double
kotak_abu,KARAWANG,LCB-B-B3,DR-05-68,Double
kotak_abu,KARAWANG,LCB-B-B3,DR-06-08,Double
kotak_abu,KARAWANG,LCB-B-B3,DR-06-18,Double
kotak_abu,KARAWANG,LCB-B-B3,DR-06-28,Double
kotak_abu,KARAWANG,LCB-B-B3,DR-06-38,Double
kotak_abu,KARAWANG,LCB-B-B3,DR-06-68,Double
kotak_abu,KARAWANG,LCB-B-B3,DR-07-08,Double
kotak_abu,KARAWANG,LCB-B-B3,DR-07-18,Double
kotak_abu,KARAWANG,LCB-B-B3,DR-07-28,Double
kotak_abu,KARAWANG,LCB-B-B3,DR-07-38,Double
kotak_abu,KARAWANG,LCB-B-B3,DR-07-68,Double
kotak_abu,KARAWANG,LCB-B-B3,DR-08-08,Double
kotak_abu,KARAWANG,LCB-B-B3,DR-08-18,Double
kotak_abu,KARAWANG,LCB-B-B3,DR-08-28,Double
kotak_abu,KARAWANG,LCB-B-B3,DR-08-38,Double
kotak_abu,KARAWANG,LCB-B-B3,DR-08-68,Double
kotak_abu,KARAWANG,LCB-B-B3,DR-09-08,Double
kotak_abu,KARAWANG,LCB-B-B3,DR-09-18,Double
kotak_abu,KARAWANG,LCB-B-B3,DR-09-28,Double
kotak_abu,KARAWANG,LCB-B-B3,DR-09-38,Double
kotak_abu,KARAWANG,LCB-B-B3,DR-09-68,Double
kotak_abu,KARAWANG,LCB-B-B3,DR-3A-08,Double
kotak_abu,KARAWANG,LCB-B-B3,DR-3A-18,Double
kotak_abu,KARAWANG,LCB-B-B3,DR-3A-28,Double
kotak_abu,KARAWANG,LCB-B-B3,DR-3A-38,Double
kotak_abu,KARAWANG,LCB-B-B3,DR-3A-68,Double
kotak_abu,KARAWANG,LCB-B-B3A,DL-01-08,Double
kotak_abu,KARAWANG,LCB-B-B3A,DL-01-18,Double
kotak_abu,KARAWANG,LCB-B-B3A,DL-01-28,Double
kotak_abu,KARAWANG,LCB-B-B3A,DL-01-38,Double
kotak_abu,KARAWANG,LCB-B-B3A,DL-01-68,Double
kotak_abu,KARAWANG,LCB-B-B3A,DL-02-08,Double
kotak_abu,KARAWANG,LCB-B-B3A,DL-02-18,Double
kotak_abu,KARAWANG,LCB-B-B3A,DL-02-28,Double
kotak_abu,KARAWANG,LCB-B-B3A,DL-02-38,Double
kotak_abu,KARAWANG,LCB-B-B3A,DL-02-68,Double
kotak_abu,KARAWANG,LCB-B-B3A,DL-03-08,Double
kotak_abu,KARAWANG,LCB-B-B3A,DL-03-18,Double
kotak_abu,KARAWANG,LCB-B-B3A,DL-03-28,Double
kotak_abu,KARAWANG,LCB-B-B3A,DL-03-38,Double
kotak_abu,KARAWANG,LCB-B-B3A,DL-03-68,Double
kotak_abu,KARAWANG,LCB-B-B3A,DL-05-08,Double
kotak_abu,KARAWANG,LCB-B-B3A,DL-05-18,Double
kotak_abu,KARAWANG,LCB-B-B3A,DL-05-28,Double
kotak_abu,KARAWANG,LCB-B-B3A,DL-05-38,Double
kotak_abu,KARAWANG,LCB-B-B3A,DL-05-68,Double
kotak_abu,KARAWANG,LCB-B-B3A,DL-06-08,Double
kotak_abu,KARAWANG,LCB-B-B3A,DL-06-18,Double
kotak_abu,KARAWANG,LCB-B-B3A,DL-06-28,Double
kotak_abu,KARAWANG,LCB-B-B3A,DL-06-38,Double
kotak_abu,KARAWANG,LCB-B-B3A,DL-06-68,Double
kotak_abu,KARAWANG,LCB-B-B3A,DL-07-08,Double
kotak_abu,KARAWANG,LCB-B-B3A,DL-07-18,Double
kotak_abu,KARAWANG,LCB-B-B3A,DL-07-28,Double
kotak_abu,KARAWANG,LCB-B-B3A,DL-07-38,Double
kotak_abu,KARAWANG,LCB-B-B3A,DL-07-68,Double
kotak_abu,KARAWANG,LCB-B-B3A,DL-08-08,Double
kotak_abu,KARAWANG,LCB-B-B3A,DL-08-18,Double
kotak_abu,KARAWANG,LCB-B-B3A,DL-08-28,Double
kotak_abu,KARAWANG,LCB-B-B3A,DL-08-38,Double
kotak_abu,KARAWANG,LCB-B-B3A,DL-08-68,Double
kotak_abu,KARAWANG,LCB-B-B3A,DL-09-08,Double
kotak_abu,KARAWANG,LCB-B-B3A,DL-09-18,Double
kotak_abu,KARAWANG,LCB-B-B3A,DL-09-28,Double
kotak_abu,KARAWANG,LCB-B-B3A,DL-09-38,Double
kotak_abu,KARAWANG,LCB-B-B3A,DL-09-68,Double
kotak_abu,KARAWANG,LCB-B-B3A,DL-3A-08,Double
kotak_abu,KARAWANG,LCB-B-B3A,DL-3A-18,Double
kotak_abu,KARAWANG,LCB-B-B3A,DL-3A-28,Double
kotak_abu,KARAWANG,LCB-B-B3A,DL-3A-38,Double
kotak_abu,KARAWANG,LCB-B-B3A,DL-3A-68,Double
kotak_abu,KARAWANG,LCB-B-B5,DB-01-08,Double
kotak_abu,KARAWANG,LCB-B-B5,DB-01-108,Double
kotak_abu,KARAWANG,LCB-B-B5,DB-01-118,Double
kotak_abu,KARAWANG,LCB-B-B5,DB-01-128,Double
kotak_abu,KARAWANG,LCB-B-B5,DB-01-138,Double
kotak_abu,KARAWANG,LCB-B-B5,DB-01-18,Double
kotak_abu,KARAWANG,LCB-B-B5,DB-01-28,Double
kotak_abu,KARAWANG,LCB-B-B5,DB-01-38,Double
kotak_abu,KARAWANG,LCB-B-B5,DB-01-68,Double
kotak_abu,KARAWANG,LCB-B-B5,DB-01-88,Double
kotak_abu,KARAWANG,LCB-B-B5,DB-01-98,Double
kotak_abu,KARAWANG,LCB-B-B5,DB-02-08,Double
kotak_abu,KARAWANG,LCB-B-B5,DB-02-108,Double
kotak_abu,KARAWANG,LCB-B-B5,DB-02-118,Double
kotak_abu,KARAWANG,LCB-B-B5,DB-02-128,Double
kotak_abu,KARAWANG,LCB-B-B5,DB-02-138,Double
kotak_abu,KARAWANG,LCB-B-B5,DB-02-18,Double
kotak_abu,KARAWANG,LCB-B-B5,DB-02-28,Double
kotak_abu,KARAWANG,LCB-B-B5,DB-02-38,Double
kotak_abu,KARAWANG,LCB-B-B5,DB-02-68,Double
kotak_abu,KARAWANG,LCB-B-B5,DB-02-88,Double
kotak_abu,KARAWANG,LCB-B-B5,DB-02-98,Double
kotak_abu,KARAWANG,LCB-B-B5,DB-03-08,Double
kotak_abu,KARAWANG,LCB-B-B5,DB-03-108,Double
kotak_abu,KARAWANG,LCB-B-B5,DB-03-118,Double
kotak_abu,KARAWANG,LCB-B-B5,DB-03-128,Double
kotak_abu,KARAWANG,LCB-B-B5,DB-03-138,Double
kotak_abu,KARAWANG,LCB-B-B5,DB-03-18,Double
kotak_abu,KARAWANG,LCB-B-B5,DB-03-28,Double
kotak_abu,KARAWANG,LCB-B-B5,DB-03-38,Double
kotak_abu,KARAWANG,LCB-B-B5,DB-03-68,Double
kotak_abu,KARAWANG,LCB-B-B5,DB-03-88,Double
kotak_abu,KARAWANG,LCB-B-B5,DB-03-98,Double
kotak_abu,KARAWANG,LCB-B-B5,DB-05-08,Double
kotak_abu,KARAWANG,LCB-B-B5,DB-05-108,Double
kotak_abu,KARAWANG,LCB-B-B5,DB-05-118,Double
kotak_abu,KARAWANG,LCB-B-B5,DB-05-128,Double
kotak_abu,KARAWANG,LCB-B-B5,DB-05-138,Double
kotak_abu,KARAWANG,LCB-B-B5,DB-05-18,Double
kotak_abu,KARAWANG,LCB-B-B5,DB-05-28,Double
kotak_abu,KARAWANG,LCB-B-B5,DB-05-38,Double
kotak_abu,KARAWANG,LCB-B-B5,DB-05-68,Double
kotak_abu,KARAWANG,LCB-B-B5,DB-05-88,Double
kotak_abu,KARAWANG,LCB-B-B5,DB-05-98,Double
kotak_abu,KARAWANG,LCB-B-B5,DB-06-08,Double
kotak_abu,KARAWANG,LCB-B-B5,DB-06-108,Double
kotak_abu,KARAWANG,LCB-B-B5,DB-06-118,Double
kotak_abu,KARAWANG,LCB-B-B5,DB-06-128,Double
kotak_abu,KARAWANG,LCB-B-B5,DB-06-138,Double
kotak_abu,KARAWANG,LCB-B-B5,DB-06-18,Double
kotak_abu,KARAWANG,LCB-B-B5,DB-06-28,Double
kotak_abu,KARAWANG,LCB-B-B5,DB-06-38,Double
kotak_abu,KARAWANG,LCB-B-B5,DB-06-68,Double
kotak_abu,KARAWANG,LCB-B-B5,DB-06-88,Double
kotak_abu,KARAWANG,LCB-B-B5,DB-06-98,Double
kotak_abu,KARAWANG,LCB-B-B5,DB-07-08,Double
kotak_abu,KARAWANG,LCB-B-B5,DB-07-108,Double
kotak_abu,KARAWANG,LCB-B-B5,DB-07-118,Double
kotak_abu,KARAWANG,LCB-B-B5,DB-07-128,Double
kotak_abu,KARAWANG,LCB-B-B5,DB-07-138,Double
kotak_abu,KARAWANG,LCB-B-B5,DB-07-18,Double
kotak_abu,KARAWANG,LCB-B-B5,DB-07-28,Double
kotak_abu,KARAWANG,LCB-B-B5,DB-07-38,Double
kotak_abu,KARAWANG,LCB-B-B5,DB-07-68,Double
kotak_abu,KARAWANG,LCB-B-B5,DB-07-88,Double
kotak_abu,KARAWANG,LCB-B-B5,DB-07-98,Double
kotak_abu,KARAWANG,LCB-B-B5,DB-08-08,Double
kotak_abu,KARAWANG,LCB-B-B5,DB-08-108,Double
kotak_abu,KARAWANG,LCB-B-B5,DB-08-118,Double
kotak_abu,KARAWANG,LCB-B-B5,DB-08-128,Double
kotak_abu,KARAWANG,LCB-B-B5,DB-08-138,Double
kotak_abu,KARAWANG,LCB-B-B5,DB-08-18,Double
kotak_abu,KARAWANG,LCB-B-B5,DB-08-28,Double
kotak_abu,KARAWANG,LCB-B-B5,DB-08-38,Double
kotak_abu,KARAWANG,LCB-B-B5,DB-08-68,Double
kotak_abu,KARAWANG,LCB-B-B5,DB-08-88,Double
kotak_abu,KARAWANG,LCB-B-B5,DB-08-98,Double
kotak_abu,KARAWANG,LCB-B-B5,DB-09-08,Double
kotak_abu,KARAWANG,LCB-B-B5,DB-09-108,Double
kotak_abu,KARAWANG,LCB-B-B5,DB-09-118,Double
kotak_abu,KARAWANG,LCB-B-B5,DB-09-128,Double
kotak_abu,KARAWANG,LCB-B-B5,DB-09-138,Double
kotak_abu,KARAWANG,LCB-B-B5,DB-09-18,Double
kotak_abu,KARAWANG,LCB-B-B5,DB-09-28,Double
kotak_abu,KARAWANG,LCB-B-B5,DB-09-38,Double
kotak_abu,KARAWANG,LCB-B-B5,DB-09-68,Double
kotak_abu,KARAWANG,LCB-B-B5,DB-09-88,Double
kotak_abu,KARAWANG,LCB-B-B5,DB-09-98,Double
kotak_abu,KARAWANG,LCB-B-B5,DB-3A-08,Double
kotak_abu,KARAWANG,LCB-B-B5,DB-3A-108,Double
kotak_abu,KARAWANG,LCB-B-B5,DB-3A-118,Double
kotak_abu,KARAWANG,LCB-B-B5,DB-3A-128,Double
kotak_abu,KARAWANG,LCB-B-B5,DB-3A-138,Double
kotak_abu,KARAWANG,LCB-B-B5,DB-3A-18,Double
kotak_abu,KARAWANG,LCB-B-B5,DB-3A-28,Double
kotak_abu,KARAWANG,LCB-B-B5,DB-3A-38,Double
kotak_abu,KARAWANG,LCB-B-B5,DB-3A-68,Double
kotak_abu,KARAWANG,LCB-B-B5,DB-3A-88,Double
kotak_abu,KARAWANG,LCB-B-B5,DB-3A-98,Double
kotak_abu,KARAWANG,LCB-B-B6,DR-01-08,Double
kotak_abu,KARAWANG,LCB-B-B6,DR-01-18,Double
kotak_abu,KARAWANG,LCB-B-B6,DR-01-28,Double
kotak_abu,KARAWANG,LCB-B-B6,DR-01-38,Double
kotak_abu,KARAWANG,LCB-B-B6,DR-01-68,Double
kotak_abu,KARAWANG,LCB-B-B6,DR-02-08,Double
kotak_abu,KARAWANG,LCB-B-B6,DR-02-18,Double
kotak_abu,KARAWANG,LCB-B-B6,DR-02-28,Double
kotak_abu,KARAWANG,LCB-B-B6,DR-02-38,Double
kotak_abu,KARAWANG,LCB-B-B6,DR-02-68,Double
kotak_abu,KARAWANG,LCB-B-B6,DR-03-08,Double
kotak_abu,KARAWANG,LCB-B-B6,DR-03-18,Double
kotak_abu,KARAWANG,LCB-B-B6,DR-03-28,Double
kotak_abu,KARAWANG,LCB-B-B6,DR-03-38,Double
kotak_abu,KARAWANG,LCB-B-B6,DR-03-68,Double
kotak_abu,KARAWANG,LCB-B-B6,DR-05-08,Double
kotak_abu,KARAWANG,LCB-B-B6,DR-05-18,Double
kotak_abu,KARAWANG,LCB-B-B6,DR-05-28,Double
kotak_abu,KARAWANG,LCB-B-B6,DR-05-38,Double
kotak_abu,KARAWANG,LCB-B-B6,DR-05-68,Double
kotak_abu,KARAWANG,LCB-B-B6,DR-06-08,Double
kotak_abu,KARAWANG,LCB-B-B6,DR-06-18,Double
kotak_abu,KARAWANG,LCB-B-B6,DR-06-28,Double
kotak_abu,KARAWANG,LCB-B-B6,DR-06-38,Double
kotak_abu,KARAWANG,LCB-B-B6,DR-06-68,Double
kotak_abu,KARAWANG,LCB-B-B6,DR-07-08,Double
kotak_abu,KARAWANG,LCB-B-B6,DR-07-18,Double
kotak_abu,KARAWANG,LCB-B-B6,DR-07-28,Double
kotak_abu,KARAWANG,LCB-B-B6,DR-07-38,Double
kotak_abu,KARAWANG,LCB-B-B6,DR-07-68,Double
kotak_abu,KARAWANG,LCB-B-B6,DR-08-08,Double
kotak_abu,KARAWANG,LCB-B-B6,DR-08-18,Double
kotak_abu,KARAWANG,LCB-B-B6,DR-08-28,Double
kotak_abu,KARAWANG,LCB-B-B6,DR-08-38,Double
kotak_abu,KARAWANG,LCB-B-B6,DR-08-68,Double
kotak_abu,KARAWANG,LCB-B-B6,DR-09-08,Double
kotak_abu,KARAWANG,LCB-B-B6,DR-09-18,Double
kotak_abu,KARAWANG,LCB-B-B6,DR-09-28,Double
kotak_abu,KARAWANG,LCB-B-B6,DR-09-38,Double
kotak_abu,KARAWANG,LCB-B-B6,DR-09-68,Double
kotak_abu,KARAWANG,LCB-B-B6,DR-3A-08,Double
kotak_abu,KARAWANG,LCB-B-B6,DR-3A-18,Double
kotak_abu,KARAWANG,LCB-B-B6,DR-3A-28,Double
kotak_abu,KARAWANG,LCB-B-B6,DR-3A-38,Double
kotak_abu,KARAWANG,LCB-B-B6,DR-3A-68,Double
kotak_abu,KARAWANG,LCB-B-B7,DL-01-08,Double
kotak_abu,KARAWANG,LCB-B-B7,DL-01-18,Double
kotak_abu,KARAWANG,LCB-B-B7,DL-01-28,Double
kotak_abu,KARAWANG,LCB-B-B7,DL-01-38,Double
kotak_abu,KARAWANG,LCB-B-B7,DL-01-68,Double
kotak_abu,KARAWANG,LCB-B-B7,DL-02-08,Double
kotak_abu,KARAWANG,LCB-B-B7,DL-02-18,Double
kotak_abu,KARAWANG,LCB-B-B7,DL-02-28,Double
kotak_abu,KARAWANG,LCB-B-B7,DL-02-38,Double
kotak_abu,KARAWANG,LCB-B-B7,DL-02-68,Double
kotak_abu,KARAWANG,LCB-B-B7,DL-03-08,Double
kotak_abu,KARAWANG,LCB-B-B7,DL-03-18,Double
kotak_abu,KARAWANG,LCB-B-B7,DL-03-28,Double
kotak_abu,KARAWANG,LCB-B-B7,DL-03-38,Double
kotak_abu,KARAWANG,LCB-B-B7,DL-03-68,Double
kotak_abu,KARAWANG,LCB-B-B7,DL-05-08,Double
kotak_abu,KARAWANG,LCB-B-B7,DL-05-18,Double
kotak_abu,KARAWANG,LCB-B-B7,DL-05-28,Double
kotak_abu,KARAWANG,LCB-B-B7,DL-05-38,Double
kotak_abu,KARAWANG,LCB-B-B7,DL-05-68,Double
kotak_abu,KARAWANG,LCB-B-B7,DL-06-08,Double
kotak_abu,KARAWANG,LCB-B-B7,DL-06-18,Double
kotak_abu,KARAWANG,LCB-B-B7,DL-06-28,Double
kotak_abu,KARAWANG,LCB-B-B7,DL-06-38,Double
kotak_abu,KARAWANG,LCB-B-B7,DL-06-68,Double
kotak_abu,KARAWANG,LCB-B-B7,DL-07-08,Double
kotak_abu,KARAWANG,LCB-B-B7,DL-07-18,Double
kotak_abu,KARAWANG,LCB-B-B7,DL-07-28,Double
kotak_abu,KARAWANG,LCB-B-B7,DL-07-38,Double
kotak_abu,KARAWANG,LCB-B-B7,DL-07-68,Double
kotak_abu,KARAWANG,LCB-B-B7,DL-08-08,Double
kotak_abu,KARAWANG,LCB-B-B7,DL-08-18,Double
kotak_abu,KARAWANG,LCB-B-B7,DL-08-28,Double
kotak_abu,KARAWANG,LCB-B-B7,DL-08-38,Double
kotak_abu,KARAWANG,LCB-B-B7,DL-08-68,Double
kotak_abu,KARAWANG,LCB-B-B7,DL-09-08,Double
kotak_abu,KARAWANG,LCB-B-B7,DL-09-18,Double
kotak_abu,KARAWANG,LCB-B-B7,DL-09-28,Double
kotak_abu,KARAWANG,LCB-B-B7,DL-09-38,Double
kotak_abu,KARAWANG,LCB-B-B7,DL-09-68,Double
kotak_abu,KARAWANG,LCB-B-B7,DL-3A-08,Double
kotak_abu,KARAWANG,LCB-B-B7,DL-3A-18,Double
kotak_abu,KARAWANG,LCB-B-B7,DL-3A-28,Double
kotak_abu,KARAWANG,LCB-B-B7,DL-3A-38,Double
kotak_abu,KARAWANG,LCB-B-B7,DL-3A-68,Double
kotak_abu,KARAWANG,LCB-B-B8,DB-01-08,Double
kotak_abu,KARAWANG,LCB-B-B8,DB-01-108,Double
kotak_abu,KARAWANG,LCB-B-B8,DB-01-118,Double
kotak_abu,KARAWANG,LCB-B-B8,DB-01-128,Double
kotak_abu,KARAWANG,LCB-B-B8,DB-01-138,Double
kotak_abu,KARAWANG,LCB-B-B8,DB-01-18,Double
kotak_abu,KARAWANG,LCB-B-B8,DB-01-28,Double
kotak_abu,KARAWANG,LCB-B-B8,DB-01-38,Double
kotak_abu,KARAWANG,LCB-B-B8,DB-01-68,Double
kotak_abu,KARAWANG,LCB-B-B8,DB-01-88,Double
kotak_abu,KARAWANG,LCB-B-B8,DB-01-98,Double
kotak_abu,KARAWANG,LCB-B-B8,DB-02-08,Double
kotak_abu,KARAWANG,LCB-B-B8,DB-02-108,Double
kotak_abu,KARAWANG,LCB-B-B8,DB-02-118,Double
kotak_abu,KARAWANG,LCB-B-B8,DB-02-128,Double
kotak_abu,KARAWANG,LCB-B-B8,DB-02-138,Double
kotak_abu,KARAWANG,LCB-B-B8,DB-02-18,Double
kotak_abu,KARAWANG,LCB-B-B8,DB-02-28,Double
kotak_abu,KARAWANG,LCB-B-B8,DB-02-38,Double
kotak_abu,KARAWANG,LCB-B-B8,DB-02-68,Double
kotak_abu,KARAWANG,LCB-B-B8,DB-02-88,Double
kotak_abu,KARAWANG,LCB-B-B8,DB-02-98,Double
kotak_abu,KARAWANG,LCB-B-B8,DB-03-08,Double
kotak_abu,KARAWANG,LCB-B-B8,DB-03-108,Double
kotak_abu,KARAWANG,LCB-B-B8,DB-03-118,Double
kotak_abu,KARAWANG,LCB-B-B8,DB-03-128,Double
kotak_abu,KARAWANG,LCB-B-B8,DB-03-138,Double
kotak_abu,KARAWANG,LCB-B-B8,DB-03-18,Double
kotak_abu,KARAWANG,LCB-B-B8,DB-03-28,Double
kotak_abu,KARAWANG,LCB-B-B8,DB-03-38,Double
kotak_abu,KARAWANG,LCB-B-B8,DB-03-68,Double
kotak_abu,KARAWANG,LCB-B-B8,DB-03-98,Double
kotak_abu,KARAWANG,LCB-B-B8,DB-05-08,Double
kotak_abu,KARAWANG,LCB-B-B8,DB-05-108,Double
kotak_abu,KARAWANG,LCB-B-B8,DB-05-118,Double
kotak_abu,KARAWANG,LCB-B-B8,DB-05-128,Double
kotak_abu,KARAWANG,LCB-B-B8,DB-05-138,Double
kotak_abu,KARAWANG,LCB-B-B8,DB-05-18,Double
kotak_abu,KARAWANG,LCB-B-B8,DB-05-28,Double
kotak_abu,KARAWANG,LCB-B-B8,DB-05-38,Double
kotak_abu,KARAWANG,LCB-B-B8,DB-05-68,Double
kotak_abu,KARAWANG,LCB-B-B8,DB-05-88,Double
kotak_abu,KARAWANG,LCB-B-B8,DB-05-98,Double
kotak_abu,KARAWANG,LCB-B-B8,DB-06-08,Double
kotak_abu,KARAWANG,LCB-B-B8,DB-06-108,Double
kotak_abu,KARAWANG,LCB-B-B8,DB-06-118,Double
kotak_abu,KARAWANG,LCB-B-B8,DB-06-128,Double
kotak_abu,KARAWANG,LCB-B-B8,DB-06-138,Double
kotak_abu,KARAWANG,LCB-B-B8,DB-06-18,Double
kotak_abu,KARAWANG,LCB-B-B8,DB-06-28,Double
kotak_abu,KARAWANG,LCB-B-B8,DB-06-38,Double
kotak_abu,KARAWANG,LCB-B-B8,DB-06-68,Double
kotak_abu,KARAWANG,LCB-B-B8,DB-06-88,Double
kotak_abu,KARAWANG,LCB-B-B8,DB-06-98,Double
kotak_abu,KARAWANG,LCB-B-B8,DB-07-08,Double
kotak_abu,KARAWANG,LCB-B-B8,DB-07-108,Double
kotak_abu,KARAWANG,LCB-B-B8,DB-07-118,Double
kotak_abu,KARAWANG,LCB-B-B8,DB-07-128,Double
kotak_abu,KARAWANG,LCB-B-B8,DB-07-138,Double
kotak_abu,KARAWANG,LCB-B-B8,DB-07-18,Double
kotak_abu,KARAWANG,LCB-B-B8,DB-07-28,Double
kotak_abu,KARAWANG,LCB-B-B8,DB-07-38,Double
kotak_abu,KARAWANG,LCB-B-B8,DB-07-68,Double
kotak_abu,KARAWANG,LCB-B-B8,DB-07-88,Double
kotak_abu,KARAWANG,LCB-B-B8,DB-07-98,Double
kotak_abu,KARAWANG,LCB-B-B8,DB-08-08,Double
kotak_abu,KARAWANG,LCB-B-B8,DB-08-108,Double
kotak_abu,KARAWANG,LCB-B-B8,DB-08-118,Double
kotak_abu,KARAWANG,LCB-B-B8,DB-08-128,Double
kotak_abu,KARAWANG,LCB-B-B8,DB-08-138,Double
kotak_abu,KARAWANG,LCB-B-B8,DB-08-18,Double
kotak_abu,KARAWANG,LCB-B-B8,DB-08-28,Double
kotak_abu,KARAWANG,LCB-B-B8,DB-08-38,Double
kotak_abu,KARAWANG,LCB-B-B8,DB-08-68,Double
kotak_abu,KARAWANG,LCB-B-B8,DB-08-88,Double
kotak_abu,KARAWANG,LCB-B-B8,DB-08-98,Double
kotak_abu,KARAWANG,LCB-B-B8,DB-09-08,Double
kotak_abu,KARAWANG,LCB-B-B8,DB-09-108,Double
kotak_abu,KARAWANG,LCB-B-B8,DB-09-118,Double
kotak_abu,KARAWANG,LCB-B-B8,DB-09-128,Double
kotak_abu,KARAWANG,LCB-B-B8,DB-09-138,Double
kotak_abu,KARAWANG,LCB-B-B8,DB-09-18,Double
kotak_abu,KARAWANG,LCB-B-B8,DB-09-28,Double
kotak_abu,KARAWANG,LCB-B-B8,DB-09-38,Double
kotak_abu,KARAWANG,LCB-B-B8,DB-09-68,Double
kotak_abu,KARAWANG,LCB-B-B8,DB-09-88,Double
kotak_abu,KARAWANG,LCB-B-B8,DB-09-98,Double
kotak_abu,KARAWANG,LCB-B-B8,DB-3A-08,Double
kotak_abu,KARAWANG,LCB-B-B8,DB-3A-108,Double
kotak_abu,KARAWANG,LCB-B-B8,DB-3A-118,Double
kotak_abu,KARAWANG,LCB-B-B8,DB-3A-128,Double
kotak_abu,KARAWANG,LCB-B-B8,DB-3A-138,Double
kotak_abu,KARAWANG,LCB-B-B8,DB-3A-18,Double
kotak_abu,KARAWANG,LCB-B-B8,DB-3A-28,Double
kotak_abu,KARAWANG,LCB-B-B8,DB-3A-38,Double
kotak_abu,KARAWANG,LCB-B-B8,DB-3A-68,Double
kotak_abu,KARAWANG,LCB-B-B8,DB-3A-88,Double
kotak_abu,KARAWANG,LCB-B-B8,DB-3A-98,Double
kotak_abu,KARAWANG,LCB-B-B9,SR-01-08,Single
kotak_abu,KARAWANG,LCB-B-B9,SR-01-108,Single
kotak_abu,KARAWANG,LCB-B-B9,SR-01-118,Single
kotak_abu,KARAWANG,LCB-B-B9,SR-01-128,Single
kotak_abu,KARAWANG,LCB-B-B9,SR-01-18,Single
kotak_abu,KARAWANG,LCB-B-B9,SR-01-28,Single
kotak_abu,KARAWANG,LCB-B-B9,SR-01-38,Single
kotak_abu,KARAWANG,LCB-B-B9,SR-01-68,Single
kotak_abu,KARAWANG,LCB-B-B9,SR-01-88,Single
kotak_abu,KARAWANG,LCB-B-B9,SR-01-98,Single
kotak_abu,KARAWANG,LCB-B-B9,SR-02-08,Single
kotak_abu,KARAWANG,LCB-B-B9,SR-02-108,Single
kotak_abu,KARAWANG,LCB-B-B9,SR-02-118,Single
kotak_abu,KARAWANG,LCB-B-B9,SR-02-128,Single
kotak_abu,KARAWANG,LCB-B-B9,SR-02-18,Single
kotak_abu,KARAWANG,LCB-B-B9,SR-02-28,Single
kotak_abu,KARAWANG,LCB-B-B9,SR-02-38,Single
kotak_abu,KARAWANG,LCB-B-B9,SR-02-68,Single
kotak_abu,KARAWANG,LCB-B-B9,SR-02-88,Single
kotak_abu,KARAWANG,LCB-B-B9,SR-02-98,Single
kotak_abu,KARAWANG,LCB-B-B9,SR-03-08,Single
kotak_abu,KARAWANG,LCB-B-B9,SR-03-108,Single
kotak_abu,KARAWANG,LCB-B-B9,SR-03-118,Single
kotak_abu,KARAWANG,LCB-B-B9,SR-03-128,Single
kotak_abu,KARAWANG,LCB-B-B9,SR-03-18,Single
kotak_abu,KARAWANG,LCB-B-B9,SR-03-28,Single
kotak_abu,KARAWANG,LCB-B-B9,SR-03-38,Single
kotak_abu,KARAWANG,LCB-B-B9,SR-03-68,Single
kotak_abu,KARAWANG,LCB-B-B9,SR-03-88,Single
kotak_abu,KARAWANG,LCB-B-B9,SR-03-98,Single
kotak_abu,KARAWANG,LCB-B-B9,SR-05-08,Single
kotak_abu,KARAWANG,LCB-B-B9,SR-05-108,Single
kotak_abu,KARAWANG,LCB-B-B9,SR-05-118,Single
kotak_abu,KARAWANG,LCB-B-B9,SR-05-128,Single
kotak_abu,KARAWANG,LCB-B-B9,SR-05-18,Single
kotak_abu,KARAWANG,LCB-B-B9,SR-05-28,Single
kotak_abu,KARAWANG,LCB-B-B9,SR-05-38,Single
kotak_abu,KARAWANG,LCB-B-B9,SR-05-68,Single
kotak_abu,KARAWANG,LCB-B-B9,SR-05-88,Single
kotak_abu,KARAWANG,LCB-B-B9,SR-05-98,Single
kotak_abu,KARAWANG,LCB-B-B9,SR-06-08,Single
kotak_abu,KARAWANG,LCB-B-B9,SR-06-108,Single
kotak_abu,KARAWANG,LCB-B-B9,SR-06-118,Single
kotak_abu,KARAWANG,LCB-B-B9,SR-06-128,Single
kotak_abu,KARAWANG,LCB-B-B9,SR-06-18,Single
kotak_abu,KARAWANG,LCB-B-B9,SR-06-28,Single
kotak_abu,KARAWANG,LCB-B-B9,SR-06-38,Single
kotak_abu,KARAWANG,LCB-B-B9,SR-06-68,Single
kotak_abu,KARAWANG,LCB-B-B9,SR-06-88,Single
kotak_abu,KARAWANG,LCB-B-B9,SR-06-98,Single
kotak_abu,KARAWANG,LCB-B-B9,SR-07-08,Single
kotak_abu,KARAWANG,LCB-B-B9,SR-07-108,Single
kotak_abu,KARAWANG,LCB-B-B9,SR-07-118,Single
kotak_abu,KARAWANG,LCB-B-B9,SR-07-128,Single
kotak_abu,KARAWANG,LCB-B-B9,SR-07-18,Single
kotak_abu,KARAWANG,LCB-B-B9,SR-07-28,Single
kotak_abu,KARAWANG,LCB-B-B9,SR-07-38,Single
kotak_abu,KARAWANG,LCB-B-B9,SR-07-68,Single
kotak_abu,KARAWANG,LCB-B-B9,SR-07-88,Single
kotak_abu,KARAWANG,LCB-B-B9,SR-07-98,Single
kotak_abu,KARAWANG,LCB-B-B9,SR-08-08,Single
kotak_abu,KARAWANG,LCB-B-B9,SR-08-108,Single
kotak_abu,KARAWANG,LCB-B-B9,SR-08-118,Single
kotak_abu,KARAWANG,LCB-B-B9,SR-08-128,Single
kotak_abu,KARAWANG,LCB-B-B9,SR-08-18,Single
kotak_abu,KARAWANG,LCB-B-B9,SR-08-28,Single
kotak_abu,KARAWANG,LCB-B-B9,SR-08-38,Single
kotak_abu,KARAWANG,LCB-B-B9,SR-08-68,Single
kotak_abu,KARAWANG,LCB-B-B9,SR-08-88,Single
kotak_abu,KARAWANG,LCB-B-B9,SR-08-98,Single
kotak_abu,KARAWANG,LCB-B-B9,SR-09-08,Single
kotak_abu,KARAWANG,LCB-B-B9,SR-09-108,Single
kotak_abu,KARAWANG,LCB-B-B9,SR-09-118,Single
kotak_abu,KARAWANG,LCB-B-B9,SR-09-128,Single
kotak_abu,KARAWANG,LCB-B-B9,SR-09-18,Single
kotak_abu,KARAWANG,LCB-B-B9,SR-09-28,Single
kotak_abu,KARAWANG,LCB-B-B9,SR-09-38,Single
kotak_abu,KARAWANG,LCB-B-B9,SR-09-68,Single
kotak_abu,KARAWANG,LCB-B-B9,SR-09-88,Single
kotak_abu,KARAWANG,LCB-B-B9,SR-09-98,Single
kotak_abu,KARAWANG,LCB-B-B9,SR-3A-08,Single
kotak_abu,KARAWANG,LCB-B-B9,SR-3A-108,Single
kotak_abu,KARAWANG,LCB-B-B9,SR-3A-118,Single
kotak_abu,KARAWANG,LCB-B-B9,SR-3A-128,Single
kotak_abu,KARAWANG,LCB-B-B9,SR-3A-18,Single
kotak_abu,KARAWANG,LCB-B-B9,SR-3A-28,Single
kotak_abu,KARAWANG,LCB-B-B9,SR-3A-38,Single
kotak_abu,KARAWANG,LCB-B-B9,SR-3A-68,Single
kotak_abu,KARAWANG,LCB-B-B9,SR-3A-88,Single
kotak_abu,KARAWANG,LCB-B-B9,SR-3A-98,Single
kotak_abu,KARAWANG,LCC-H1,DA-01-08,Double
kotak_abu,KARAWANG,LCC-H1,DA-01-18,Double
kotak_abu,KARAWANG,LCC-H1,DA-01-28,Double
kotak_abu,KARAWANG,LCC-H1,DA-02-08,Double
kotak_abu,KARAWANG,LCC-H1,DA-02-18,Double
kotak_abu,KARAWANG,LCC-H1,DA-02-28,Double
kotak_abu,KARAWANG,LCC-H1,DA-03-08,Double
kotak_abu,KARAWANG,LCC-H1,DA-03-18,Double
kotak_abu,KARAWANG,LCC-H1,DA-03-28,Double
kotak_abu,KARAWANG,LCC-H1,DA-05-08,Double
kotak_abu,KARAWANG,LCC-H1,DA-05-18,Double
kotak_abu,KARAWANG,LCC-H1,DA-05-28,Double
kotak_abu,KARAWANG,LCC-H1,DA-06-08,Double
kotak_abu,KARAWANG,LCC-H1,DA-06-18,Double
kotak_abu,KARAWANG,LCC-H1,DA-06-28,Double
kotak_abu,KARAWANG,LCC-H1,DA-07-08,Double
kotak_abu,KARAWANG,LCC-H1,DA-07-18,Double
kotak_abu,KARAWANG,LCC-H1,DA-07-28,Double
kotak_abu,KARAWANG,LCC-H1,DA-08-08,Double
kotak_abu,KARAWANG,LCC-H1,DA-08-18,Double
kotak_abu,KARAWANG,LCC-H1,DA-08-28,Double
kotak_abu,KARAWANG,LCC-H1,DA-09-08,Double
kotak_abu,KARAWANG,LCC-H1,DA-09-18,Double
kotak_abu,KARAWANG,LCC-H1,DA-09-28,Double
kotak_abu,KARAWANG,LCC-H1,DA-3A-08,Double
kotak_abu,KARAWANG,LCC-H1,DA-3A-18,Double
kotak_abu,KARAWANG,LCC-H1,DA-3A-28,Double
kotak_abu,KARAWANG,LCC-H1,DB-01-08,Double
kotak_abu,KARAWANG,LCC-H1,DB-01-108,Double
kotak_abu,KARAWANG,LCC-H1,DB-01-18,Double
kotak_abu,KARAWANG,LCC-H1,DB-01-28,Double
kotak_abu,KARAWANG,LCC-H1,DB-01-38,Double
kotak_abu,KARAWANG,LCC-H1,DB-01-68,Double
kotak_abu,KARAWANG,LCC-H1,DB-01-88,Double
kotak_abu,KARAWANG,LCC-H1,DB-01-98,Double
kotak_abu,KARAWANG,LCC-H1,DB-02-08,Double
kotak_abu,KARAWANG,LCC-H1,DB-02-108,Double
kotak_abu,KARAWANG,LCC-H1,DB-02-18,Double
kotak_abu,KARAWANG,LCC-H1,DB-02-28,Double
kotak_abu,KARAWANG,LCC-H1,DB-02-38,Double
kotak_abu,KARAWANG,LCC-H1,DB-02-68,Double
kotak_abu,KARAWANG,LCC-H1,DB-02-88,Double
kotak_abu,KARAWANG,LCC-H1,DB-02-98,Double
kotak_abu,KARAWANG,LCC-H1,DB-03-08,Double
kotak_abu,KARAWANG,LCC-H1,DB-03-108,Double
kotak_abu,KARAWANG,LCC-H1,DB-03-18,Double
kotak_abu,KARAWANG,LCC-H1,DB-03-28,Double
kotak_abu,KARAWANG,LCC-H1,DB-03-38,Double
kotak_abu,KARAWANG,LCC-H1,DB-03-68,Double
kotak_abu,KARAWANG,LCC-H1,DB-03-88,Double
kotak_abu,KARAWANG,LCC-H1,DB-03-98,Double
kotak_abu,KARAWANG,LCC-H1,DB-05-08,Double
kotak_abu,KARAWANG,LCC-H1,DB-05-108,Double
kotak_abu,KARAWANG,LCC-H1,DB-05-18,Double
kotak_abu,KARAWANG,LCC-H1,DB-05-28,Double
kotak_abu,KARAWANG,LCC-H1,DB-05-38,Double
kotak_abu,KARAWANG,LCC-H1,DB-05-68,Double
kotak_abu,KARAWANG,LCC-H1,DB-05-88,Double
kotak_abu,KARAWANG,LCC-H1,DB-05-98,Double
kotak_abu,KARAWANG,LCC-H1,DB-06-08,Double
kotak_abu,KARAWANG,LCC-H1,DB-06-108,Double
kotak_abu,KARAWANG,LCC-H1,DB-06-18,Double
kotak_abu,KARAWANG,LCC-H1,DB-06-28,Double
kotak_abu,KARAWANG,LCC-H1,DB-06-38,Double
kotak_abu,KARAWANG,LCC-H1,DB-06-68,Double
kotak_abu,KARAWANG,LCC-H1,DB-06-88,Double
kotak_abu,KARAWANG,LCC-H1,DB-06-98,Double
kotak_abu,KARAWANG,LCC-H1,DB-07-08,Double
kotak_abu,KARAWANG,LCC-H1,DB-07-108,Double
kotak_abu,KARAWANG,LCC-H1,DB-07-18,Double
kotak_abu,KARAWANG,LCC-H1,DB-07-28,Double
kotak_abu,KARAWANG,LCC-H1,DB-07-38,Double
kotak_abu,KARAWANG,LCC-H1,DB-07-68,Double
kotak_abu,KARAWANG,LCC-H1,DB-07-88,Double
kotak_abu,KARAWANG,LCC-H1,DB-07-98,Double
kotak_abu,KARAWANG,LCC-H1,DB-08-08,Double
kotak_abu,KARAWANG,LCC-H1,DB-08-108,Double
kotak_abu,KARAWANG,LCC-H1,DB-08-18,Double
kotak_abu,KARAWANG,LCC-H1,DB-08-28,Double
kotak_abu,KARAWANG,LCC-H1,DB-08-38,Double
kotak_abu,KARAWANG,LCC-H1,DB-08-68,Double
kotak_abu,KARAWANG,LCC-H1,DB-08-88,Double
kotak_abu,KARAWANG,LCC-H1,DB-08-98,Double
kotak_abu,KARAWANG,LCC-H1,DB-09-08,Double
kotak_abu,KARAWANG,LCC-H1,DB-09-108,Double
kotak_abu,KARAWANG,LCC-H1,DB-09-18,Double
kotak_abu,KARAWANG,LCC-H1,DB-09-28,Double
kotak_abu,KARAWANG,LCC-H1,DB-09-38,Double
kotak_abu,KARAWANG,LCC-H1,DB-09-68,Double
kotak_abu,KARAWANG,LCC-H1,DB-09-88,Double
kotak_abu,KARAWANG,LCC-H1,DB-09-98,Double
kotak_abu,KARAWANG,LCC-H1,DB-3A-08,Double
kotak_abu,KARAWANG,LCC-H1,DB-3A-108,Double
kotak_abu,KARAWANG,LCC-H1,DB-3A-18,Double
kotak_abu,KARAWANG,LCC-H1,DB-3A-28,Double
kotak_abu,KARAWANG,LCC-H1,DB-3A-38,Double
kotak_abu,KARAWANG,LCC-H1,DB-3A-68,Double
kotak_abu,KARAWANG,LCC-H1,DB-3A-88,Double
kotak_abu,KARAWANG,LCC-H1,DB-3A-98,Double
kotak_abu,KARAWANG,LCC-H1,DC-01-08,Double
kotak_abu,KARAWANG,LCC-H1,DC-01-108,Double
kotak_abu,KARAWANG,LCC-H1,DC-01-18,Double
kotak_abu,KARAWANG,LCC-H1,DC-01-28,Double
kotak_abu,KARAWANG,LCC-H1,DC-01-38,Double
kotak_abu,KARAWANG,LCC-H1,DC-01-68,Double
kotak_abu,KARAWANG,LCC-H1,DC-01-88,Double
kotak_abu,KARAWANG,LCC-H1,DC-01-98,Double
kotak_abu,KARAWANG,LCC-H1,DC-02-08,Double
kotak_abu,KARAWANG,LCC-H1,DC-02-108,Double
kotak_abu,KARAWANG,LCC-H1,DC-02-18,Double
kotak_abu,KARAWANG,LCC-H1,DC-02-28,Double
kotak_abu,KARAWANG,LCC-H1,DC-02-38,Double
kotak_abu,KARAWANG,LCC-H1,DC-02-68,Double
kotak_abu,KARAWANG,LCC-H1,DC-02-88,Double
kotak_abu,KARAWANG,LCC-H1,DC-02-98,Double
kotak_abu,KARAWANG,LCC-H1,DC-03-08,Double
kotak_abu,KARAWANG,LCC-H1,DC-03-108,Double
kotak_abu,KARAWANG,LCC-H1,DC-03-18,Double
kotak_abu,KARAWANG,LCC-H1,DC-03-28,Double
kotak_abu,KARAWANG,LCC-H1,DC-03-38,Double
kotak_abu,KARAWANG,LCC-H1,DC-03-68,Double
kotak_abu,KARAWANG,LCC-H1,DC-03-88,Double
kotak_abu,KARAWANG,LCC-H1,DC-03-98,Double
kotak_abu,KARAWANG,LCC-H1,DC-05-08,Double
kotak_abu,KARAWANG,LCC-H1,DC-05-108,Double
kotak_abu,KARAWANG,LCC-H1,DC-05-18,Double
kotak_abu,KARAWANG,LCC-H1,DC-05-28,Double
kotak_abu,KARAWANG,LCC-H1,DC-05-38,Double
kotak_abu,KARAWANG,LCC-H1,DC-05-68,Double
kotak_abu,KARAWANG,LCC-H1,DC-05-88,Double
kotak_abu,KARAWANG,LCC-H1,DC-05-98,Double
kotak_abu,KARAWANG,LCC-H1,DC-06-08,Double
kotak_abu,KARAWANG,LCC-H1,DC-06-108,Double
kotak_abu,KARAWANG,LCC-H1,DC-06-18,Double
kotak_abu,KARAWANG,LCC-H1,DC-06-28,Double
kotak_abu,KARAWANG,LCC-H1,DC-06-38,Double
kotak_abu,KARAWANG,LCC-H1,DC-06-68,Double
kotak_abu,KARAWANG,LCC-H1,DC-06-88,Double
kotak_abu,KARAWANG,LCC-H1,DC-06-98,Double
kotak_abu,KARAWANG,LCC-H1,DC-07-08,Double
kotak_abu,KARAWANG,LCC-H1,DC-07-108,Double
kotak_abu,KARAWANG,LCC-H1,DC-07-18,Double
kotak_abu,KARAWANG,LCC-H1,DC-07-28,Double
kotak_abu,KARAWANG,LCC-H1,DC-07-38,Double
kotak_abu,KARAWANG,LCC-H1,DC-07-68,Double
kotak_abu,KARAWANG,LCC-H1,DC-07-88,Double
kotak_abu,KARAWANG,LCC-H1,DC-07-98,Double
kotak_abu,KARAWANG,LCC-H1,DC-08-08,Double
kotak_abu,KARAWANG,LCC-H1,DC-08-108,Double
kotak_abu,KARAWANG,LCC-H1,DC-08-18,Double
kotak_abu,KARAWANG,LCC-H1,DC-08-28,Double
kotak_abu,KARAWANG,LCC-H1,DC-08-38,Double
kotak_abu,KARAWANG,LCC-H1,DC-08-68,Double
kotak_abu,KARAWANG,LCC-H1,DC-08-88,Double
kotak_abu,KARAWANG,LCC-H1,DC-08-98,Double
kotak_abu,KARAWANG,LCC-H1,DC-09-08,Double
kotak_abu,KARAWANG,LCC-H1,DC-09-108,Double
kotak_abu,KARAWANG,LCC-H1,DC-09-18,Double
kotak_abu,KARAWANG,LCC-H1,DC-09-28,Double
kotak_abu,KARAWANG,LCC-H1,DC-09-38,Double
kotak_abu,KARAWANG,LCC-H1,DC-09-68,Double
kotak_abu,KARAWANG,LCC-H1,DC-09-88,Double
kotak_abu,KARAWANG,LCC-H1,DC-09-98,Double
kotak_abu,KARAWANG,LCC-H1,DC-3A-08,Double
kotak_abu,KARAWANG,LCC-H1,DC-3A-108,Double
kotak_abu,KARAWANG,LCC-H1,DC-3A-18,Double
kotak_abu,KARAWANG,LCC-H1,DC-3A-28,Double
kotak_abu,KARAWANG,LCC-H1,DC-3A-38,Double
kotak_abu,KARAWANG,LCC-H1,DC-3A-68,Double
kotak_abu,KARAWANG,LCC-H1,DC-3A-88,Double
kotak_abu,KARAWANG,LCC-H1,DC-3A-98,Double
kotak_abu,KARAWANG,LCC-H1,DD-01-08,Double
kotak_abu,KARAWANG,LCC-H1,DD-01-108,Double
kotak_abu,KARAWANG,LCC-H1,DD-01-18,Double
kotak_abu,KARAWANG,LCC-H1,DD-01-28,Double
kotak_abu,KARAWANG,LCC-H1,DD-01-38,Double
kotak_abu,KARAWANG,LCC-H1,DD-01-68,Double
kotak_abu,KARAWANG,LCC-H1,DD-01-88,Double
kotak_abu,KARAWANG,LCC-H1,DD-01-98,Double
kotak_abu,KARAWANG,LCC-H1,DD-02-08,Double
kotak_abu,KARAWANG,LCC-H1,DD-02-108,Double
kotak_abu,KARAWANG,LCC-H1,DD-02-18,Double
kotak_abu,KARAWANG,LCC-H1,DD-02-28,Double
kotak_abu,KARAWANG,LCC-H1,DD-02-38,Double
kotak_abu,KARAWANG,LCC-H1,DD-02-68,Double
kotak_abu,KARAWANG,LCC-H1,DD-02-88,Double
kotak_abu,KARAWANG,LCC-H1,DD-02-98,Double
kotak_abu,KARAWANG,LCC-H1,DD-03-08,Double
kotak_abu,KARAWANG,LCC-H1,DD-03-108,Double
kotak_abu,KARAWANG,LCC-H1,DD-03-18,Double
kotak_abu,KARAWANG,LCC-H1,DD-03-28,Double
kotak_abu,KARAWANG,LCC-H1,DD-03-38,Double
kotak_abu,KARAWANG,LCC-H1,DD-03-68,Double
kotak_abu,KARAWANG,LCC-H1,DD-03-88,Double
kotak_abu,KARAWANG,LCC-H1,DD-03-98,Double
kotak_abu,KARAWANG,LCC-H1,DD-05-08,Double
kotak_abu,KARAWANG,LCC-H1,DD-05-108,Double
kotak_abu,KARAWANG,LCC-H1,DD-05-18,Double
kotak_abu,KARAWANG,LCC-H1,DD-05-28,Double
kotak_abu,KARAWANG,LCC-H1,DD-05-38,Double
kotak_abu,KARAWANG,LCC-H1,DD-05-68,Double
kotak_abu,KARAWANG,LCC-H1,DD-05-88,Double
kotak_abu,KARAWANG,LCC-H1,DD-05-98,Double
kotak_abu,KARAWANG,LCC-H1,DD-06-08,Double
kotak_abu,KARAWANG,LCC-H1,DD-06-108,Double
kotak_abu,KARAWANG,LCC-H1,DD-06-18,Double
kotak_abu,KARAWANG,LCC-H1,DD-06-28,Double
kotak_abu,KARAWANG,LCC-H1,DD-06-38,Double
kotak_abu,KARAWANG,LCC-H1,DD-06-68,Double
kotak_abu,KARAWANG,LCC-H1,DD-06-88,Double
kotak_abu,KARAWANG,LCC-H1,DD-06-98,Double
kotak_abu,KARAWANG,LCC-H1,DD-07-08,Double
kotak_abu,KARAWANG,LCC-H1,DD-07-108,Double
kotak_abu,KARAWANG,LCC-H1,DD-07-18,Double
kotak_abu,KARAWANG,LCC-H1,DD-07-28,Double
kotak_abu,KARAWANG,LCC-H1,DD-07-38,Double
kotak_abu,KARAWANG,LCC-H1,DD-07-68,Double
kotak_abu,KARAWANG,LCC-H1,DD-07-88,Double
kotak_abu,KARAWANG,LCC-H1,DD-07-98,Double
kotak_abu,KARAWANG,LCC-H1,DD-08-08,Double
kotak_abu,KARAWANG,LCC-H1,DD-08-108,Double
kotak_abu,KARAWANG,LCC-H1,DD-08-18,Double
kotak_abu,KARAWANG,LCC-H1,DD-08-28,Double
kotak_abu,KARAWANG,LCC-H1,DD-08-38,Double
kotak_abu,KARAWANG,LCC-H1,DD-08-68,Double
kotak_abu,KARAWANG,LCC-H1,DD-08-88,Double
kotak_abu,KARAWANG,LCC-H1,DD-08-98,Double
kotak_abu,KARAWANG,LCC-H1,DD-09-08,Double
kotak_abu,KARAWANG,LCC-H1,DD-09-108,Double
kotak_abu,KARAWANG,LCC-H1,DD-09-18,Double
kotak_abu,KARAWANG,LCC-H1,DD-09-28,Double
kotak_abu,KARAWANG,LCC-H1,DD-09-38,Double
kotak_abu,KARAWANG,LCC-H1,DD-09-68,Double
kotak_abu,KARAWANG,LCC-H1,DD-09-88,Double
kotak_abu,KARAWANG,LCC-H1,DD-09-98,Double
kotak_abu,KARAWANG,LCC-H1,DD-3A-08,Double
kotak_abu,KARAWANG,LCC-H1,DD-3A-108,Double
kotak_abu,KARAWANG,LCC-H1,DD-3A-18,Double
kotak_abu,KARAWANG,LCC-H1,DD-3A-28,Double
kotak_abu,KARAWANG,LCC-H1,DD-3A-38,Double
kotak_abu,KARAWANG,LCC-H1,DD-3A-68,Double
kotak_abu,KARAWANG,LCC-H1,DD-3A-88,Double
kotak_abu,KARAWANG,LCC-H1,DD-3A-98,Double
kotak_abu,KARAWANG,LCC-H1,DE-01-08,Double
kotak_abu,KARAWANG,LCC-H1,DE-01-18,Double
kotak_abu,KARAWANG,LCC-H1,DE-01-28,Double
kotak_abu,KARAWANG,LCC-H1,DE-02-08,Double
kotak_abu,KARAWANG,LCC-H1,DE-02-18,Double
kotak_abu,KARAWANG,LCC-H1,DE-02-28,Double
kotak_abu,KARAWANG,LCC-H1,DE-03-08,Double
kotak_abu,KARAWANG,LCC-H1,DE-03-18,Double
kotak_abu,KARAWANG,LCC-H1,DE-03-28,Double
kotak_abu,KARAWANG,LCC-H1,DE-05-08,Double
kotak_abu,KARAWANG,LCC-H1,DE-05-18,Double
kotak_abu,KARAWANG,LCC-H1,DE-05-28,Double
kotak_abu,KARAWANG,LCC-H1,DE-06-08,Double
kotak_abu,KARAWANG,LCC-H1,DE-06-18,Double
kotak_abu,KARAWANG,LCC-H1,DE-06-28,Double
kotak_abu,KARAWANG,LCC-H1,DE-07-08,Double
kotak_abu,KARAWANG,LCC-H1,DE-07-18,Double
kotak_abu,KARAWANG,LCC-H1,DE-07-28,Double
kotak_abu,KARAWANG,LCC-H1,DE-08-08,Double
kotak_abu,KARAWANG,LCC-H1,DE-08-18,Double
kotak_abu,KARAWANG,LCC-H1,DE-08-28,Double
kotak_abu,KARAWANG,LCC-H1,DE-09-08,Double
kotak_abu,KARAWANG,LCC-H1,DE-09-18,Double
kotak_abu,KARAWANG,LCC-H1,DE-09-28,Double
kotak_abu,KARAWANG,LCC-H1,DE-3A-08,Double
kotak_abu,KARAWANG,LCC-H1,DE-3A-18,Double
kotak_abu,KARAWANG,LCC-H1,DE-3A-28,Double
kotak_abu,KARAWANG,LCC-H2,DA-01-08,Double
kotak_abu,KARAWANG,LCC-H2,DA-01-18,Double
kotak_abu,KARAWANG,LCC-H2,DA-01-28,Double
kotak_abu,KARAWANG,LCC-H2,DA-02-08,Double
kotak_abu,KARAWANG,LCC-H2,DA-02-18,Double
kotak_abu,KARAWANG,LCC-H2,DA-02-28,Double
kotak_abu,KARAWANG,LCC-H2,DA-03-08,Double
kotak_abu,KARAWANG,LCC-H2,DA-03-18,Double
kotak_abu,KARAWANG,LCC-H2,DA-03-28,Double
kotak_abu,KARAWANG,LCC-H2,DA-05-08,Double
kotak_abu,KARAWANG,LCC-H2,DA-05-18,Double
kotak_abu,KARAWANG,LCC-H2,DA-05-28,Double
kotak_abu,KARAWANG,LCC-H2,DA-06-08,Double
kotak_abu,KARAWANG,LCC-H2,DA-06-18,Double
kotak_abu,KARAWANG,LCC-H2,DA-06-28,Double
kotak_abu,KARAWANG,LCC-H2,DA-07-08,Double
kotak_abu,KARAWANG,LCC-H2,DA-07-18,Double
kotak_abu,KARAWANG,LCC-H2,DA-07-28,Double
kotak_abu,KARAWANG,LCC-H2,DA-08-08,Double
kotak_abu,KARAWANG,LCC-H2,DA-08-18,Double
kotak_abu,KARAWANG,LCC-H2,DA-08-28,Double
kotak_abu,KARAWANG,LCC-H2,DA-09-08,Double
kotak_abu,KARAWANG,LCC-H2,DA-09-18,Double
kotak_abu,KARAWANG,LCC-H2,DA-09-28,Double
kotak_abu,KARAWANG,LCC-H2,DA-3A-08,Double
kotak_abu,KARAWANG,LCC-H2,DA-3A-18,Double
kotak_abu,KARAWANG,LCC-H2,DA-3A-28,Double
kotak_abu,KARAWANG,LCC-H2,DB-01-08,Double
kotak_abu,KARAWANG,LCC-H2,DB-01-108,Double
kotak_abu,KARAWANG,LCC-H2,DB-01-18,Double
kotak_abu,KARAWANG,LCC-H2,DB-01-28,Double
kotak_abu,KARAWANG,LCC-H2,DB-01-38,Double
kotak_abu,KARAWANG,LCC-H2,DB-01-68,Double
kotak_abu,KARAWANG,LCC-H2,DB-01-88,Double
kotak_abu,KARAWANG,LCC-H2,DB-01-98,Double
kotak_abu,KARAWANG,LCC-H2,DB-02-08,Double
kotak_abu,KARAWANG,LCC-H2,DB-02-108,Double
kotak_abu,KARAWANG,LCC-H2,DB-02-18,Double
kotak_abu,KARAWANG,LCC-H2,DB-02-28,Double
kotak_abu,KARAWANG,LCC-H2,DB-02-38,Double
kotak_abu,KARAWANG,LCC-H2,DB-02-68,Double
kotak_abu,KARAWANG,LCC-H2,DB-02-88,Double
kotak_abu,KARAWANG,LCC-H2,DB-02-98,Double
kotak_abu,KARAWANG,LCC-H2,DB-03-08,Double
kotak_abu,KARAWANG,LCC-H2,DB-03-108,Double
kotak_abu,KARAWANG,LCC-H2,DB-03-18,Double
kotak_abu,KARAWANG,LCC-H2,DB-03-28,Double
kotak_abu,KARAWANG,LCC-H2,DB-03-38,Double
kotak_abu,KARAWANG,LCC-H2,DB-03-68,Double
kotak_abu,KARAWANG,LCC-H2,DB-03-88,Double
kotak_abu,KARAWANG,LCC-H2,DB-03-98,Double
kotak_abu,KARAWANG,LCC-H2,DB-05-08,Double
kotak_abu,KARAWANG,LCC-H2,DB-05-108,Double
kotak_abu,KARAWANG,LCC-H2,DB-05-18,Double
kotak_abu,KARAWANG,LCC-H2,DB-05-28,Double
kotak_abu,KARAWANG,LCC-H2,DB-05-38,Double
kotak_abu,KARAWANG,LCC-H2,DB-05-68,Double
kotak_abu,KARAWANG,LCC-H2,DB-05-88,Double
kotak_abu,KARAWANG,LCC-H2,DB-05-98,Double
kotak_abu,KARAWANG,LCC-H2,DB-06-08,Double
kotak_abu,KARAWANG,LCC-H2,DB-06-108,Double
kotak_abu,KARAWANG,LCC-H2,DB-06-18,Double
kotak_abu,KARAWANG,LCC-H2,DB-06-28,Double
kotak_abu,KARAWANG,LCC-H2,DB-06-38,Double
kotak_abu,KARAWANG,LCC-H2,DB-06-68,Double
kotak_abu,KARAWANG,LCC-H2,DB-06-88,Double
kotak_abu,KARAWANG,LCC-H2,DB-06-98,Double
kotak_abu,KARAWANG,LCC-H2,DB-07-08,Double
kotak_abu,KARAWANG,LCC-H2,DB-07-108,Double
kotak_abu,KARAWANG,LCC-H2,DB-07-18,Double
kotak_abu,KARAWANG,LCC-H2,DB-07-28,Double
kotak_abu,KARAWANG,LCC-H2,DB-07-38,Double
kotak_abu,KARAWANG,LCC-H2,DB-07-68,Double
kotak_abu,KARAWANG,LCC-H2,DB-07-88,Double
kotak_abu,KARAWANG,LCC-H2,DB-07-98,Double
kotak_abu,KARAWANG,LCC-H2,DB-08-08,Double
kotak_abu,KARAWANG,LCC-H2,DB-08-108,Double
kotak_abu,KARAWANG,LCC-H2,DB-08-18,Double
kotak_abu,KARAWANG,LCC-H2,DB-08-28,Double
kotak_abu,KARAWANG,LCC-H2,DB-08-38,Double
kotak_abu,KARAWANG,LCC-H2,DB-08-68,Double
kotak_abu,KARAWANG,LCC-H2,DB-08-88,Double
kotak_abu,KARAWANG,LCC-H2,DB-08-98,Double
kotak_abu,KARAWANG,LCC-H2,DB-09-08,Double
kotak_abu,KARAWANG,LCC-H2,DB-09-108,Double
kotak_abu,KARAWANG,LCC-H2,DB-09-18,Double
kotak_abu,KARAWANG,LCC-H2,DB-09-28,Double
kotak_abu,KARAWANG,LCC-H2,DB-09-38,Double
kotak_abu,KARAWANG,LCC-H2,DB-09-68,Double
kotak_abu,KARAWANG,LCC-H2,DB-09-88,Double
kotak_abu,KARAWANG,LCC-H2,DB-09-98,Double
kotak_abu,KARAWANG,LCC-H2,DB-3A-08,Double
kotak_abu,KARAWANG,LCC-H2,DB-3A-108,Double
kotak_abu,KARAWANG,LCC-H2,DB-3A-18,Double
kotak_abu,KARAWANG,LCC-H2,DB-3A-28,Double
kotak_abu,KARAWANG,LCC-H2,DB-3A-38,Double
kotak_abu,KARAWANG,LCC-H2,DB-3A-68,Double
kotak_abu,KARAWANG,LCC-H2,DB-3A-88,Double
kotak_abu,KARAWANG,LCC-H2,DB-3A-98,Double
kotak_abu,KARAWANG,LCC-H2,DC-01-08,Double
kotak_abu,KARAWANG,LCC-H2,DC-01-108,Double
kotak_abu,KARAWANG,LCC-H2,DC-01-18,Double
kotak_abu,KARAWANG,LCC-H2,DC-01-28,Double
kotak_abu,KARAWANG,LCC-H2,DC-01-38,Double
kotak_abu,KARAWANG,LCC-H2,DC-01-68,Double
kotak_abu,KARAWANG,LCC-H2,DC-01-88,Double
kotak_abu,KARAWANG,LCC-H2,DC-01-98,Double
kotak_abu,KARAWANG,LCC-H2,DC-02-08,Double
kotak_abu,KARAWANG,LCC-H2,DC-02-108,Double
kotak_abu,KARAWANG,LCC-H2,DC-02-18,Double
kotak_abu,KARAWANG,LCC-H2,DC-02-28,Double
kotak_abu,KARAWANG,LCC-H2,DC-02-38,Double
kotak_abu,KARAWANG,LCC-H2,DC-02-68,Double
kotak_abu,KARAWANG,LCC-H2,DC-02-88,Double
kotak_abu,KARAWANG,LCC-H2,DC-02-98,Double
kotak_abu,KARAWANG,LCC-H2,DC-03-08,Double
kotak_abu,KARAWANG,LCC-H2,DC-03-108,Double
kotak_abu,KARAWANG,LCC-H2,DC-03-18,Double
kotak_abu,KARAWANG,LCC-H2,DC-03-28,Double
kotak_abu,KARAWANG,LCC-H2,DC-03-38,Double
kotak_abu,KARAWANG,LCC-H2,DC-03-68,Double
kotak_abu,KARAWANG,LCC-H2,DC-03-88,Double
kotak_abu,KARAWANG,LCC-H2,DC-03-98,Double
kotak_abu,KARAWANG,LCC-H2,DC-05-08,Double
kotak_abu,KARAWANG,LCC-H2,DC-05-108,Double
kotak_abu,KARAWANG,LCC-H2,DC-05-18,Double
kotak_abu,KARAWANG,LCC-H2,DC-05-28,Double
kotak_abu,KARAWANG,LCC-H2,DC-05-38,Double
kotak_abu,KARAWANG,LCC-H2,DC-05-68,Double
kotak_abu,KARAWANG,LCC-H2,DC-05-88,Double
kotak_abu,KARAWANG,LCC-H2,DC-05-98,Double
kotak_abu,KARAWANG,LCC-H2,DC-06-08,Double
kotak_abu,KARAWANG,LCC-H2,DC-06-108,Double
kotak_abu,KARAWANG,LCC-H2,DC-06-18,Double
kotak_abu,KARAWANG,LCC-H2,DC-06-28,Double
kotak_abu,KARAWANG,LCC-H2,DC-06-38,Double
kotak_abu,KARAWANG,LCC-H2,DC-06-68,Double
kotak_abu,KARAWANG,LCC-H2,DC-06-88,Double
kotak_abu,KARAWANG,LCC-H2,DC-06-98,Double
kotak_abu,KARAWANG,LCC-H2,DC-07-08,Double
kotak_abu,KARAWANG,LCC-H2,DC-07-108,Double
kotak_abu,KARAWANG,LCC-H2,DC-07-18,Double
kotak_abu,KARAWANG,LCC-H2,DC-07-28,Double
kotak_abu,KARAWANG,LCC-H2,DC-07-38,Double
kotak_abu,KARAWANG,LCC-H2,DC-07-68,Double
kotak_abu,KARAWANG,LCC-H2,DC-07-88,Double
kotak_abu,KARAWANG,LCC-H2,DC-07-98,Double
kotak_abu,KARAWANG,LCC-H2,DC-08-08,Double
kotak_abu,KARAWANG,LCC-H2,DC-08-108,Double
kotak_abu,KARAWANG,LCC-H2,DC-08-18,Double
kotak_abu,KARAWANG,LCC-H2,DC-08-28,Double
kotak_abu,KARAWANG,LCC-H2,DC-08-38,Double
kotak_abu,KARAWANG,LCC-H2,DC-08-68,Double
kotak_abu,KARAWANG,LCC-H2,DC-08-88,Double
kotak_abu,KARAWANG,LCC-H2,DC-08-98,Double
kotak_abu,KARAWANG,LCC-H2,DC-09-08,Double
kotak_abu,KARAWANG,LCC-H2,DC-09-108,Double
kotak_abu,KARAWANG,LCC-H2,DC-09-18,Double
kotak_abu,KARAWANG,LCC-H2,DC-09-28,Double
kotak_abu,KARAWANG,LCC-H2,DC-09-38,Double
kotak_abu,KARAWANG,LCC-H2,DC-09-68,Double
kotak_abu,KARAWANG,LCC-H2,DC-09-88,Double
kotak_abu,KARAWANG,LCC-H2,DC-09-98,Double
kotak_abu,KARAWANG,LCC-H2,DC-3A-08,Double
kotak_abu,KARAWANG,LCC-H2,DC-3A-108,Double
kotak_abu,KARAWANG,LCC-H2,DC-3A-18,Double
kotak_abu,KARAWANG,LCC-H2,DC-3A-28,Double
kotak_abu,KARAWANG,LCC-H2,DC-3A-38,Double
kotak_abu,KARAWANG,LCC-H2,DC-3A-68,Double
kotak_abu,KARAWANG,LCC-H2,DC-3A-88,Double
kotak_abu,KARAWANG,LCC-H2,DC-3A-98,Double
kotak_abu,KARAWANG,LCC-H2,DD-01-08,Double
kotak_abu,KARAWANG,LCC-H2,DD-01-108,Double
kotak_abu,KARAWANG,LCC-H2,DD-01-18,Double
kotak_abu,KARAWANG,LCC-H2,DD-01-28,Double
kotak_abu,KARAWANG,LCC-H2,DD-01-38,Double
kotak_abu,KARAWANG,LCC-H2,DD-01-68,Double
kotak_abu,KARAWANG,LCC-H2,DD-01-88,Double
kotak_abu,KARAWANG,LCC-H2,DD-01-98,Double
kotak_abu,KARAWANG,LCC-H2,DD-02-08,Double
kotak_abu,KARAWANG,LCC-H2,DD-02-108,Double
kotak_abu,KARAWANG,LCC-H2,DD-02-18,Double
kotak_abu,KARAWANG,LCC-H2,DD-02-28,Double
kotak_abu,KARAWANG,LCC-H2,DD-02-38,Double
kotak_abu,KARAWANG,LCC-H2,DD-02-68,Double
kotak_abu,KARAWANG,LCC-H2,DD-02-88,Double
kotak_abu,KARAWANG,LCC-H2,DD-02-98,Double
kotak_abu,KARAWANG,LCC-H2,DD-03-08,Double
kotak_abu,KARAWANG,LCC-H2,DD-03-108,Double
kotak_abu,KARAWANG,LCC-H2,DD-03-18,Double
kotak_abu,KARAWANG,LCC-H2,DD-03-28,Double
kotak_abu,KARAWANG,LCC-H2,DD-03-38,Double
kotak_abu,KARAWANG,LCC-H2,DD-03-68,Double
kotak_abu,KARAWANG,LCC-H2,DD-03-88,Double
kotak_abu,KARAWANG,LCC-H2,DD-03-98,Double
kotak_abu,KARAWANG,LCC-H2,DD-05-08,Double
kotak_abu,KARAWANG,LCC-H2,DD-05-108,Double
kotak_abu,KARAWANG,LCC-H2,DD-05-18,Double
kotak_abu,KARAWANG,LCC-H2,DD-05-28,Double
kotak_abu,KARAWANG,LCC-H2,DD-05-38,Double
kotak_abu,KARAWANG,LCC-H2,DD-05-68,Double
kotak_abu,KARAWANG,LCC-H2,DD-05-88,Double
kotak_abu,KARAWANG,LCC-H2,DD-05-98,Double
kotak_abu,KARAWANG,LCC-H2,DD-06-08,Double
kotak_abu,KARAWANG,LCC-H2,DD-06-108,Double
kotak_abu,KARAWANG,LCC-H2,DD-06-18,Double
kotak_abu,KARAWANG,LCC-H2,DD-06-28,Double
kotak_abu,KARAWANG,LCC-H2,DD-06-38,Double
kotak_abu,KARAWANG,LCC-H2,DD-06-68,Double
kotak_abu,KARAWANG,LCC-H2,DD-06-88,Double
kotak_abu,KARAWANG,LCC-H2,DD-06-98,Double
kotak_abu,KARAWANG,LCC-H2,DD-07-08,Double
kotak_abu,KARAWANG,LCC-H2,DD-07-108,Double
kotak_abu,KARAWANG,LCC-H2,DD-07-18,Double
kotak_abu,KARAWANG,LCC-H2,DD-07-28,Double
kotak_abu,KARAWANG,LCC-H2,DD-07-38,Double
kotak_abu,KARAWANG,LCC-H2,DD-07-68,Double
kotak_abu,KARAWANG,LCC-H2,DD-07-88,Double
kotak_abu,KARAWANG,LCC-H2,DD-07-98,Double
kotak_abu,KARAWANG,LCC-H2,DD-08-08,Double
kotak_abu,KARAWANG,LCC-H2,DD-08-108,Double
kotak_abu,KARAWANG,LCC-H2,DD-08-18,Double
kotak_abu,KARAWANG,LCC-H2,DD-08-28,Double
kotak_abu,KARAWANG,LCC-H2,DD-08-38,Double
kotak_abu,KARAWANG,LCC-H2,DD-08-68,Double
kotak_abu,KARAWANG,LCC-H2,DD-08-88,Double
kotak_abu,KARAWANG,LCC-H2,DD-08-98,Double
kotak_abu,KARAWANG,LCC-H2,DD-09-08,Double
kotak_abu,KARAWANG,LCC-H2,DD-09-108,Double
kotak_abu,KARAWANG,LCC-H2,DD-09-18,Double
kotak_abu,KARAWANG,LCC-H2,DD-09-28,Double
kotak_abu,KARAWANG,LCC-H2,DD-09-38,Double
kotak_abu,KARAWANG,LCC-H2,DD-09-68,Double
kotak_abu,KARAWANG,LCC-H2,DD-09-88,Double
kotak_abu,KARAWANG,LCC-H2,DD-09-98,Double
kotak_abu,KARAWANG,LCC-H2,DD-3A-08,Double
kotak_abu,KARAWANG,LCC-H2,DD-3A-108,Double
kotak_abu,KARAWANG,LCC-H2,DD-3A-18,Double
kotak_abu,KARAWANG,LCC-H2,DD-3A-28,Double
kotak_abu,KARAWANG,LCC-H2,DD-3A-38,Double
kotak_abu,KARAWANG,LCC-H2,DD-3A-68,Double
kotak_abu,KARAWANG,LCC-H2,DD-3A-88,Double
kotak_abu,KARAWANG,LCC-H2,DD-3A-98,Double
kotak_abu,KARAWANG,LCC-H2,DE-01-08,Double
kotak_abu,KARAWANG,LCC-H2,DE-01-18,Double
kotak_abu,KARAWANG,LCC-H2,DE-01-28,Double
kotak_abu,KARAWANG,LCC-H2,DE-02-08,Double
kotak_abu,KARAWANG,LCC-H2,DE-02-18,Double
kotak_abu,KARAWANG,LCC-H2,DE-02-28,Double
kotak_abu,KARAWANG,LCC-H2,DE-03-08,Double
kotak_abu,KARAWANG,LCC-H2,DE-03-18,Double
kotak_abu,KARAWANG,LCC-H2,DE-03-28,Double
kotak_abu,KARAWANG,LCC-H2,DE-05-08,Double
kotak_abu,KARAWANG,LCC-H2,DE-05-18,Double
kotak_abu,KARAWANG,LCC-H2,DE-05-28,Double
kotak_abu,KARAWANG,LCC-H2,DE-06-08,Double
kotak_abu,KARAWANG,LCC-H2,DE-06-18,Double
kotak_abu,KARAWANG,LCC-H2,DE-06-28,Double
kotak_abu,KARAWANG,LCC-H2,DE-07-08,Double
kotak_abu,KARAWANG,LCC-H2,DE-07-18,Double
kotak_abu,KARAWANG,LCC-H2,DE-07-28,Double
kotak_abu,KARAWANG,LCC-H2,DE-08-08,Double
kotak_abu,KARAWANG,LCC-H2,DE-08-18,Double
kotak_abu,KARAWANG,LCC-H2,DE-08-28,Double
kotak_abu,KARAWANG,LCC-H2,DE-09-08,Double
kotak_abu,KARAWANG,LCC-H2,DE-09-18,Double
kotak_abu,KARAWANG,LCC-H2,DE-09-28,Double
kotak_abu,KARAWANG,LCC-H2,DE-3A-08,Double
kotak_abu,KARAWANG,LCC-H2,DE-3A-18,Double
kotak_abu,KARAWANG,LCC-H2,DE-3A-28,Double
kotak_abu,KARAWANG,LCC-H3,DA-01-08,Double
kotak_abu,KARAWANG,LCC-H3,DA-01-18,Double
kotak_abu,KARAWANG,LCC-H3,DA-02-08,Double
kotak_abu,KARAWANG,LCC-H3,DA-02-18,Double
kotak_abu,KARAWANG,LCC-H3,DA-03-08,Double
kotak_abu,KARAWANG,LCC-H3,DA-03-18,Double
kotak_abu,KARAWANG,LCC-H3,DA-05-08,Double
kotak_abu,KARAWANG,LCC-H3,DA-05-18,Double
kotak_abu,KARAWANG,LCC-H3,DA-06-08,Double
kotak_abu,KARAWANG,LCC-H3,DA-06-18,Double
kotak_abu,KARAWANG,LCC-H3,DA-07-08,Double
kotak_abu,KARAWANG,LCC-H3,DA-07-18,Double
kotak_abu,KARAWANG,LCC-H3,DA-08-08,Double
kotak_abu,KARAWANG,LCC-H3,DA-08-18,Double
kotak_abu,KARAWANG,LCC-H3,DA-09-08,Double
kotak_abu,KARAWANG,LCC-H3,DA-09-18,Double
kotak_abu,KARAWANG,LCC-H3,DA-3A-08,Double
kotak_abu,KARAWANG,LCC-H3,DA-3A-18,Double
kotak_abu,KARAWANG,LCC-H3,DB-01-18,Double
kotak_abu,KARAWANG,LCC-H3,DB-01-28,Double
kotak_abu,KARAWANG,LCC-H3,DB-02-18,Double
kotak_abu,KARAWANG,LCC-H3,DB-02-28,Double
kotak_abu,KARAWANG,LCC-H3,DB-03-18,Double
kotak_abu,KARAWANG,LCC-H3,DB-03-28,Double
kotak_abu,KARAWANG,LCC-H3,DB-05-18,Double
kotak_abu,KARAWANG,LCC-H3,DB-05-28,Double
kotak_abu,KARAWANG,LCC-H3,DB-06-18,Double
kotak_abu,KARAWANG,LCC-H3,DB-06-28,Double
kotak_abu,KARAWANG,LCC-H3,DB-07-18,Double
kotak_abu,KARAWANG,LCC-H3,DB-07-28,Double
kotak_abu,KARAWANG,LCC-H3,DB-08-18,Double
kotak_abu,KARAWANG,LCC-H3,DB-08-28,Double
kotak_abu,KARAWANG,LCC-H3,DB-09-18,Double
kotak_abu,KARAWANG,LCC-H3,DB-09-28,Double
kotak_abu,KARAWANG,LCC-H3,DB-3A-18,Double
kotak_abu,KARAWANG,LCC-H3,DB-3A-28,Double
kotak_abu,KARAWANG,LCC-H3,DC-01-08,Double
kotak_abu,KARAWANG,LCC-H3,DC-01-18,Double
kotak_abu,KARAWANG,LCC-H3,DC-01-28,Double
kotak_abu,KARAWANG,LCC-H3,DC-02-08,Double
kotak_abu,KARAWANG,LCC-H3,DC-02-18,Double
kotak_abu,KARAWANG,LCC-H3,DC-02-28,Double
kotak_abu,KARAWANG,LCC-H3,DC-03-08,Double
kotak_abu,KARAWANG,LCC-H3,DC-03-18,Double
kotak_abu,KARAWANG,LCC-H3,DC-03-28,Double
kotak_abu,KARAWANG,LCC-H3,DC-05-08,Double
kotak_abu,KARAWANG,LCC-H3,DC-05-18,Double
kotak_abu,KARAWANG,LCC-H3,DC-05-28,Double
kotak_abu,KARAWANG,LCC-H3,DC-06-08,Double
kotak_abu,KARAWANG,LCC-H3,DC-06-18,Double
kotak_abu,KARAWANG,LCC-H3,DC-06-28,Double
kotak_abu,KARAWANG,LCC-H3,DC-07-08,Double
kotak_abu,KARAWANG,LCC-H3,DC-07-18,Double
kotak_abu,KARAWANG,LCC-H3,DC-07-28,Double
kotak_abu,KARAWANG,LCC-H3,DC-08-08,Double
kotak_abu,KARAWANG,LCC-H3,DC-08-18,Double
kotak_abu,KARAWANG,LCC-H3,DC-08-28,Double
kotak_abu,KARAWANG,LCC-H3,DC-09-08,Double
kotak_abu,KARAWANG,LCC-H3,DC-09-18,Double
kotak_abu,KARAWANG,LCC-H3,DC-09-28,Double
kotak_abu,KARAWANG,LCC-H3,DC-3A-08,Double
kotak_abu,KARAWANG,LCC-H3,DC-3A-18,Double
kotak_abu,KARAWANG,LCC-H3,DC-3A-28,Double
kotak_abu,KARAWANG,LCC-H3,DD-01-08,Double
kotak_abu,KARAWANG,LCC-H3,DD-01-18,Double
kotak_abu,KARAWANG,LCC-H3,DD-01-28,Double
kotak_abu,KARAWANG,LCC-H3,DD-01-38,Double
kotak_abu,KARAWANG,LCC-H3,DD-01-68,Double
kotak_abu,KARAWANG,LCC-H3,DD-01-88,Double
kotak_abu,KARAWANG,LCC-H3,DD-01-98,Double
kotak_abu,KARAWANG,LCC-H3,DD-02-08,Double
kotak_abu,KARAWANG,LCC-H3,DD-02-18,Double
kotak_abu,KARAWANG,LCC-H3,DD-02-28,Double
kotak_abu,KARAWANG,LCC-H3,DD-02-38,Double
kotak_abu,KARAWANG,LCC-H3,DD-02-68,Double
kotak_abu,KARAWANG,LCC-H3,DD-02-88,Double
kotak_abu,KARAWANG,LCC-H3,DD-02-98,Double
kotak_abu,KARAWANG,LCC-H3,DD-03-08,Double
kotak_abu,KARAWANG,LCC-H3,DD-03-18,Double
kotak_abu,KARAWANG,LCC-H3,DD-03-28,Double
kotak_abu,KARAWANG,LCC-H3,DD-03-38,Double
kotak_abu,KARAWANG,LCC-H3,DD-03-68,Double
kotak_abu,KARAWANG,LCC-H3,DD-03-88,Double
kotak_abu,KARAWANG,LCC-H3,DD-03-98,Double
kotak_abu,KARAWANG,LCC-H3,DD-05-08,Double
kotak_abu,KARAWANG,LCC-H3,DD-05-18,Double
kotak_abu,KARAWANG,LCC-H3,DD-05-28,Double
kotak_abu,KARAWANG,LCC-H3,DD-05-38,Double
kotak_abu,KARAWANG,LCC-H3,DD-05-68,Double
kotak_abu,KARAWANG,LCC-H3,DD-05-88,Double
kotak_abu,KARAWANG,LCC-H3,DD-05-98,Double
kotak_abu,KARAWANG,LCC-H3,DD-06-08,Double
kotak_abu,KARAWANG,LCC-H3,DD-06-18,Double
kotak_abu,KARAWANG,LCC-H3,DD-06-28,Double
kotak_abu,KARAWANG,LCC-H3,DD-06-38,Double
kotak_abu,KARAWANG,LCC-H3,DD-06-68,Double
kotak_abu,KARAWANG,LCC-H3,DD-06-88,Double
kotak_abu,KARAWANG,LCC-H3,DD-06-98,Double
kotak_abu,KARAWANG,LCC-H3,DD-07-08,Double
kotak_abu,KARAWANG,LCC-H3,DD-07-18,Double
kotak_abu,KARAWANG,LCC-H3,DD-07-28,Double
kotak_abu,KARAWANG,LCC-H3,DD-07-38,Double
kotak_abu,KARAWANG,LCC-H3,DD-07-68,Double
kotak_abu,KARAWANG,LCC-H3,DD-07-88,Double
kotak_abu,KARAWANG,LCC-H3,DD-07-98,Double
kotak_abu,KARAWANG,LCC-H3,DD-08-08,Double
kotak_abu,KARAWANG,LCC-H3,DD-08-18,Double
kotak_abu,KARAWANG,LCC-H3,DD-08-28,Double
kotak_abu,KARAWANG,LCC-H3,DD-08-38,Double
kotak_abu,KARAWANG,LCC-H3,DD-08-68,Double
kotak_abu,KARAWANG,LCC-H3,DD-08-88,Double
kotak_abu,KARAWANG,LCC-H3,DD-08-98,Double
kotak_abu,KARAWANG,LCC-H3,DD-09-08,Double
kotak_abu,KARAWANG,LCC-H3,DD-09-18,Double
kotak_abu,KARAWANG,LCC-H3,DD-09-28,Double
kotak_abu,KARAWANG,LCC-H3,DD-09-38,Double
kotak_abu,KARAWANG,LCC-H3,DD-09-68,Double
kotak_abu,KARAWANG,LCC-H3,DD-09-88,Double
kotak_abu,KARAWANG,LCC-H3,DD-09-98,Double
kotak_abu,KARAWANG,LCC-H3,DD-3A-08,Double
kotak_abu,KARAWANG,LCC-H3,DD-3A-18,Double
kotak_abu,KARAWANG,LCC-H3,DD-3A-28,Double
kotak_abu,KARAWANG,LCC-H3,DD-3A-38,Double
kotak_abu,KARAWANG,LCC-H3,DD-3A-68,Double
kotak_abu,KARAWANG,LCC-H3,DD-3A-88,Double
kotak_abu,KARAWANG,LCC-H3,DD-3A-98,Double
kotak_abu,KARAWANG,LCC-H3,DE-01-08,Double
kotak_abu,KARAWANG,LCC-H3,DE-01-18,Double
kotak_abu,KARAWANG,LCC-H3,DE-01-28,Double
kotak_abu,KARAWANG,LCC-H3,DE-02-08,Double
kotak_abu,KARAWANG,LCC-H3,DE-02-18,Double
kotak_abu,KARAWANG,LCC-H3,DE-02-28,Double
kotak_abu,KARAWANG,LCC-H3,DE-03-08,Double
kotak_abu,KARAWANG,LCC-H3,DE-03-18,Double
kotak_abu,KARAWANG,LCC-H3,DE-03-28,Double
kotak_abu,KARAWANG,LCC-H3,DE-05-08,Double
kotak_abu,KARAWANG,LCC-H3,DE-05-18,Double
kotak_abu,KARAWANG,LCC-H3,DE-05-28,Double
kotak_abu,KARAWANG,LCC-H3,DE-06-08,Double
kotak_abu,KARAWANG,LCC-H3,DE-06-18,Double
kotak_abu,KARAWANG,LCC-H3,DE-06-28,Double
kotak_abu,KARAWANG,LCC-H3,DE-07-08,Double
kotak_abu,KARAWANG,LCC-H3,DE-07-18,Double
kotak_abu,KARAWANG,LCC-H3,DE-07-28,Double
kotak_abu,KARAWANG,LCC-H3,DE-08-08,Double
kotak_abu,KARAWANG,LCC-H3,DE-08-18,Double
kotak_abu,KARAWANG,LCC-H3,DE-08-28,Double
kotak_abu,KARAWANG,LCC-H3,DE-09-08,Double
kotak_abu,KARAWANG,LCC-H3,DE-09-18,Double
kotak_abu,KARAWANG,LCC-H3,DE-09-28,Double
kotak_abu,KARAWANG,LCC-H3,DE-3A-08,Double
kotak_abu,KARAWANG,LCC-H3,DE-3A-18,Double
kotak_abu,KARAWANG,LCC-H3,DE-3A-28,Double
kotak_abu,KARAWANG,LCC-H3,DF-01-08,Double
kotak_abu,KARAWANG,LCC-H3,DF-01-18,Double
kotak_abu,KARAWANG,LCC-H3,DF-02-08,Double
kotak_abu,KARAWANG,LCC-H3,DF-02-18,Double
kotak_abu,KARAWANG,LCC-H3,DF-03-08,Double
kotak_abu,KARAWANG,LCC-H3,DF-03-18,Double
kotak_abu,KARAWANG,LCC-H3,DF-05-08,Double
kotak_abu,KARAWANG,LCC-H3,DF-05-18,Double
kotak_abu,KARAWANG,LCC-H3,DF-06-08,Double
kotak_abu,KARAWANG,LCC-H3,DF-06-18,Double
kotak_abu,KARAWANG,LCC-H3,DF-07-08,Double
kotak_abu,KARAWANG,LCC-H3,DF-07-18,Double
kotak_abu,KARAWANG,LCC-H3,DF-08-08,Double
kotak_abu,KARAWANG,LCC-H3,DF-08-18,Double
kotak_abu,KARAWANG,LCC-H3,DF-09-08,Double
kotak_abu,KARAWANG,LCC-H3,DF-09-18,Double
kotak_abu,KARAWANG,LCC-H3,DF-3A-08,Double
kotak_abu,KARAWANG,LCC-H3,DF-3A-18,Double
kotak_abu,KARAWANG,LCC-H3,DG-01-18,Double
kotak_abu,KARAWANG,LCC-H3,DG-01-28,Double
kotak_abu,KARAWANG,LCC-H3,DG-02-18,Double
kotak_abu,KARAWANG,LCC-H3,DG-02-28,Double
kotak_abu,KARAWANG,LCC-H3,DG-03-18,Double
kotak_abu,KARAWANG,LCC-H3,DG-03-28,Double
kotak_abu,KARAWANG,LCC-H3,DG-05-18,Double
kotak_abu,KARAWANG,LCC-H3,DG-05-28,Double
kotak_abu,KARAWANG,LCC-H3,DG-06-18,Double
kotak_abu,KARAWANG,LCC-H3,DG-06-28,Double
kotak_abu,KARAWANG,LCC-H3,DG-07-18,Double
kotak_abu,KARAWANG,LCC-H3,DG-07-28,Double
kotak_abu,KARAWANG,LCC-H3,DG-08-18,Double
kotak_abu,KARAWANG,LCC-H3,DG-08-28,Double
kotak_abu,KARAWANG,LCC-H3,DG-09-18,Double
kotak_abu,KARAWANG,LCC-H3,DG-09-28,Double
kotak_abu,KARAWANG,LCC-H3,DG-3A-18,Double
kotak_abu,KARAWANG,LCC-H3,DG-3A-28,Double
kotak_abu,KARAWANG,LCC-H3,DH-01-08,Double
kotak_abu,KARAWANG,LCC-H3,DH-01-18,Double
kotak_abu,KARAWANG,LCC-H3,DH-01-28,Double
kotak_abu,KARAWANG,LCC-H3,DH-02-08,Double
kotak_abu,KARAWANG,LCC-H3,DH-02-18,Double
kotak_abu,KARAWANG,LCC-H3,DH-02-28,Double
kotak_abu,KARAWANG,LCC-H3,DH-03-08,Double
kotak_abu,KARAWANG,LCC-H3,DH-03-18,Double
kotak_abu,KARAWANG,LCC-H3,DH-03-28,Double
kotak_abu,KARAWANG,LCC-H3,DH-05-08,Double
kotak_abu,KARAWANG,LCC-H3,DH-05-18,Double
kotak_abu,KARAWANG,LCC-H3,DH-05-28,Double
kotak_abu,KARAWANG,LCC-H3,DH-06-08,Double
kotak_abu,KARAWANG,LCC-H3,DH-06-18,Double
kotak_abu,KARAWANG,LCC-H3,DH-06-28,Double
kotak_abu,KARAWANG,LCC-H3,DH-07-08,Double
kotak_abu,KARAWANG,LCC-H3,DH-07-18,Double
kotak_abu,KARAWANG,LCC-H3,DH-07-28,Double
kotak_abu,KARAWANG,LCC-H3,DH-08-08,Double
kotak_abu,KARAWANG,LCC-H3,DH-08-18,Double
kotak_abu,KARAWANG,LCC-H3,DH-08-28,Double
kotak_abu,KARAWANG,LCC-H3,DH-09-08,Double
kotak_abu,KARAWANG,LCC-H3,DH-09-18,Double
kotak_abu,KARAWANG,LCC-H3,DH-09-28,Double
kotak_abu,KARAWANG,LCC-H3,DH-3A-08,Double
kotak_abu,KARAWANG,LCC-H3,DH-3A-18,Double
kotak_abu,KARAWANG,LCC-H3,DH-3A-28,Double
kotak_abu,KARAWANG,LCC-H3,DJ-01-08,Double
kotak_abu,KARAWANG,LCC-H3,DJ-01-18,Double
kotak_abu,KARAWANG,LCC-H3,DJ-01-28,Double
kotak_abu,KARAWANG,LCC-H3,DJ-01-38,Double
kotak_abu,KARAWANG,LCC-H3,DJ-01-68,Double
kotak_abu,KARAWANG,LCC-H3,DJ-01-88,Double
kotak_abu,KARAWANG,LCC-H3,DJ-01-98,Double
kotak_abu,KARAWANG,LCC-H3,DJ-02-08,Double
kotak_abu,KARAWANG,LCC-H3,DJ-02-18,Double
kotak_abu,KARAWANG,LCC-H3,DJ-02-28,Double
kotak_abu,KARAWANG,LCC-H3,DJ-02-38,Double
kotak_abu,KARAWANG,LCC-H3,DJ-02-68,Double
kotak_abu,KARAWANG,LCC-H3,DJ-02-88,Double
kotak_abu,KARAWANG,LCC-H3,DJ-02-98,Double
kotak_abu,KARAWANG,LCC-H3,DJ-03-08,Double
kotak_abu,KARAWANG,LCC-H3,DJ-03-18,Double
kotak_abu,KARAWANG,LCC-H3,DJ-03-28,Double
kotak_abu,KARAWANG,LCC-H3,DJ-03-38,Double
kotak_abu,KARAWANG,LCC-H3,DJ-03-68,Double
kotak_abu,KARAWANG,LCC-H3,DJ-03-88,Double
kotak_abu,KARAWANG,LCC-H3,DJ-03-98,Double
kotak_abu,KARAWANG,LCC-H3,DJ-05-08,Double
kotak_abu,KARAWANG,LCC-H3,DJ-05-18,Double
kotak_abu,KARAWANG,LCC-H3,DJ-05-28,Double
kotak_abu,KARAWANG,LCC-H3,DJ-05-38,Double
kotak_abu,KARAWANG,LCC-H3,DJ-05-68,Double
kotak_abu,KARAWANG,LCC-H3,DJ-05-88,Double
kotak_abu,KARAWANG,LCC-H3,DJ-05-98,Double
kotak_abu,KARAWANG,LCC-H3,DJ-06-08,Double
kotak_abu,KARAWANG,LCC-H3,DJ-06-18,Double
kotak_abu,KARAWANG,LCC-H3,DJ-06-28,Double
kotak_abu,KARAWANG,LCC-H3,DJ-06-38,Double
kotak_abu,KARAWANG,LCC-H3,DJ-06-68,Double
kotak_abu,KARAWANG,LCC-H3,DJ-06-88,Double
kotak_abu,KARAWANG,LCC-H3,DJ-06-98,Double
kotak_abu,KARAWANG,LCC-H3,DJ-07-08,Double
kotak_abu,KARAWANG,LCC-H3,DJ-07-18,Double
kotak_abu,KARAWANG,LCC-H3,DJ-07-28,Double
kotak_abu,KARAWANG,LCC-H3,DJ-07-38,Double
kotak_abu,KARAWANG,LCC-H3,DJ-07-68,Double
kotak_abu,KARAWANG,LCC-H3,DJ-07-88,Double
kotak_abu,KARAWANG,LCC-H3,DJ-07-98,Double
kotak_abu,KARAWANG,LCC-H3,DJ-08-08,Double
kotak_abu,KARAWANG,LCC-H3,DJ-08-18,Double
kotak_abu,KARAWANG,LCC-H3,DJ-08-28,Double
kotak_abu,KARAWANG,LCC-H3,DJ-08-38,Double
kotak_abu,KARAWANG,LCC-H3,DJ-08-68,Double
kotak_abu,KARAWANG,LCC-H3,DJ-08-88,Double
kotak_abu,KARAWANG,LCC-H3,DJ-08-98,Double
kotak_abu,KARAWANG,LCC-H3,DJ-09-08,Double
kotak_abu,KARAWANG,LCC-H3,DJ-09-18,Double
kotak_abu,KARAWANG,LCC-H3,DJ-09-28,Double
kotak_abu,KARAWANG,LCC-H3,DJ-09-38,Double
kotak_abu,KARAWANG,LCC-H3,DJ-09-68,Double
kotak_abu,KARAWANG,LCC-H3,DJ-09-88,Double
kotak_abu,KARAWANG,LCC-H3,DJ-09-98,Double
kotak_abu,KARAWANG,LCC-H3,DJ-3A-08,Double
kotak_abu,KARAWANG,LCC-H3,DJ-3A-18,Double
kotak_abu,KARAWANG,LCC-H3,DJ-3A-28,Double
kotak_abu,KARAWANG,LCC-H3,DJ-3A-38,Double
kotak_abu,KARAWANG,LCC-H3,DJ-3A-68,Double
kotak_abu,KARAWANG,LCC-H3,DJ-3A-88,Double
kotak_abu,KARAWANG,LCC-H3,DJ-3A-98,Double
kotak_abu,KARAWANG,LCC-H3,DK-01-08,Double
kotak_abu,KARAWANG,LCC-H3,DK-01-18,Double
kotak_abu,KARAWANG,LCC-H3,DK-01-28,Double
kotak_abu,KARAWANG,LCC-H3,DK-02-08,Double
kotak_abu,KARAWANG,LCC-H3,DK-02-18,Double
kotak_abu,KARAWANG,LCC-H3,DK-02-28,Double
kotak_abu,KARAWANG,LCC-H3,DK-03-08,Double
kotak_abu,KARAWANG,LCC-H3,DK-03-18,Double
kotak_abu,KARAWANG,LCC-H3,DK-03-28,Double
kotak_abu,KARAWANG,LCC-H3,DK-05-08,Double
kotak_abu,KARAWANG,LCC-H3,DK-05-18,Double
kotak_abu,KARAWANG,LCC-H3,DK-05-28,Double
kotak_abu,KARAWANG,LCC-H3,DK-06-08,Double
kotak_abu,KARAWANG,LCC-H3,DK-06-18,Double
kotak_abu,KARAWANG,LCC-H3,DK-06-28,Double
kotak_abu,KARAWANG,LCC-H3,DK-07-08,Double
kotak_abu,KARAWANG,LCC-H3,DK-07-18,Double
kotak_abu,KARAWANG,LCC-H3,DK-07-28,Double
kotak_abu,KARAWANG,LCC-H3,DK-08-08,Double
kotak_abu,KARAWANG,LCC-H3,DK-08-18,Double
kotak_abu,KARAWANG,LCC-H3,DK-08-28,Double
kotak_abu,KARAWANG,LCC-H3,DK-09-08,Double
kotak_abu,KARAWANG,LCC-H3,DK-09-18,Double
kotak_abu,KARAWANG,LCC-H3,DK-09-28,Double
kotak_abu,KARAWANG,LCC-H3,DK-3A-08,Double
kotak_abu,KARAWANG,LCC-H3,DK-3A-18,Double
kotak_abu,KARAWANG,LCC-H3,DK-3A-28,Double
kotak_abu,KARAWANG,LCC-H3,SA-01-28,Single
kotak_abu,KARAWANG,LCC-H3,SA-02-28,Single
kotak_abu,KARAWANG,LCC-H3,SA-03-28,Single
kotak_abu,KARAWANG,LCC-H3,SA-05-28,Single
kotak_abu,KARAWANG,LCC-H3,SA-06-28,Single
kotak_abu,KARAWANG,LCC-H3,SA-07-28,Single
kotak_abu,KARAWANG,LCC-H3,SA-08-28,Single
kotak_abu,KARAWANG,LCC-H3,SA-09-28,Single
kotak_abu,KARAWANG,LCC-H3,SA-3A-28,Single
kotak_abu,KARAWANG,LCC-H3,SB-01-08,Single
kotak_abu,KARAWANG,LCC-H3,SB-02-08,Single
kotak_abu,KARAWANG,LCC-H3,SB-03-08,Single
kotak_abu,KARAWANG,LCC-H3,SB-05-08,Single
kotak_abu,KARAWANG,LCC-H3,SB-06-08,Single
kotak_abu,KARAWANG,LCC-H3,SB-07-08,Single
kotak_abu,KARAWANG,LCC-H3,SB-08-08,Single
kotak_abu,KARAWANG,LCC-H3,SB-09-08,Single
kotak_abu,KARAWANG,LCC-H3,SB-3A-08,Single
kotak_abu,KARAWANG,LCC-H3,SF-01-28,Single
kotak_abu,KARAWANG,LCC-H3,SF-02-28,Single
kotak_abu,KARAWANG,LCC-H3,SF-03-28,Single
kotak_abu,KARAWANG,LCC-H3,SF-05-28,Single
kotak_abu,KARAWANG,LCC-H3,SF-06-28,Single
kotak_abu,KARAWANG,LCC-H3,SF-07-28,Single
kotak_abu,KARAWANG,LCC-H3,SF-08-28,Single
kotak_abu,KARAWANG,LCC-H3,SF-09-28,Single
kotak_abu,KARAWANG,LCC-H3,SF-3A-28,Single
kotak_abu,KARAWANG,LCC-H3,SG-01-08,Single
kotak_abu,KARAWANG,LCC-H3,SG-02-08,Single
kotak_abu,KARAWANG,LCC-H3,SG-03-08,Single
kotak_abu,KARAWANG,LCC-H3,SG-05-08,Single
kotak_abu,KARAWANG,LCC-H3,SG-06-08,Single
kotak_abu,KARAWANG,LCC-H3,SG-07-08,Single
kotak_abu,KARAWANG,LCC-H3,SG-08-08,Single
kotak_abu,KARAWANG,LCC-H3,SG-09-08,Single
kotak_abu,KARAWANG,LCC-H3,SG-3A-08,Single
kotak_abu,KARAWANG,LCC-H3A,DA-01-08,Double
kotak_abu,KARAWANG,LCC-H3A,DA-01-18,Double
kotak_abu,KARAWANG,LCC-H3A,DA-01-28,Double
kotak_abu,KARAWANG,LCC-H3A,DA-02-08,Double
kotak_abu,KARAWANG,LCC-H3A,DA-02-18,Double
kotak_abu,KARAWANG,LCC-H3A,DA-02-28,Double
kotak_abu,KARAWANG,LCC-H3A,DA-03-08,Double
kotak_abu,KARAWANG,LCC-H3A,DA-03-18,Double
kotak_abu,KARAWANG,LCC-H3A,DA-03-28,Double
kotak_abu,KARAWANG,LCC-H3A,DA-05-08,Double
kotak_abu,KARAWANG,LCC-H3A,DA-05-18,Double
kotak_abu,KARAWANG,LCC-H3A,DA-05-28,Double
kotak_abu,KARAWANG,LCC-H3A,DA-06-08,Double
kotak_abu,KARAWANG,LCC-H3A,DA-06-18,Double
kotak_abu,KARAWANG,LCC-H3A,DA-06-28,Double
kotak_abu,KARAWANG,LCC-H3A,DA-07-08,Double
kotak_abu,KARAWANG,LCC-H3A,DA-07-18,Double
kotak_abu,KARAWANG,LCC-H3A,DA-07-28,Double
kotak_abu,KARAWANG,LCC-H3A,DA-08-08,Double
kotak_abu,KARAWANG,LCC-H3A,DA-08-18,Double
kotak_abu,KARAWANG,LCC-H3A,DA-08-28,Double
kotak_abu,KARAWANG,LCC-H3A,DA-09-08,Double
kotak_abu,KARAWANG,LCC-H3A,DA-09-18,Double
kotak_abu,KARAWANG,LCC-H3A,DA-09-28,Double
kotak_abu,KARAWANG,LCC-H3A,DA-3A-08,Double
kotak_abu,KARAWANG,LCC-H3A,DA-3A-18,Double
kotak_abu,KARAWANG,LCC-H3A,DA-3A-28,Double
kotak_abu,KARAWANG,LCC-H3A,DB-01-08,Double
kotak_abu,KARAWANG,LCC-H3A,DB-01-108,Double
kotak_abu,KARAWANG,LCC-H3A,DB-01-18,Double
kotak_abu,KARAWANG,LCC-H3A,DB-01-28,Double
kotak_abu,KARAWANG,LCC-H3A,DB-01-38,Double
kotak_abu,KARAWANG,LCC-H3A,DB-01-68,Double
kotak_abu,KARAWANG,LCC-H3A,DB-01-88,Double
kotak_abu,KARAWANG,LCC-H3A,DB-01-98,Double
kotak_abu,KARAWANG,LCC-H3A,DB-02-08,Double
kotak_abu,KARAWANG,LCC-H3A,DB-02-108,Double
kotak_abu,KARAWANG,LCC-H3A,DB-02-18,Double
kotak_abu,KARAWANG,LCC-H3A,DB-02-28,Double
kotak_abu,KARAWANG,LCC-H3A,DB-02-38,Double
kotak_abu,KARAWANG,LCC-H3A,DB-02-68,Double
kotak_abu,KARAWANG,LCC-H3A,DB-02-88,Double
kotak_abu,KARAWANG,LCC-H3A,DB-02-98,Double
kotak_abu,KARAWANG,LCC-H3A,DB-03-08,Double
kotak_abu,KARAWANG,LCC-H3A,DB-03-108,Double
kotak_abu,KARAWANG,LCC-H3A,DB-03-18,Double
kotak_abu,KARAWANG,LCC-H3A,DB-03-28,Double
kotak_abu,KARAWANG,LCC-H3A,DB-03-38,Double
kotak_abu,KARAWANG,LCC-H3A,DB-03-68,Double
kotak_abu,KARAWANG,LCC-H3A,DB-03-88,Double
kotak_abu,KARAWANG,LCC-H3A,DB-03-98,Double
kotak_abu,KARAWANG,LCC-H3A,DB-05-08,Double
kotak_abu,KARAWANG,LCC-H3A,DB-05-108,Double
kotak_abu,KARAWANG,LCC-H3A,DB-05-18,Double
kotak_abu,KARAWANG,LCC-H3A,DB-05-28,Double
kotak_abu,KARAWANG,LCC-H3A,DB-05-38,Double
kotak_abu,KARAWANG,LCC-H3A,DB-05-68,Double
kotak_abu,KARAWANG,LCC-H3A,DB-05-88,Double
kotak_abu,KARAWANG,LCC-H3A,DB-05-98,Double
kotak_abu,KARAWANG,LCC-H3A,DB-06-08,Double
kotak_abu,KARAWANG,LCC-H3A,DB-06-108,Double
kotak_abu,KARAWANG,LCC-H3A,DB-06-18,Double
kotak_abu,KARAWANG,LCC-H3A,DB-06-28,Double
kotak_abu,KARAWANG,LCC-H3A,DB-06-38,Double
kotak_abu,KARAWANG,LCC-H3A,DB-06-68,Double
kotak_abu,KARAWANG,LCC-H3A,DB-06-88,Double
kotak_abu,KARAWANG,LCC-H3A,DB-06-98,Double
kotak_abu,KARAWANG,LCC-H3A,DB-07-08,Double
kotak_abu,KARAWANG,LCC-H3A,DB-07-108,Double
kotak_abu,KARAWANG,LCC-H3A,DB-07-18,Double
kotak_abu,KARAWANG,LCC-H3A,DB-07-28,Double
kotak_abu,KARAWANG,LCC-H3A,DB-07-38,Double
kotak_abu,KARAWANG,LCC-H3A,DB-07-68,Double
kotak_abu,KARAWANG,LCC-H3A,DB-07-88,Double
kotak_abu,KARAWANG,LCC-H3A,DB-07-98,Double
kotak_abu,KARAWANG,LCC-H3A,DB-08-08,Double
kotak_abu,KARAWANG,LCC-H3A,DB-08-108,Double
kotak_abu,KARAWANG,LCC-H3A,DB-08-18,Double
kotak_abu,KARAWANG,LCC-H3A,DB-08-28,Double
kotak_abu,KARAWANG,LCC-H3A,DB-08-38,Double
kotak_abu,KARAWANG,LCC-H3A,DB-08-68,Double
kotak_abu,KARAWANG,LCC-H3A,DB-08-88,Double
kotak_abu,KARAWANG,LCC-H3A,DB-08-98,Double
kotak_abu,KARAWANG,LCC-H3A,DB-09-08,Double
kotak_abu,KARAWANG,LCC-H3A,DB-09-108,Double
kotak_abu,KARAWANG,LCC-H3A,DB-09-18,Double
kotak_abu,KARAWANG,LCC-H3A,DB-09-28,Double
kotak_abu,KARAWANG,LCC-H3A,DB-09-38,Double
kotak_abu,KARAWANG,LCC-H3A,DB-09-68,Double
kotak_abu,KARAWANG,LCC-H3A,DB-09-88,Double
kotak_abu,KARAWANG,LCC-H3A,DB-09-98,Double
kotak_abu,KARAWANG,LCC-H3A,DB-3A-08,Double
kotak_abu,KARAWANG,LCC-H3A,DB-3A-108,Double
kotak_abu,KARAWANG,LCC-H3A,DB-3A-18,Double
kotak_abu,KARAWANG,LCC-H3A,DB-3A-28,Double
kotak_abu,KARAWANG,LCC-H3A,DB-3A-38,Double
kotak_abu,KARAWANG,LCC-H3A,DB-3A-68,Double
kotak_abu,KARAWANG,LCC-H3A,DB-3A-88,Double
kotak_abu,KARAWANG,LCC-H3A,DB-3A-98,Double
kotak_abu,KARAWANG,LCC-H3A,DC-01-08,Double
kotak_abu,KARAWANG,LCC-H3A,DC-01-108,Double
kotak_abu,KARAWANG,LCC-H3A,DC-01-18,Double
kotak_abu,KARAWANG,LCC-H3A,DC-01-28,Double
kotak_abu,KARAWANG,LCC-H3A,DC-01-38,Double
kotak_abu,KARAWANG,LCC-H3A,DC-01-68,Double
kotak_abu,KARAWANG,LCC-H3A,DC-01-88,Double
kotak_abu,KARAWANG,LCC-H3A,DC-01-98,Double
kotak_abu,KARAWANG,LCC-H3A,DC-02-08,Double
kotak_abu,KARAWANG,LCC-H3A,DC-02-108,Double
kotak_abu,KARAWANG,LCC-H3A,DC-02-18,Double
kotak_abu,KARAWANG,LCC-H3A,DC-02-28,Double
kotak_abu,KARAWANG,LCC-H3A,DC-02-38,Double
kotak_abu,KARAWANG,LCC-H3A,DC-02-68,Double
kotak_abu,KARAWANG,LCC-H3A,DC-02-88,Double
kotak_abu,KARAWANG,LCC-H3A,DC-02-98,Double
kotak_abu,KARAWANG,LCC-H3A,DC-03-08,Double
kotak_abu,KARAWANG,LCC-H3A,DC-03-108,Double
kotak_abu,KARAWANG,LCC-H3A,DC-03-18,Double
kotak_abu,KARAWANG,LCC-H3A,DC-03-28,Double
kotak_abu,KARAWANG,LCC-H3A,DC-03-38,Double
kotak_abu,KARAWANG,LCC-H3A,DC-03-68,Double
kotak_abu,KARAWANG,LCC-H3A,DC-03-88,Double
kotak_abu,KARAWANG,LCC-H3A,DC-03-98,Double
kotak_abu,KARAWANG,LCC-H3A,DC-05-08,Double
kotak_abu,KARAWANG,LCC-H3A,DC-05-108,Double
kotak_abu,KARAWANG,LCC-H3A,DC-05-18,Double
kotak_abu,KARAWANG,LCC-H3A,DC-05-28,Double
kotak_abu,KARAWANG,LCC-H3A,DC-05-38,Double
kotak_abu,KARAWANG,LCC-H3A,DC-05-68,Double
kotak_abu,KARAWANG,LCC-H3A,DC-05-88,Double
kotak_abu,KARAWANG,LCC-H3A,DC-05-98,Double
kotak_abu,KARAWANG,LCC-H3A,DC-06-08,Double
kotak_abu,KARAWANG,LCC-H3A,DC-06-108,Double
kotak_abu,KARAWANG,LCC-H3A,DC-06-18,Double
kotak_abu,KARAWANG,LCC-H3A,DC-06-28,Double
kotak_abu,KARAWANG,LCC-H3A,DC-06-38,Double
kotak_abu,KARAWANG,LCC-H3A,DC-06-68,Double
kotak_abu,KARAWANG,LCC-H3A,DC-06-88,Double
kotak_abu,KARAWANG,LCC-H3A,DC-06-98,Double
kotak_abu,KARAWANG,LCC-H3A,DC-07-08,Double
kotak_abu,KARAWANG,LCC-H3A,DC-07-108,Double
kotak_abu,KARAWANG,LCC-H3A,DC-07-18,Double
kotak_abu,KARAWANG,LCC-H3A,DC-07-28,Double
kotak_abu,KARAWANG,LCC-H3A,DC-07-38,Double
kotak_abu,KARAWANG,LCC-H3A,DC-07-68,Double
kotak_abu,KARAWANG,LCC-H3A,DC-07-88,Double
kotak_abu,KARAWANG,LCC-H3A,DC-07-98,Double
kotak_abu,KARAWANG,LCC-H3A,DC-08-08,Double
kotak_abu,KARAWANG,LCC-H3A,DC-08-108,Double
kotak_abu,KARAWANG,LCC-H3A,DC-08-18,Double
kotak_abu,KARAWANG,LCC-H3A,DC-08-28,Double
kotak_abu,KARAWANG,LCC-H3A,DC-08-38,Double
kotak_abu,KARAWANG,LCC-H3A,DC-08-68,Double
kotak_abu,KARAWANG,LCC-H3A,DC-08-88,Double
kotak_abu,KARAWANG,LCC-H3A,DC-08-98,Double
kotak_abu,KARAWANG,LCC-H3A,DC-09-08,Double
kotak_abu,KARAWANG,LCC-H3A,DC-09-108,Double
kotak_abu,KARAWANG,LCC-H3A,DC-09-18,Double
kotak_abu,KARAWANG,LCC-H3A,DC-09-28,Double
kotak_abu,KARAWANG,LCC-H3A,DC-09-38,Double
kotak_abu,KARAWANG,LCC-H3A,DC-09-68,Double
kotak_abu,KARAWANG,LCC-H3A,DC-09-88,Double
kotak_abu,KARAWANG,LCC-H3A,DC-09-98,Double
kotak_abu,KARAWANG,LCC-H3A,DC-3A-08,Double
kotak_abu,KARAWANG,LCC-H3A,DC-3A-108,Double
kotak_abu,KARAWANG,LCC-H3A,DC-3A-18,Double
kotak_abu,KARAWANG,LCC-H3A,DC-3A-28,Double
kotak_abu,KARAWANG,LCC-H3A,DC-3A-38,Double
kotak_abu,KARAWANG,LCC-H3A,DC-3A-68,Double
kotak_abu,KARAWANG,LCC-H3A,DC-3A-88,Double
kotak_abu,KARAWANG,LCC-H3A,DC-3A-98,Double
kotak_abu,KARAWANG,LCC-H3A,DD-01-08,Double
kotak_abu,KARAWANG,LCC-H3A,DD-01-108,Double
kotak_abu,KARAWANG,LCC-H3A,DD-01-18,Double
kotak_abu,KARAWANG,LCC-H3A,DD-01-28,Double
kotak_abu,KARAWANG,LCC-H3A,DD-01-38,Double
kotak_abu,KARAWANG,LCC-H3A,DD-01-68,Double
kotak_abu,KARAWANG,LCC-H3A,DD-01-88,Double
kotak_abu,KARAWANG,LCC-H3A,DD-01-98,Double
kotak_abu,KARAWANG,LCC-H3A,DD-02-08,Double
kotak_abu,KARAWANG,LCC-H3A,DD-02-108,Double
kotak_abu,KARAWANG,LCC-H3A,DD-02-18,Double
kotak_abu,KARAWANG,LCC-H3A,DD-02-28,Double
kotak_abu,KARAWANG,LCC-H3A,DD-02-38,Double
kotak_abu,KARAWANG,LCC-H3A,DD-02-68,Double
kotak_abu,KARAWANG,LCC-H3A,DD-02-88,Double
kotak_abu,KARAWANG,LCC-H3A,DD-02-98,Double
kotak_abu,KARAWANG,LCC-H3A,DD-03-08,Double
kotak_abu,KARAWANG,LCC-H3A,DD-03-108,Double
kotak_abu,KARAWANG,LCC-H3A,DD-03-18,Double
kotak_abu,KARAWANG,LCC-H3A,DD-03-28,Double
kotak_abu,KARAWANG,LCC-H3A,DD-03-38,Double
kotak_abu,KARAWANG,LCC-H3A,DD-03-68,Double
kotak_abu,KARAWANG,LCC-H3A,DD-03-88,Double
kotak_abu,KARAWANG,LCC-H3A,DD-03-98,Double
kotak_abu,KARAWANG,LCC-H3A,DD-05-08,Double
kotak_abu,KARAWANG,LCC-H3A,DD-05-108,Double
kotak_abu,KARAWANG,LCC-H3A,DD-05-18,Double
kotak_abu,KARAWANG,LCC-H3A,DD-05-28,Double
kotak_abu,KARAWANG,LCC-H3A,DD-05-38,Double
kotak_abu,KARAWANG,LCC-H3A,DD-05-68,Double
kotak_abu,KARAWANG,LCC-H3A,DD-05-88,Double
kotak_abu,KARAWANG,LCC-H3A,DD-05-98,Double
kotak_abu,KARAWANG,LCC-H3A,DD-06-08,Double
kotak_abu,KARAWANG,LCC-H3A,DD-06-108,Double
kotak_abu,KARAWANG,LCC-H3A,DD-06-18,Double
kotak_abu,KARAWANG,LCC-H3A,DD-06-28,Double
kotak_abu,KARAWANG,LCC-H3A,DD-06-38,Double
kotak_abu,KARAWANG,LCC-H3A,DD-06-68,Double
kotak_abu,KARAWANG,LCC-H3A,DD-06-88,Double
kotak_abu,KARAWANG,LCC-H3A,DD-06-98,Double
kotak_abu,KARAWANG,LCC-H3A,DD-07-08,Double
kotak_abu,KARAWANG,LCC-H3A,DD-07-108,Double
kotak_abu,KARAWANG,LCC-H3A,DD-07-18,Double
kotak_abu,KARAWANG,LCC-H3A,DD-07-28,Double
kotak_abu,KARAWANG,LCC-H3A,DD-07-38,Double
kotak_abu,KARAWANG,LCC-H3A,DD-07-68,Double
kotak_abu,KARAWANG,LCC-H3A,DD-07-88,Double
kotak_abu,KARAWANG,LCC-H3A,DD-07-98,Double
kotak_abu,KARAWANG,LCC-H3A,DD-08-08,Double
kotak_abu,KARAWANG,LCC-H3A,DD-08-108,Double
kotak_abu,KARAWANG,LCC-H3A,DD-08-18,Double
kotak_abu,KARAWANG,LCC-H3A,DD-08-28,Double
kotak_abu,KARAWANG,LCC-H3A,DD-08-38,Double
kotak_abu,KARAWANG,LCC-H3A,DD-08-68,Double
kotak_abu,KARAWANG,LCC-H3A,DD-08-88,Double
kotak_abu,KARAWANG,LCC-H3A,DD-08-98,Double
kotak_abu,KARAWANG,LCC-H3A,DD-09-08,Double
kotak_abu,KARAWANG,LCC-H3A,DD-09-108,Double
kotak_abu,KARAWANG,LCC-H3A,DD-09-18,Double
kotak_abu,KARAWANG,LCC-H3A,DD-09-28,Double
kotak_abu,KARAWANG,LCC-H3A,DD-09-38,Double
kotak_abu,KARAWANG,LCC-H3A,DD-09-68,Double
kotak_abu,KARAWANG,LCC-H3A,DD-09-88,Double
kotak_abu,KARAWANG,LCC-H3A,DD-09-98,Double
kotak_abu,KARAWANG,LCC-H3A,DD-3A-08,Double
kotak_abu,KARAWANG,LCC-H3A,DD-3A-108,Double
kotak_abu,KARAWANG,LCC-H3A,DD-3A-18,Double
kotak_abu,KARAWANG,LCC-H3A,DD-3A-28,Double
kotak_abu,KARAWANG,LCC-H3A,DD-3A-38,Double
kotak_abu,KARAWANG,LCC-H3A,DD-3A-68,Double
kotak_abu,KARAWANG,LCC-H3A,DD-3A-88,Double
kotak_abu,KARAWANG,LCC-H3A,DD-3A-98,Double
kotak_abu,KARAWANG,LCC-H3A,DE-01-08,Double
kotak_abu,KARAWANG,LCC-H3A,DE-01-18,Double
kotak_abu,KARAWANG,LCC-H3A,DE-01-28,Double
kotak_abu,KARAWANG,LCC-H3A,DE-02-08,Double
kotak_abu,KARAWANG,LCC-H3A,DE-02-18,Double
kotak_abu,KARAWANG,LCC-H3A,DE-02-28,Double
kotak_abu,KARAWANG,LCC-H3A,DE-03-08,Double
kotak_abu,KARAWANG,LCC-H3A,DE-03-18,Double
kotak_abu,KARAWANG,LCC-H3A,DE-03-28,Double
kotak_abu,KARAWANG,LCC-H3A,DE-05-08,Double
kotak_abu,KARAWANG,LCC-H3A,DE-05-18,Double
kotak_abu,KARAWANG,LCC-H3A,DE-05-28,Double
kotak_abu,KARAWANG,LCC-H3A,DE-06-08,Double
kotak_abu,KARAWANG,LCC-H3A,DE-06-18,Double
kotak_abu,KARAWANG,LCC-H3A,DE-06-28,Double
kotak_abu,KARAWANG,LCC-H3A,DE-07-08,Double
kotak_abu,KARAWANG,LCC-H3A,DE-07-18,Double
kotak_abu,KARAWANG,LCC-H3A,DE-07-28,Double
kotak_abu,KARAWANG,LCC-H3A,DE-08-08,Double
kotak_abu,KARAWANG,LCC-H3A,DE-08-18,Double
kotak_abu,KARAWANG,LCC-H3A,DE-08-28,Double
kotak_abu,KARAWANG,LCC-H3A,DE-09-08,Double
kotak_abu,KARAWANG,LCC-H3A,DE-09-18,Double
kotak_abu,KARAWANG,LCC-H3A,DE-09-28,Double
kotak_abu,KARAWANG,LCC-H3A,DE-3A-08,Double
kotak_abu,KARAWANG,LCC-H3A,DE-3A-18,Double
kotak_abu,KARAWANG,LCC-H3A,DE-3A-28,Double
kotak_abu,KARAWANG,LCC-H5,DA-01-08,Double
kotak_abu,KARAWANG,LCC-H5,DA-01-18,Double
kotak_abu,KARAWANG,LCC-H5,DA-01-28,Double
kotak_abu,KARAWANG,LCC-H5,DA-02-08,Double
kotak_abu,KARAWANG,LCC-H5,DA-02-18,Double
kotak_abu,KARAWANG,LCC-H5,DA-02-28,Double
kotak_abu,KARAWANG,LCC-H5,DA-03-08,Double
kotak_abu,KARAWANG,LCC-H5,DA-03-18,Double
kotak_abu,KARAWANG,LCC-H5,DA-03-28,Double
kotak_abu,KARAWANG,LCC-H5,DA-05-08,Double
kotak_abu,KARAWANG,LCC-H5,DA-05-18,Double
kotak_abu,KARAWANG,LCC-H5,DA-05-28,Double
kotak_abu,KARAWANG,LCC-H5,DA-06-08,Double
kotak_abu,KARAWANG,LCC-H5,DA-06-18,Double
kotak_abu,KARAWANG,LCC-H5,DA-06-28,Double
kotak_abu,KARAWANG,LCC-H5,DA-07-08,Double
kotak_abu,KARAWANG,LCC-H5,DA-07-18,Double
kotak_abu,KARAWANG,LCC-H5,DA-07-28,Double
kotak_abu,KARAWANG,LCC-H5,DA-08-08,Double
kotak_abu,KARAWANG,LCC-H5,DA-08-18,Double
kotak_abu,KARAWANG,LCC-H5,DA-08-28,Double
kotak_abu,KARAWANG,LCC-H5,DA-09-08,Double
kotak_abu,KARAWANG,LCC-H5,DA-09-18,Double
kotak_abu,KARAWANG,LCC-H5,DA-09-28,Double
kotak_abu,KARAWANG,LCC-H5,DA-3A-08,Double
kotak_abu,KARAWANG,LCC-H5,DA-3A-18,Double
kotak_abu,KARAWANG,LCC-H5,DA-3A-28,Double
kotak_abu,KARAWANG,LCC-H5,DB-01-08,Double
kotak_abu,KARAWANG,LCC-H5,DB-01-108,Double
kotak_abu,KARAWANG,LCC-H5,DB-01-18,Double
kotak_abu,KARAWANG,LCC-H5,DB-01-28,Double
kotak_abu,KARAWANG,LCC-H5,DB-01-38,Double
kotak_abu,KARAWANG,LCC-H5,DB-01-68,Double
kotak_abu,KARAWANG,LCC-H5,DB-01-88,Double
kotak_abu,KARAWANG,LCC-H5,DB-01-98,Double
kotak_abu,KARAWANG,LCC-H5,DB-02-08,Double
kotak_abu,KARAWANG,LCC-H5,DB-02-108,Double
kotak_abu,KARAWANG,LCC-H5,DB-02-18,Double
kotak_abu,KARAWANG,LCC-H5,DB-02-28,Double
kotak_abu,KARAWANG,LCC-H5,DB-02-38,Double
kotak_abu,KARAWANG,LCC-H5,DB-02-68,Double
kotak_abu,KARAWANG,LCC-H5,DB-02-88,Double
kotak_abu,KARAWANG,LCC-H5,DB-02-98,Double
kotak_abu,KARAWANG,LCC-H5,DB-03-08,Double
kotak_abu,KARAWANG,LCC-H5,DB-03-108,Double
kotak_abu,KARAWANG,LCC-H5,DB-03-18,Double
kotak_abu,KARAWANG,LCC-H5,DB-03-28,Double
kotak_abu,KARAWANG,LCC-H5,DB-03-38,Double
kotak_abu,KARAWANG,LCC-H5,DB-03-68,Double
kotak_abu,KARAWANG,LCC-H5,DB-03-88,Double
kotak_abu,KARAWANG,LCC-H5,DB-03-98,Double
kotak_abu,KARAWANG,LCC-H5,DB-05-08,Double
kotak_abu,KARAWANG,LCC-H5,DB-05-108,Double
kotak_abu,KARAWANG,LCC-H5,DB-05-18,Double
kotak_abu,KARAWANG,LCC-H5,DB-05-28,Double
kotak_abu,KARAWANG,LCC-H5,DB-05-38,Double
kotak_abu,KARAWANG,LCC-H5,DB-05-68,Double
kotak_abu,KARAWANG,LCC-H5,DB-05-88,Double
kotak_abu,KARAWANG,LCC-H5,DB-05-98,Double
kotak_abu,KARAWANG,LCC-H5,DB-06-08,Double
kotak_abu,KARAWANG,LCC-H5,DB-06-108,Double
kotak_abu,KARAWANG,LCC-H5,DB-06-18,Double
kotak_abu,KARAWANG,LCC-H5,DB-06-28,Double
kotak_abu,KARAWANG,LCC-H5,DB-06-38,Double
kotak_abu,KARAWANG,LCC-H5,DB-06-68,Double
kotak_abu,KARAWANG,LCC-H5,DB-06-88,Double
kotak_abu,KARAWANG,LCC-H5,DB-06-98,Double
kotak_abu,KARAWANG,LCC-H5,DB-07-08,Double
kotak_abu,KARAWANG,LCC-H5,DB-07-108,Double
kotak_abu,KARAWANG,LCC-H5,DB-07-18,Double
kotak_abu,KARAWANG,LCC-H5,DB-07-28,Double
kotak_abu,KARAWANG,LCC-H5,DB-07-38,Double
kotak_abu,KARAWANG,LCC-H5,DB-07-68,Double
kotak_abu,KARAWANG,LCC-H5,DB-07-88,Double
kotak_abu,KARAWANG,LCC-H5,DB-07-98,Double
kotak_abu,KARAWANG,LCC-H5,DB-08-08,Double
kotak_abu,KARAWANG,LCC-H5,DB-08-108,Double
kotak_abu,KARAWANG,LCC-H5,DB-08-18,Double
kotak_abu,KARAWANG,LCC-H5,DB-08-28,Double
kotak_abu,KARAWANG,LCC-H5,DB-08-38,Double
kotak_abu,KARAWANG,LCC-H5,DB-08-68,Double
kotak_abu,KARAWANG,LCC-H5,DB-08-88,Double
kotak_abu,KARAWANG,LCC-H5,DB-08-98,Double
kotak_abu,KARAWANG,LCC-H5,DB-09-08,Double
kotak_abu,KARAWANG,LCC-H5,DB-09-108,Double
kotak_abu,KARAWANG,LCC-H5,DB-09-18,Double
kotak_abu,KARAWANG,LCC-H5,DB-09-28,Double
kotak_abu,KARAWANG,LCC-H5,DB-09-38,Double
kotak_abu,KARAWANG,LCC-H5,DB-09-68,Double
kotak_abu,KARAWANG,LCC-H5,DB-09-88,Double
kotak_abu,KARAWANG,LCC-H5,DB-09-98,Double
kotak_abu,KARAWANG,LCC-H5,DB-3A-08,Double
kotak_abu,KARAWANG,LCC-H5,DB-3A-108,Double
kotak_abu,KARAWANG,LCC-H5,DB-3A-18,Double
kotak_abu,KARAWANG,LCC-H5,DB-3A-28,Double
kotak_abu,KARAWANG,LCC-H5,DB-3A-38,Double
kotak_abu,KARAWANG,LCC-H5,DB-3A-68,Double
kotak_abu,KARAWANG,LCC-H5,DB-3A-88,Double
kotak_abu,KARAWANG,LCC-H5,DB-3A-98,Double
kotak_abu,KARAWANG,LCC-H5,DC-01-08,Double
kotak_abu,KARAWANG,LCC-H5,DC-01-108,Double
kotak_abu,KARAWANG,LCC-H5,DC-01-18,Double
kotak_abu,KARAWANG,LCC-H5,DC-01-28,Double
kotak_abu,KARAWANG,LCC-H5,DC-01-38,Double
kotak_abu,KARAWANG,LCC-H5,DC-01-68,Double
kotak_abu,KARAWANG,LCC-H5,DC-01-88,Double
kotak_abu,KARAWANG,LCC-H5,DC-01-98,Double
kotak_abu,KARAWANG,LCC-H5,DC-02-08,Double
kotak_abu,KARAWANG,LCC-H5,DC-02-108,Double
kotak_abu,KARAWANG,LCC-H5,DC-02-18,Double
kotak_abu,KARAWANG,LCC-H5,DC-02-28,Double
kotak_abu,KARAWANG,LCC-H5,DC-02-38,Double
kotak_abu,KARAWANG,LCC-H5,DC-02-68,Double
kotak_abu,KARAWANG,LCC-H5,DC-02-88,Double
kotak_abu,KARAWANG,LCC-H5,DC-02-98,Double
kotak_abu,KARAWANG,LCC-H5,DC-03-08,Double
kotak_abu,KARAWANG,LCC-H5,DC-03-108,Double
kotak_abu,KARAWANG,LCC-H5,DC-03-18,Double
kotak_abu,KARAWANG,LCC-H5,DC-03-28,Double
kotak_abu,KARAWANG,LCC-H5,DC-03-38,Double
kotak_abu,KARAWANG,LCC-H5,DC-03-68,Double
kotak_abu,KARAWANG,LCC-H5,DC-03-88,Double
kotak_abu,KARAWANG,LCC-H5,DC-03-98,Double
kotak_abu,KARAWANG,LCC-H5,DC-05-08,Double
kotak_abu,KARAWANG,LCC-H5,DC-05-108,Double
kotak_abu,KARAWANG,LCC-H5,DC-05-18,Double
kotak_abu,KARAWANG,LCC-H5,DC-05-28,Double
kotak_abu,KARAWANG,LCC-H5,DC-05-38,Double
kotak_abu,KARAWANG,LCC-H5,DC-05-68,Double
kotak_abu,KARAWANG,LCC-H5,DC-05-88,Double
kotak_abu,KARAWANG,LCC-H5,DC-05-98,Double
kotak_abu,KARAWANG,LCC-H5,DC-06-08,Double
kotak_abu,KARAWANG,LCC-H5,DC-06-108,Double
kotak_abu,KARAWANG,LCC-H5,DC-06-18,Double
kotak_abu,KARAWANG,LCC-H5,DC-06-28,Double
kotak_abu,KARAWANG,LCC-H5,DC-06-38,Double
kotak_abu,KARAWANG,LCC-H5,DC-06-68,Double
kotak_abu,KARAWANG,LCC-H5,DC-06-88,Double
kotak_abu,KARAWANG,LCC-H5,DC-06-98,Double
kotak_abu,KARAWANG,LCC-H5,DC-07-08,Double
kotak_abu,KARAWANG,LCC-H5,DC-07-108,Double
kotak_abu,KARAWANG,LCC-H5,DC-07-18,Double
kotak_abu,KARAWANG,LCC-H5,DC-07-28,Double
kotak_abu,KARAWANG,LCC-H5,DC-07-38,Double
kotak_abu,KARAWANG,LCC-H5,DC-07-68,Double
kotak_abu,KARAWANG,LCC-H5,DC-07-88,Double
kotak_abu,KARAWANG,LCC-H5,DC-07-98,Double
kotak_abu,KARAWANG,LCC-H5,DC-08-08,Double
kotak_abu,KARAWANG,LCC-H5,DC-08-108,Double
kotak_abu,KARAWANG,LCC-H5,DC-08-18,Double
kotak_abu,KARAWANG,LCC-H5,DC-08-28,Double
kotak_abu,KARAWANG,LCC-H5,DC-08-38,Double
kotak_abu,KARAWANG,LCC-H5,DC-08-68,Double
kotak_abu,KARAWANG,LCC-H5,DC-08-88,Double
kotak_abu,KARAWANG,LCC-H5,DC-08-98,Double
kotak_abu,KARAWANG,LCC-H5,DC-09-08,Double
kotak_abu,KARAWANG,LCC-H5,DC-09-108,Double
kotak_abu,KARAWANG,LCC-H5,DC-09-18,Double
kotak_abu,KARAWANG,LCC-H5,DC-09-28,Double
kotak_abu,KARAWANG,LCC-H5,DC-09-38,Double
kotak_abu,KARAWANG,LCC-H5,DC-09-68,Double
kotak_abu,KARAWANG,LCC-H5,DC-09-88,Double
kotak_abu,KARAWANG,LCC-H5,DC-09-98,Double
kotak_abu,KARAWANG,LCC-H5,DC-3A-08,Double
kotak_abu,KARAWANG,LCC-H5,DC-3A-108,Double
kotak_abu,KARAWANG,LCC-H5,DC-3A-18,Double
kotak_abu,KARAWANG,LCC-H5,DC-3A-28,Double
kotak_abu,KARAWANG,LCC-H5,DC-3A-38,Double
kotak_abu,KARAWANG,LCC-H5,DC-3A-68,Double
kotak_abu,KARAWANG,LCC-H5,DC-3A-88,Double
kotak_abu,KARAWANG,LCC-H5,DC-3A-98,Double
kotak_abu,KARAWANG,LCC-H5,DD-01-08,Double
kotak_abu,KARAWANG,LCC-H5,DD-01-108,Double
kotak_abu,KARAWANG,LCC-H5,DD-01-18,Double
kotak_abu,KARAWANG,LCC-H5,DD-01-28,Double
kotak_abu,KARAWANG,LCC-H5,DD-01-38,Double
kotak_abu,KARAWANG,LCC-H5,DD-01-68,Double
kotak_abu,KARAWANG,LCC-H5,DD-01-88,Double
kotak_abu,KARAWANG,LCC-H5,DD-01-98,Double
kotak_abu,KARAWANG,LCC-H5,DD-02-08,Double
kotak_abu,KARAWANG,LCC-H5,DD-02-108,Double
kotak_abu,KARAWANG,LCC-H5,DD-02-18,Double
kotak_abu,KARAWANG,LCC-H5,DD-02-28,Double
kotak_abu,KARAWANG,LCC-H5,DD-02-38,Double
kotak_abu,KARAWANG,LCC-H5,DD-02-68,Double
kotak_abu,KARAWANG,LCC-H5,DD-02-88,Double
kotak_abu,KARAWANG,LCC-H5,DD-02-98,Double
kotak_abu,KARAWANG,LCC-H5,DD-03-08,Double
kotak_abu,KARAWANG,LCC-H5,DD-03-108,Double
kotak_abu,KARAWANG,LCC-H5,DD-03-18,Double
kotak_abu,KARAWANG,LCC-H5,DD-03-28,Double
kotak_abu,KARAWANG,LCC-H5,DD-03-38,Double
kotak_abu,KARAWANG,LCC-H5,DD-03-68,Double
kotak_abu,KARAWANG,LCC-H5,DD-03-88,Double
kotak_abu,KARAWANG,LCC-H5,DD-03-98,Double
kotak_abu,KARAWANG,LCC-H5,DD-05-08,Double
kotak_abu,KARAWANG,LCC-H5,DD-05-108,Double
kotak_abu,KARAWANG,LCC-H5,DD-05-18,Double
kotak_abu,KARAWANG,LCC-H5,DD-05-28,Double
kotak_abu,KARAWANG,LCC-H5,DD-05-38,Double
kotak_abu,KARAWANG,LCC-H5,DD-05-68,Double
kotak_abu,KARAWANG,LCC-H5,DD-05-88,Double
kotak_abu,KARAWANG,LCC-H5,DD-05-98,Double
kotak_abu,KARAWANG,LCC-H5,DD-06-08,Double
kotak_abu,KARAWANG,LCC-H5,DD-06-108,Double
kotak_abu,KARAWANG,LCC-H5,DD-06-18,Double
kotak_abu,KARAWANG,LCC-H5,DD-06-28,Double
kotak_abu,KARAWANG,LCC-H5,DD-06-38,Double
kotak_abu,KARAWANG,LCC-H5,DD-06-68,Double
kotak_abu,KARAWANG,LCC-H5,DD-06-88,Double
kotak_abu,KARAWANG,LCC-H5,DD-06-98,Double
kotak_abu,KARAWANG,LCC-H5,DD-07-08,Double
kotak_abu,KARAWANG,LCC-H5,DD-07-108,Double
kotak_abu,KARAWANG,LCC-H5,DD-07-18,Double
kotak_abu,KARAWANG,LCC-H5,DD-07-28,Double
kotak_abu,KARAWANG,LCC-H5,DD-07-38,Double
kotak_abu,KARAWANG,LCC-H5,DD-07-68,Double
kotak_abu,KARAWANG,LCC-H5,DD-07-88,Double
kotak_abu,KARAWANG,LCC-H5,DD-07-98,Double
kotak_abu,KARAWANG,LCC-H5,DD-08-08,Double
kotak_abu,KARAWANG,LCC-H5,DD-08-108,Double
kotak_abu,KARAWANG,LCC-H5,DD-08-18,Double
kotak_abu,KARAWANG,LCC-H5,DD-08-28,Double
kotak_abu,KARAWANG,LCC-H5,DD-08-38,Double
kotak_abu,KARAWANG,LCC-H5,DD-08-68,Double
kotak_abu,KARAWANG,LCC-H5,DD-08-88,Double
kotak_abu,KARAWANG,LCC-H5,DD-08-98,Double
kotak_abu,KARAWANG,LCC-H5,DD-09-08,Double
kotak_abu,KARAWANG,LCC-H5,DD-09-108,Double
kotak_abu,KARAWANG,LCC-H5,DD-09-18,Double
kotak_abu,KARAWANG,LCC-H5,DD-09-28,Double
kotak_abu,KARAWANG,LCC-H5,DD-09-38,Double
kotak_abu,KARAWANG,LCC-H5,DD-09-68,Double
kotak_abu,KARAWANG,LCC-H5,DD-09-88,Double
kotak_abu,KARAWANG,LCC-H5,DD-09-98,Double
kotak_abu,KARAWANG,LCC-H5,DD-3A-08,Double
kotak_abu,KARAWANG,LCC-H5,DD-3A-108,Double
kotak_abu,KARAWANG,LCC-H5,DD-3A-18,Double
kotak_abu,KARAWANG,LCC-H5,DD-3A-28,Double
kotak_abu,KARAWANG,LCC-H5,DD-3A-38,Double
kotak_abu,KARAWANG,LCC-H5,DD-3A-68,Double
kotak_abu,KARAWANG,LCC-H5,DD-3A-88,Double
kotak_abu,KARAWANG,LCC-H5,DD-3A-98,Double
kotak_abu,KARAWANG,LCC-H5,DE-01-08,Double
kotak_abu,KARAWANG,LCC-H5,DE-01-18,Double
kotak_abu,KARAWANG,LCC-H5,DE-01-28,Double
kotak_abu,KARAWANG,LCC-H5,DE-02-08,Double
kotak_abu,KARAWANG,LCC-H5,DE-02-18,Double
kotak_abu,KARAWANG,LCC-H5,DE-02-28,Double
kotak_abu,KARAWANG,LCC-H5,DE-03-08,Double
kotak_abu,KARAWANG,LCC-H5,DE-03-18,Double
kotak_abu,KARAWANG,LCC-H5,DE-03-28,Double
kotak_abu,KARAWANG,LCC-H5,DE-05-08,Double
kotak_abu,KARAWANG,LCC-H5,DE-05-18,Double
kotak_abu,KARAWANG,LCC-H5,DE-05-28,Double
kotak_abu,KARAWANG,LCC-H5,DE-06-08,Double
kotak_abu,KARAWANG,LCC-H5,DE-06-18,Double
kotak_abu,KARAWANG,LCC-H5,DE-06-28,Double
kotak_abu,KARAWANG,LCC-H5,DE-07-08,Double
kotak_abu,KARAWANG,LCC-H5,DE-07-18,Double
kotak_abu,KARAWANG,LCC-H5,DE-07-28,Double
kotak_abu,KARAWANG,LCC-H5,DE-08-08,Double
kotak_abu,KARAWANG,LCC-H5,DE-08-18,Double
kotak_abu,KARAWANG,LCC-H5,DE-08-28,Double
kotak_abu,KARAWANG,LCC-H5,DE-09-08,Double
kotak_abu,KARAWANG,LCC-H5,DE-09-18,Double
kotak_abu,KARAWANG,LCC-H5,DE-09-28,Double
kotak_abu,KARAWANG,LCC-H5,DE-3A-08,Double
kotak_abu,KARAWANG,LCC-H5,DE-3A-18,Double
kotak_abu,KARAWANG,LCC-H5,DE-3A-28,Double
makam,TANGERANG,A,DA108,Double
makam,TANGERANG,A,DA118,Double
makam,TANGERANG,A,DA128,Double
makam,TANGERANG,A,DA138,Double
makam,TANGERANG,A,DA148,Double
makam,TANGERANG,A,DA158,Double
makam,TANGERANG,A,DA38,Double
makam,TANGERANG,A,DA48,Double
makam,TANGERANG,A,DA58,Double
makam,TANGERANG,A,DA68,Double
makam,TANGERANG,A,DA78,Double
makam,TANGERANG,A,DA88,Double
makam,TANGERANG,A,DA98,Double
makam,TANGERANG,A,DB108,Double
makam,TANGERANG,A,DB118,Double
makam,TANGERANG,A,DB128,Double
makam,TANGERANG,A,DB138,Double
makam,TANGERANG,A,DB148,Double
makam,TANGERANG,A,DB158,Double
makam,TANGERANG,A,DB168,Double
makam,TANGERANG,A,DB178,Double
makam,TANGERANG,A,DB188,Double
makam,TANGERANG,A,DB28,Double
makam,TANGERANG,A,DB38,Double
makam,TANGERANG,A,DB48,Double
makam,TANGERANG,A,DB58,Double
makam,TANGERANG,A,DB68,Double
makam,TANGERANG,A,DB78,Double
makam,TANGERANG,A,DB88,Double
makam,TANGERANG,A,DB98,Double
makam,TANGERANG,A,DC108,Double
makam,TANGERANG,A,DC118,Double
makam,TANGERANG,A,DC128,Double
makam,TANGERANG,A,DC138,Double
makam,TANGERANG,A,DC148,Double
makam,TANGERANG,A,DC158,Double
makam,TANGERANG,A,DC168,Double
makam,TANGERANG,A,DC178,Double
makam,TANGERANG,A,DC188,Double
makam,TANGERANG,A,DC198,Double
makam,TANGERANG,A,DC208,Double
makam,TANGERANG,A,DC28,Double
makam,TANGERANG,A,DC38,Double
makam,TANGERANG,A,DC48,Double
makam,TANGERANG,A,DC58,Double
makam,TANGERANG,A,DC68,Double
makam,TANGERANG,A,DC78,Double
makam,TANGERANG,A,DC88,Double
makam,TANGERANG,A,DC98,Double
makam,TANGERANG,A,DD108,Double
makam,TANGERANG,A,DD118,Double
makam,TANGERANG,A,DD128,Double
makam,TANGERANG,A,DD138,Double
makam,TANGERANG,A,DD148,Double
makam,TANGERANG,A,DD158,Double
makam,TANGERANG,A,DD168,Double
makam,TANGERANG,A,DD178,Double
makam,TANGERANG,A,DD188,Double
makam,TANGERANG,A,DD198,Double
makam,TANGERANG,A,DD208,Double
makam,TANGERANG,A,DD218,Double
makam,TANGERANG,A,DD28,Double
makam,TANGERANG,A,DD38,Double
makam,TANGERANG,A,DD48,Double
makam,TANGERANG,A,DD58,Double
makam,TANGERANG,A,DD68,Double
makam,TANGERANG,A,DD78,Double
makam,TANGERANG,A,DD88,Double
makam,TANGERANG,A,DD98,Double
makam,TANGERANG,A,DE108,Double
makam,TANGERANG,A,DE118,Double
makam,TANGERANG,A,DE128,Double
makam,TANGERANG,A,DE138,Double
makam,TANGERANG,A,DE148,Double
makam,TANGERANG,A,DE158,Double
makam,TANGERANG,A,DE168,Double
makam,TANGERANG,A,DE178,Double
makam,TANGERANG,A,DE188,Double
makam,TANGERANG,A,DE198,Double
makam,TANGERANG,A,DE208,Double
makam,TANGERANG,A,DE218,Double
makam,TANGERANG,A,DE228,Double
makam,TANGERANG,A,DE38,Double
makam,TANGERANG,A,DE48,Double
makam,TANGERANG,A,DE58,Double
makam,TANGERANG,A,DE68,Double
makam,TANGERANG,A,DE78,Double
makam,TANGERANG,A,DE88,Double
makam,TANGERANG,A,DE98,Double
makam,TANGERANG,A,DF108,Double
makam,TANGERANG,A,DF118,Double
makam,TANGERANG,A,DF128,Double
makam,TANGERANG,A,DF138,Double
makam,TANGERANG,A,DF148,Double
makam,TANGERANG,A,DF158,Double
makam,TANGERANG,A,DF168,Double
makam,TANGERANG,A,DF178,Double
makam,TANGERANG,A,DF188,Double
makam,TANGERANG,A,DF198,Double
makam,TANGERANG,A,DF208,Double
makam,TANGERANG,A,DF218,Double
makam,TANGERANG,A,DF228,Double
makam,TANGERANG,A,DF238,Double
makam,TANGERANG,A,DF38,Double
makam,TANGERANG,A,DF48,Double
makam,TANGERANG,A,DF58,Double
makam,TANGERANG,A,DF68,Double
makam,TANGERANG,A,DF78,Double
makam,TANGERANG,A,DF88,Double
makam,TANGERANG,A,DF98,Double
makam,TANGERANG,A,DG108,Double
makam,TANGERANG,A,DG118,Double
makam,TANGERANG,A,DG128,Double
makam,TANGERANG,A,DG138,Double
makam,TANGERANG,A,DG148,Double
makam,TANGERANG,A,DG158,Double
makam,TANGERANG,A,DG168,Double
makam,TANGERANG,A,DG178,Double
makam,TANGERANG,A,DG188,Double
makam,TANGERANG,A,DG198,Double
makam,TANGERANG,A,DG208,Double
makam,TANGERANG,A,DG218,Double
makam,TANGERANG,A,DG228,Double
makam,TANGERANG,A,DG238,Double
makam,TANGERANG,A,DG48,Double
makam,TANGERANG,A,DG58,Double
makam,TANGERANG,A,DG68,Double
makam,TANGERANG,A,DG78,Double
makam,TANGERANG,A,DG88,Double
makam,TANGERANG,A,DG98,Double
makam,TANGERANG,A,DH108,Double
makam,TANGERANG,A,DH118,Double
makam,TANGERANG,A,DH128,Double
makam,TANGERANG,A,DH138,Double
makam,TANGERANG,A,DH148,Double
makam,TANGERANG,A,DH158,Double
makam,TANGERANG,A,DH168,Double
makam,TANGERANG,A,DH178,Double
makam,TANGERANG,A,DH188,Double
makam,TANGERANG,A,DH198,Double
makam,TANGERANG,A,DH208,Double
makam,TANGERANG,A,DH218,Double
makam,TANGERANG,A,DH228,Double
makam,TANGERANG,A,DH238,Double
makam,TANGERANG,A,DH58,Double
makam,TANGERANG,A,DH68,Double
makam,TANGERANG,A,DH78,Double
makam,TANGERANG,A,DH88,Double
makam,TANGERANG,A,DH98,Double
makam,TANGERANG,A,DJ108,Double
makam,TANGERANG,A,DJ118,Double
makam,TANGERANG,A,DJ128,Double
makam,TANGERANG,A,DJ158,Double
makam,TANGERANG,A,DJ168,Double
makam,TANGERANG,A,DJ168A,Double
makam,TANGERANG,A,DJ188,Double
makam,TANGERANG,A,DJ198,Double
makam,TANGERANG,A,DJ208,Double
makam,TANGERANG,A,DJ218,Double
makam,TANGERANG,A,DJ228,Double
makam,TANGERANG,A,DJ68,Double
makam,TANGERANG,A,DJ78,Double
makam,TANGERANG,A,DJ88,Double
makam,TANGERANG,A,DJ98,Double
makam,TANGERANG,A,DK108,Double
makam,TANGERANG,A,DK118,Double
makam,TANGERANG,A,DK128,Double
makam,TANGERANG,A,DK138,Double
makam,TANGERANG,A,DK148,Double
makam,TANGERANG,A,DK158,Double
makam,TANGERANG,A,DK168,Double
makam,TANGERANG,A,DK178,Double
makam,TANGERANG,A,DK188,Double
makam,TANGERANG,A,DK198,Double
makam,TANGERANG,A,DK208,Double
makam,TANGERANG,A,DK218,Double
makam,TANGERANG,A,DK78,Double
makam,TANGERANG,A,DK88,Double
makam,TANGERANG,A,DK98,Double
makam,TANGERANG,A,DL108,Double
makam,TANGERANG,A,DL118,Double
makam,TANGERANG,A,DL128,Double
makam,TANGERANG,A,DL138,Double
makam,TANGERANG,A,DL148,Double
makam,TANGERANG,A,DL158,Double
makam,TANGERANG,A,DL168,Double
makam,TANGERANG,A,DL178,Double
makam,TANGERANG,A,DL188,Double
makam,TANGERANG,A,DL198,Double
makam,TANGERANG,A,DL208,Double
makam,TANGERANG,A,DL218,Double
makam,TANGERANG,A,DL78,Double
makam,TANGERANG,A,DL88,Double
makam,TANGERANG,A,DL98,Double
makam,TANGERANG,A,DM108,Double
makam,TANGERANG,A,DM118,Double
makam,TANGERANG,A,DM128,Double
makam,TANGERANG,A,DM138,Double
makam,TANGERANG,A,DM148,Double
makam,TANGERANG,A,DM158,Double
makam,TANGERANG,A,DM168,Double
makam,TANGERANG,A,DM178,Double
makam,TANGERANG,A,DM188,Double
makam,TANGERANG,A,DM198,Double
makam,TANGERANG,A,DM208,Double
makam,TANGERANG,A,DM88,Double
makam,TANGERANG,A,DM98,Double
makam,TANGERANG,A,DN108,Double
makam,TANGERANG,A,DN118,Double
makam,TANGERANG,A,DN128,Double
makam,TANGERANG,A,DN138,Double
makam,TANGERANG,A,DN148,Double
makam,TANGERANG,A,DN158,Double
makam,TANGERANG,A,DN168,Double
makam,TANGERANG,A,DN178,Double
makam,TANGERANG,A,DN188,Double
makam,TANGERANG,A,DN198,Double
makam,TANGERANG,A,DN98,Double
makam,TANGERANG,A,DP108,Double
makam,TANGERANG,A,DP118,Double
makam,TANGERANG,A,DP128,Double
makam,TANGERANG,A,DP138,Double
makam,TANGERANG,A,DP148,Double
makam,TANGERANG,A,DP158,Double
makam,TANGERANG,A,DP168,Double
makam,TANGERANG,A,DP178,Double
makam,TANGERANG,A,DP188,Double
makam,TANGERANG,A,DQ118,Double
makam,TANGERANG,A,DQ128,Double
makam,TANGERANG,A,DQ138,Double
makam,TANGERANG,A,DQ148,Double
makam,TANGERANG,A,DQ158,Double
makam,TANGERANG,A,DQ168,Double
makam,TANGERANG,A,DQ178,Double
makam,TANGERANG,A,DR118,Double
makam,TANGERANG,A,DR128,Double
makam,TANGERANG,A,DR138,Double
makam,TANGERANG,A,DR148,Double
makam,TANGERANG,A,DR158,Double
makam,TANGERANG,A,DS128,Double
makam,TANGERANG,A,DS138,Double
makam,TANGERANG,A,DS148,Double
makam,TANGERANG,B,DB108,Double
makam,TANGERANG,B,DB118,Double
makam,TANGERANG,B,DB128,Double
makam,TANGERANG,B,DB138,Double
makam,TANGERANG,B,DB148,Double
makam,TANGERANG,B,DB158,Double
makam,TANGERANG,B,DB168,Double
makam,TANGERANG,B,DB178,Double
makam,TANGERANG,B,DB188,Double
makam,TANGERANG,B,DB198,Double
makam,TANGERANG,B,DB208,Double
makam,TANGERANG,B,DB218,Double
makam,TANGERANG,B,DB228,Double
makam,TANGERANG,B,DB88,Double
makam,TANGERANG,B,DB98,Double
makam,TANGERANG,B,DC108,Double
makam,TANGERANG,B,DC118,Double
makam,TANGERANG,B,DC128,Double
makam,TANGERANG,B,DC138,Double
makam,TANGERANG,B,DC148,Double
makam,TANGERANG,B,DC158,Double
makam,TANGERANG,B,DC168,Double
makam,TANGERANG,B,DC178,Double
makam,TANGERANG,B,DC188,Double
makam,TANGERANG,B,DC198,Double
makam,TANGERANG,B,DC208,Double
makam,TANGERANG,B,DC218,Double
makam,TANGERANG,B,DC228,Double
makam,TANGERANG,B,DC238,Double
makam,TANGERANG,B,DC88,Double
makam,TANGERANG,B,DC98,Double
makam,TANGERANG,B,DD108,Double
makam,TANGERANG,B,DD118,Double
makam,TANGERANG,B,DD128,Double
makam,TANGERANG,B,DD138,Double
makam,TANGERANG,B,DD148,Double
makam,TANGERANG,B,DD158,Double
makam,TANGERANG,B,DD168,Double
makam,TANGERANG,B,DD178,Double
makam,TANGERANG,B,DD188,Double
makam,TANGERANG,B,DD198,Double
makam,TANGERANG,B,DD208,Double
makam,TANGERANG,B,DD218,Double
makam,TANGERANG,B,DD228,Double
makam,TANGERANG,B,DD238,Double
makam,TANGERANG,B,DD248,Double
makam,TANGERANG,B,DD88,Double
makam,TANGERANG,B,DD98,Double
makam,TANGERANG,B,DE108,Double
makam,TANGERANG,B,DE118,Double
makam,TANGERANG,B,DE128,Double
makam,TANGERANG,B,DE138,Double
makam,TANGERANG,B,DE148,Double
makam,TANGERANG,B,DE158,Double
makam,TANGERANG,B,DE168,Double
makam,TANGERANG,B,DE178,Double
makam,TANGERANG,B,DE188,Double
makam,TANGERANG,B,DE198,Double
makam,TANGERANG,B,DE208,Double
makam,TANGERANG,B,DE218,Double
makam,TANGERANG,B,DE228,Double
makam,TANGERANG,B,DE238,Double
makam,TANGERANG,B,DE248,Double
makam,TANGERANG,B,DE88,Double
makam,TANGERANG,B,DE98,Double
makam,TANGERANG,B,DF108,Double
makam,TANGERANG,B,DF118,Double
makam,TANGERANG,B,DF128,Double
makam,TANGERANG,B,DF138,Double
makam,TANGERANG,B,DF148,Double
makam,TANGERANG,B,DF158,Double
makam,TANGERANG,B,DF168,Double
makam,TANGERANG,B,DF178,Double
makam,TANGERANG,B,DF188,Double
makam,TANGERANG,B,DF198,Double
makam,TANGERANG,B,DF208,Double
makam,TANGERANG,B,DF218,Double
makam,TANGERANG,B,DF228,Double
makam,TANGERANG,B,DF238,Double
makam,TANGERANG,B,DF248,Double
makam,TANGERANG,B,DF88,Double
makam,TANGERANG,B,DF98,Double
makam,TANGERANG,B,DG108,Double
makam,TANGERANG,B,DG118,Double
makam,TANGERANG,B,DG128,Double
makam,TANGERANG,B,DG138,Double
makam,TANGERANG,B,DG148,Double
makam,TANGERANG,B,DG158,Double
makam,TANGERANG,B,DG168,Double
makam,TANGERANG,B,DG178,Double
makam,TANGERANG,B,DG188,Double
makam,TANGERANG,B,DG198,Double
makam,TANGERANG,B,DG208,Double
makam,TANGERANG,B,DG218,Double
makam,TANGERANG,B,DG228,Double
makam,TANGERANG,B,DG238,Double
makam,TANGERANG,B,DG248,Double
makam,TANGERANG,B,DG88,Double
makam,TANGERANG,B,DG98,Double
makam,TANGERANG,B,DH108,Double
makam,TANGERANG,B,DH118,Double
makam,TANGERANG,B,DH128,Double
makam,TANGERANG,B,DH138,Double
makam,TANGERANG,B,DH148,Double
makam,TANGERANG,B,DH158,Double
makam,TANGERANG,B,DH168,Double
makam,TANGERANG,B,DH178,Double
makam,TANGERANG,B,DH188,Double
makam,TANGERANG,B,DH198,Double
makam,TANGERANG,B,DH208,Double
makam,TANGERANG,B,DH218,Double
makam,TANGERANG,B,DH228,Double
makam,TANGERANG,B,DH238,Double
makam,TANGERANG,B,DH248,Double
makam,TANGERANG,B,DH88,Double
makam,TANGERANG,B,DH98,Double
makam,TANGERANG,B,DJ108,Double
makam,TANGERANG,B,DJ118,Double
makam,TANGERANG,B,DJ128,Double
makam,TANGERANG,B,DJ138,Double
makam,TANGERANG,B,DJ148,Double
makam,TANGERANG,B,DJ158,Double
makam,TANGERANG,B,DJ168,Double
makam,TANGERANG,B,DJ178,Double
makam,TANGERANG,B,DJ188,Double
makam,TANGERANG,B,DJ198,Double
makam,TANGERANG,B,DJ208,Double
makam,TANGERANG,B,DJ218,Double
makam,TANGERANG,B,DJ228,Double
makam,TANGERANG,B,DJ238,Double
makam,TANGERANG,B,DJ248,Double
makam,TANGERANG,B,DJ88,Double
makam,TANGERANG,B,DJ98,Double
makam,TANGERANG,B,DK108,Double
makam,TANGERANG,B,DK118,Double
makam,TANGERANG,B,DK128,Double
makam,TANGERANG,B,DK138,Double
makam,TANGERANG,B,DK148,Double
makam,TANGERANG,B,DK158,Double
makam,TANGERANG,B,DK168,Double
makam,TANGERANG,B,DK178,Double
makam,TANGERANG,B,DK188,Double
makam,TANGERANG,B,DK198,Double
makam,TANGERANG,B,DK208,Double
makam,TANGERANG,B,DK218,Double
makam,TANGERANG,B,DK228,Double
makam,TANGERANG,B,DK238,Double
makam,TANGERANG,B,DK248,Double
makam,TANGERANG,B,DK78,Double
makam,TANGERANG,B,DK88,Double
makam,TANGERANG,B,DK98,Double
makam,TANGERANG,B,DL108,Double
makam,TANGERANG,B,DL118,Double
makam,TANGERANG,B,DL128,Double
makam,TANGERANG,B,DL138,Double
makam,TANGERANG,B,DL148,Double
makam,TANGERANG,B,DL158,Double
makam,TANGERANG,B,DL168,Double
makam,TANGERANG,B,DL178,Double
makam,TANGERANG,B,DL188,Double
makam,TANGERANG,B,DL198,Double
makam,TANGERANG,B,DL208,Double
makam,TANGERANG,B,DL218,Double
makam,TANGERANG,B,DL228,Double
makam,TANGERANG,B,DL238,Double
makam,TANGERANG,B,DL248,Double
makam,TANGERANG,B,DL78,Double
makam,TANGERANG,B,DL88,Double
makam,TANGERANG,B,DL98,Double
makam,TANGERANG,B,DM108,Double
makam,TANGERANG,B,DM118,Double
makam,TANGERANG,B,DM128,Double
makam,TANGERANG,B,DM138,Double
makam,TANGERANG,B,DM148,Double
makam,TANGERANG,B,DM158,Double
makam,TANGERANG,B,DM168,Double
makam,TANGERANG,B,DM178,Double
makam,TANGERANG,B,DM188,Double
makam,TANGERANG,B,DM198,Double
makam,TANGERANG,B,DM208,Double
makam,TANGERANG,B,DM218,Double
makam,TANGERANG,B,DM228,Double
makam,TANGERANG,B,DM238,Double
makam,TANGERANG,B,DM248,Double
makam,TANGERANG,B,DM78,Double
makam,TANGERANG,B,DM88,Double
makam,TANGERANG,B,DM98,Double
makam,TANGERANG,B,DN108,Double
makam,TANGERANG,B,DN118,Double
makam,TANGERANG,B,DN128,Double
makam,TANGERANG,B,DN138,Double
makam,TANGERANG,B,DN148,Double
makam,TANGERANG,B,DN158,Double
makam,TANGERANG,B,DN168,Double
makam,TANGERANG,B,DN178,Double
makam,TANGERANG,B,DN188,Double
makam,TANGERANG,B,DN198,Double
makam,TANGERANG,B,DN208,Double
makam,TANGERANG,B,DN218,Double
makam,TANGERANG,B,DN228,Double
makam,TANGERANG,B,DN238,Double
makam,TANGERANG,B,DN248,Double
makam,TANGERANG,B,DN78,Double
makam,TANGERANG,B,DN88,Double
makam,TANGERANG,B,DN98,Double
makam,TANGERANG,B,DP108,Double
makam,TANGERANG,B,DP118,Double
makam,TANGERANG,B,DP128,Double
makam,TANGERANG,B,DP138,Double
makam,TANGERANG,B,DP148,Double
makam,TANGERANG,B,DP158,Double
makam,TANGERANG,B,DP168,Double
makam,TANGERANG,B,DP178,Double
makam,TANGERANG,B,DP188,Double
makam,TANGERANG,B,DP198,Double
makam,TANGERANG,B,DP208,Double
makam,TANGERANG,B,DP218,Double
makam,TANGERANG,B,DP228,Double
makam,TANGERANG,B,DP238,Double
makam,TANGERANG,B,DP248,Double
makam,TANGERANG,B,DP258,Double
makam,TANGERANG,B,DP58,Double
makam,TANGERANG,B,DP68,Double
makam,TANGERANG,B,DP78,Double
makam,TANGERANG,B,DP88,Double
makam,TANGERANG,B,DP98,Double
makam,TANGERANG,B,DQ108,Double
makam,TANGERANG,B,DQ118,Double
makam,TANGERANG,B,DQ128,Double
makam,TANGERANG,B,DQ138,Double
makam,TANGERANG,B,DQ148,Double
makam,TANGERANG,B,DQ158,Double
makam,TANGERANG,B,DQ168,Double
makam,TANGERANG,B,DQ178,Double
makam,TANGERANG,B,DQ188,Double
makam,TANGERANG,B,DQ198,Double
makam,TANGERANG,B,DQ208,Double
makam,TANGERANG,B,DQ218,Double
makam,TANGERANG,B,DQ228,Double
makam,TANGERANG,B,DQ238,Double
makam,TANGERANG,B,DQ248,Double
makam,TANGERANG,B,DQ258,Double
makam,TANGERANG,B,DQ58,Double
makam,TANGERANG,B,DQ68,Double
makam,TANGERANG,B,DQ78,Double
makam,TANGERANG,B,DQ88,Double
makam,TANGERANG,B,DQ98,Double
makam,TANGERANG,B,DR108,Double
makam,TANGERANG,B,DR118,Double
makam,TANGERANG,B,DR128,Double
makam,TANGERANG,B,DR138,Double
makam,TANGERANG,B,DR148,Double
makam,TANGERANG,B,DR158,Double
makam,TANGERANG,B,DR168,Double
makam,TANGERANG,B,DR178,Double
makam,TANGERANG,B,DR188,Double
makam,TANGERANG,B,DR198,Double
makam,TANGERANG,B,DR208,Double
makam,TANGERANG,B,DR218,Double
makam,TANGERANG,B,DR228,Double
makam,TANGERANG,B,DR238,Double
makam,TANGERANG,B,DR248,Double
makam,TANGERANG,B,DR258,Double
makam,TANGERANG,B,DR58,Double
makam,TANGERANG,B,DR68,Double
makam,TANGERANG,B,DR78,Double
makam,TANGERANG,B,DR88,Double
makam,TANGERANG,B,DR98,Double
makam,TANGERANG,B,DS108,Double
makam,TANGERANG,B,DS118,Double
makam,TANGERANG,B,DS128,Double
makam,TANGERANG,B,DS138,Double
makam,TANGERANG,B,DS148,Double
makam,TANGERANG,B,DS158,Double
makam,TANGERANG,B,DS168,Double
makam,TANGERANG,B,DS178,Double
makam,TANGERANG,B,DS188,Double
makam,TANGERANG,B,DS198,Double
makam,TANGERANG,B,DS208,Double
makam,TANGERANG,B,DS218,Double
makam,TANGERANG,B,DS228,Double
makam,TANGERANG,B,DS238,Double
makam,TANGERANG,B,DS248,Double
makam,TANGERANG,B,DS258,Double
makam,TANGERANG,B,DS268,Double
makam,TANGERANG,B,DS58,Double
makam,TANGERANG,B,DS68,Double
makam,TANGERANG,B,DS78,Double
makam,TANGERANG,B,DS88,Double
makam,TANGERANG,B,DS98,Double
makam,TANGERANG,B,DT108,Double
makam,TANGERANG,B,DT118,Double
makam,TANGERANG,B,DT128,Double
makam,TANGERANG,B,DT138,Double
makam,TANGERANG,B,DT148,Double
makam,TANGERANG,B,DT158,Double
makam,TANGERANG,B,DT168,Double
makam,TANGERANG,B,DT178,Double
makam,TANGERANG,B,DT188,Double
makam,TANGERANG,B,DT198,Double
makam,TANGERANG,B,DT208,Double
makam,TANGERANG,B,DT218,Double
makam,TANGERANG,B,DT228,Double
makam,TANGERANG,B,DT238,Double
makam,TANGERANG,B,DT248,Double
makam,TANGERANG,B,DT258,Double
makam,TANGERANG,B,DT268,Double
makam,TANGERANG,B,DT48,Double
makam,TANGERANG,B,DT58,Double
makam,TANGERANG,B,DT68,Double
makam,TANGERANG,B,DT78,Double
makam,TANGERANG,B,DT88,Double
makam,TANGERANG,B,DT98,Double
makam,TANGERANG,B,DU108,Double
makam,TANGERANG,B,DU118,Double
makam,TANGERANG,B,DU128,Double
makam,TANGERANG,B,DU138,Double
makam,TANGERANG,B,DU148,Double
makam,TANGERANG,B,DU158,Double
makam,TANGERANG,B,DU168,Double
makam,TANGERANG,B,DU178,Double
makam,TANGERANG,B,DU188,Double
makam,TANGERANG,B,DU198,Double
makam,TANGERANG,B,DU208,Double
makam,TANGERANG,B,DU218,Double
makam,TANGERANG,B,DU228,Double
makam,TANGERANG,B,DU238,Double
makam,TANGERANG,B,DU248,Double
makam,TANGERANG,B,DU258,Double
makam,TANGERANG,B,DU268,Double
makam,TANGERANG,B,DU278,Double
makam,TANGERANG,B,DU38,Double
makam,TANGERANG,B,DU48,Double
makam,TANGERANG,B,DU58,Double
makam,TANGERANG,B,DU68,Double
makam,TANGERANG,B,DU78,Double
makam,TANGERANG,B,DU88,Double
makam,TANGERANG,B,DU98,Double
makam,TANGERANG,B,DV108,Double
makam,TANGERANG,B,DV118,Double
makam,TANGERANG,B,DV128,Double
makam,TANGERANG,B,DV138,Double
makam,TANGERANG,B,DV148,Double
makam,TANGERANG,B,DV158,Double
makam,TANGERANG,B,DV168,Double
makam,TANGERANG,B,DV178,Double
makam,TANGERANG,B,DV188,Double
makam,TANGERANG,B,DV198,Double
makam,TANGERANG,B,DV208,Double
makam,TANGERANG,B,DV218,Double
makam,TANGERANG,B,DV228,Double
makam,TANGERANG,B,DV238,Double
makam,TANGERANG,B,DV248,Double
makam,TANGERANG,B,DV258,Double
makam,TANGERANG,B,DV268,Double
makam,TANGERANG,B,DV278,Double
makam,TANGERANG,B,DV38,Double
makam,TANGERANG,B,DV38A,Double
makam,TANGERANG,B,DV48,Double
makam,TANGERANG,B,DV68,Double
makam,TANGERANG,B,DV78,Double
makam,TANGERANG,B,DV88,Double
makam,TANGERANG,B,DV98,Double
makam,TANGERANG,B,DW108,Double
makam,TANGERANG,B,DW118,Double
makam,TANGERANG,B,DW128,Double
makam,TANGERANG,B,DW138,Double
makam,TANGERANG,B,DW148,Double
makam,TANGERANG,B,DW158,Double
makam,TANGERANG,B,DW168,Double
makam,TANGERANG,B,DW178,Double
makam,TANGERANG,B,DW188,Double
makam,TANGERANG,B,DW198,Double
makam,TANGERANG,B,DW208,Double
makam,TANGERANG,B,DW218,Double
makam,TANGERANG,B,DW228,Double
makam,TANGERANG,B,DW238,Double
makam,TANGERANG,B,DW248,Double
makam,TANGERANG,B,DW258,Double
makam,TANGERANG,B,DW268,Double
makam,TANGERANG,B,DW278,Double
makam,TANGERANG,B,DW288,Double
makam,TANGERANG,B,DW38,Double
makam,TANGERANG,B,DW48,Double
makam,TANGERANG,B,DW58,Double
makam,TANGERANG,B,DW68,Double
makam,TANGERANG,B,DW78,Double
makam,TANGERANG,B,DW88,Double
makam,TANGERANG,B,DW98,Double
makam,TANGERANG,B,DX108,Double
makam,TANGERANG,B,DX118,Double
makam,TANGERANG,B,DX128,Double
makam,TANGERANG,B,DX138,Double
makam,TANGERANG,B,DX148,Double
makam,TANGERANG,B,DX158,Double
makam,TANGERANG,B,DX168,Double
makam,TANGERANG,B,DX178,Double
makam,TANGERANG,B,DX188,Double
makam,TANGERANG,B,DX198,Double
makam,TANGERANG,B,DX208,Double
makam,TANGERANG,B,DX218,Double
makam,TANGERANG,B,DX228,Double
makam,TANGERANG,B,DX238,Double
makam,TANGERANG,B,DX248,Double
makam,TANGERANG,B,DX258,Double
makam,TANGERANG,B,DX268,Double
makam,TANGERANG,B,DX278,Double
makam,TANGERANG,B,DX28,Double
makam,TANGERANG,B,DX288,Double
makam,TANGERANG,B,DX38,Double
makam,TANGERANG,B,DX48,Double
makam,TANGERANG,B,DX58,Double
makam,TANGERANG,B,DX68,Double
makam,TANGERANG,B,DX78,Double
makam,TANGERANG,B,DX88,Double
makam,TANGERANG,B,DX98,Double
makam,TANGERANG,B,DY108,Double
makam,TANGERANG,B,DY118,Double
makam,TANGERANG,B,DY128,Double
makam,TANGERANG,B,DY138,Double
makam,TANGERANG,B,DY148,Double
makam,TANGERANG,B,DY158,Double
makam,TANGERANG,B,DY168,Double
makam,TANGERANG,B,DY178,Double
makam,TANGERANG,B,DY18,Double
makam,TANGERANG,B,DY188,Double
makam,TANGERANG,B,DY198,Double
makam,TANGERANG,B,DY208,Double
makam,TANGERANG,B,DY218,Double
makam,TANGERANG,B,DY228,Double
makam,TANGERANG,B,DY238,Double
makam,TANGERANG,B,DY248,Double
makam,TANGERANG,B,DY258,Double
makam,TANGERANG,B,DY268,Double
makam,TANGERANG,B,DY278,Double
makam,TANGERANG,B,DY28,Double
makam,TANGERANG,B,DY288,Double
makam,TANGERANG,B,DY298,Double
makam,TANGERANG,B,DY38,Double
makam,TANGERANG,B,DY48,Double
makam,TANGERANG,B,DY58,Double
makam,TANGERANG,B,DY68,Double
makam,TANGERANG,B,DY78,Double
makam,TANGERANG,B,DY88,Double
makam,TANGERANG,B,DY98,Double
makam,TANGERANG,B,DZ108,Double
makam,TANGERANG,B,DZ118,Double
makam,TANGERANG,B,DZ128,Double
makam,TANGERANG,B,DZ138,Double
makam,TANGERANG,B,DZ148,Double
makam,TANGERANG,B,DZ158,Double
makam,TANGERANG,B,DZ168,Double
makam,TANGERANG,B,DZ178,Double
makam,TANGERANG,B,DZ18,Double
makam,TANGERANG,B,DZ188,Double
makam,TANGERANG,B,DZ198,Double
makam,TANGERANG,B,DZ208,Double
makam,TANGERANG,B,DZ218,Double
makam,TANGERANG,B,DZ228,Double
makam,TANGERANG,B,DZ238,Double
makam,TANGERANG,B,DZ248,Double
makam,TANGERANG,B,DZ258,Double
makam,TANGERANG,B,DZ268,Double
makam,TANGERANG,B,DZ278,Double
makam,TANGERANG,B,DZ28,Double
makam,TANGERANG,B,DZ288,Double
makam,TANGERANG,B,DZ298,Double
makam,TANGERANG,B,DZ38,Double
makam,TANGERANG,B,DZ48,Double
makam,TANGERANG,B,DZ58,Double
makam,TANGERANG,B,DZ68,Double
makam,TANGERANG,B,DZ78,Double
makam,TANGERANG,B,DZ88,Double
makam,TANGERANG,B,DZ98,Double
makam,TANGERANG,D,FA108,Family
makam,TANGERANG,D,FA118,Family
makam,TANGERANG,D,FA128,Family
makam,TANGERANG,D,FA138,Family
makam,TANGERANG,D,FA148,Family
makam,TANGERANG,D,FA158,Family
makam,TANGERANG,D,FA168,Family
makam,TANGERANG,D,FA178,Family
makam,TANGERANG,D,FA18,Family
makam,TANGERANG,D,FA188,Family
makam,TANGERANG,D,FA198,Family
makam,TANGERANG,D,FA28,Family
makam,TANGERANG,D,FA38,Family
makam,TANGERANG,D,FA38A,Family
makam,TANGERANG,D,FA58,Family
makam,TANGERANG,D,FA68,Family
makam,TANGERANG,D,FA78,Family
makam,TANGERANG,D,FA88,Family
makam,TANGERANG,D,FA98,Family
makam,TANGERANG,D,FB108,Family
makam,TANGERANG,D,FB118,Family
makam,TANGERANG,D,FB128,Family
makam,TANGERANG,D,FB138,Family
makam,TANGERANG,D,FB148,Family
makam,TANGERANG,D,FB158,Family
makam,TANGERANG,D,FB168,Family
makam,TANGERANG,D,FB178,Family
makam,TANGERANG,D,FB18,Family
makam,TANGERANG,D,FB188,Family
makam,TANGERANG,D,FB28,Family
makam,TANGERANG,D,FB38,Family
makam,TANGERANG,D,FB48,Family
makam,TANGERANG,D,FB58,Family
makam,TANGERANG,D,FB68,Family
makam,TANGERANG,D,FB78,Family
makam,TANGERANG,D,FB88,Family
makam,TANGERANG,D,FB98,Family
makam,TANGERANG,D,FC108,Family
makam,TANGERANG,D,FC118,Family
makam,TANGERANG,D,FC128,Family
makam,TANGERANG,D,FC138,Family
makam,TANGERANG,D,FC148,Family
makam,TANGERANG,D,FC158,Family
makam,TANGERANG,D,FC168,Family
makam,TANGERANG,D,FC178,Family
makam,TANGERANG,D,FC38,Family
makam,TANGERANG,D,FC38A,Family
makam,TANGERANG,D,FC58,Family
makam,TANGERANG,D,FC68,Family
makam,TANGERANG,D,FC78,Family
makam,TANGERANG,D,FC88,Family
makam,TANGERANG,D,FC98,Family
makam,KARAWANG,A,DA108,Double
makam,KARAWANG,A,DA118,Double
makam,KARAWANG,A,DA128,Double
makam,KARAWANG,A,DA138,Double
makam,KARAWANG,A,DA148,Double
makam,KARAWANG,A,DA158,Double
makam,KARAWANG,A,DA38,Double
makam,KARAWANG,A,DA48,Double
makam,KARAWANG,A,DA58,Double
makam,KARAWANG,A,DA68,Double
makam,KARAWANG,A,DA78,Double
makam,KARAWANG,A,DA88,Double
makam,KARAWANG,A,DA98,Double
makam,KARAWANG,A,DB108,Double
makam,KARAWANG,A,DB118,Double
makam,KARAWANG,A,DB128,Double
makam,KARAWANG,A,DB138,Double
makam,KARAWANG,A,DB148,Double
makam,KARAWANG,A,DB158,Double
makam,KARAWANG,A,DB168,Double
makam,KARAWANG,A,DB178,Double
makam,KARAWANG,A,DB188,Double
makam,KARAWANG,A,DB28,Double
makam,KARAWANG,A,DB38,Double
makam,KARAWANG,A,DB48,Double
makam,KARAWANG,A,DB58,Double
makam,KARAWANG,A,DB68,Double
makam,KARAWANG,A,DB78,Double
makam,KARAWANG,A,DB88,Double
makam,KARAWANG,A,DB98,Double
makam,KARAWANG,A,DC108,Double
makam,KARAWANG,A,DC118,Double
makam,KARAWANG,A,DC128,Double
makam,KARAWANG,A,DC138,Double
makam,KARAWANG,A,DC148,Double
makam,KARAWANG,A,DC158,Double
makam,KARAWANG,A,DC168,Double
makam,KARAWANG,A,DC178,Double
makam,KARAWANG,A,DC188,Double
makam,KARAWANG,A,DC198,Double
makam,KARAWANG,A,DC208,Double
makam,KARAWANG,A,DC28,Double
makam,KARAWANG,A,DC38,Double
makam,KARAWANG,A,DC48,Double
makam,KARAWANG,A,DC58,Double
makam,KARAWANG,A,DC68,Double
makam,KARAWANG,A,DC78,Double
makam,KARAWANG,A,DC88,Double
makam,KARAWANG,A,DC98,Double
makam,KARAWANG,A,DD108,Double
makam,KARAWANG,A,DD118,Double
makam,KARAWANG,A,DD128,Double
makam,KARAWANG,A,DD138,Double
makam,KARAWANG,A,DD148,Double
makam,KARAWANG,A,DD158,Double
makam,KARAWANG,A,DD168,Double
makam,KARAWANG,A,DD178,Double
makam,KARAWANG,A,DD188,Double
makam,KARAWANG,A,DD198,Double
makam,KARAWANG,A,DD208,Double
makam,KARAWANG,A,DD218,Double
makam,KARAWANG,A,DD28,Double
makam,KARAWANG,A,DD38,Double
makam,KARAWANG,A,DD48,Double
makam,KARAWANG,A,DD58,Double
makam,KARAWANG,A,DD68,Double
makam,KARAWANG,A,DD78,Double
makam,KARAWANG,A,DD88,Double
makam,KARAWANG,A,DD98,Double
makam,KARAWANG,A,DE108,Double
makam,KARAWANG,A,DE118,Double
makam,KARAWANG,A,DE128,Double
makam,KARAWANG,A,DE138,Double
makam,KARAWANG,A,DE148,Double
makam,KARAWANG,A,DE158,Double
makam,KARAWANG,A,DE168,Double
makam,KARAWANG,A,DE178,Double
makam,KARAWANG,A,DE188,Double
makam,KARAWANG,A,DE198,Double
makam,KARAWANG,A,DE208,Double
makam,KARAWANG,A,DE218,Double
makam,KARAWANG,A,DE228,Double
makam,KARAWANG,A,DE38,Double
makam,KARAWANG,A,DE48,Double
makam,KARAWANG,A,DE58,Double
makam,KARAWANG,A,DE68,Double
makam,KARAWANG,A,DE78,Double
makam,KARAWANG,A,DE88,Double
makam,KARAWANG,A,DE98,Double
makam,KARAWANG,A,DF108,Double
makam,KARAWANG,A,DF118,Double
makam,KARAWANG,A,DF128,Double
makam,KARAWANG,A,DF138,Double
makam,KARAWANG,A,DF148,Double
makam,KARAWANG,A,DF158,Double
makam,KARAWANG,A,DF168,Double
makam,KARAWANG,A,DF178,Double
makam,KARAWANG,A,DF188,Double
makam,KARAWANG,A,DF198,Double
makam,KARAWANG,A,DF208,Double
makam,KARAWANG,A,DF218,Double
makam,KARAWANG,A,DF228,Double
makam,KARAWANG,A,DF238,Double
makam,KARAWANG,A,DF38,Double
makam,KARAWANG,A,DF48,Double
makam,KARAWANG,A,DF58,Double
makam,KARAWANG,A,DF68,Double
makam,KARAWANG,A,DF78,Double
makam,KARAWANG,A,DF88,Double
makam,KARAWANG,A,DF98,Double
makam,KARAWANG,A,DG108,Double
makam,KARAWANG,A,DG118,Double
makam,KARAWANG,A,DG128,Double
makam,KARAWANG,A,DG138,Double
makam,KARAWANG,A,DG148,Double
makam,KARAWANG,A,DG158,Double
makam,KARAWANG,A,DG168,Double
makam,KARAWANG,A,DG178,Double
makam,KARAWANG,A,DG188,Double
makam,KARAWANG,A,DG198,Double
makam,KARAWANG,A,DG208,Double
makam,KARAWANG,A,DG218,Double
makam,KARAWANG,A,DG228,Double
makam,KARAWANG,A,DG238,Double
makam,KARAWANG,A,DG48,Double
makam,KARAWANG,A,DG58,Double
makam,KARAWANG,A,DG68,Double
makam,KARAWANG,A,DG78,Double
makam,KARAWANG,A,DG88,Double
makam,KARAWANG,A,DG98,Double
makam,KARAWANG,A,DH108,Double
makam,KARAWANG,A,DH118,Double
makam,KARAWANG,A,DH128,Double
makam,KARAWANG,A,DH138,Double
makam,KARAWANG,A,DH148,Double
makam,KARAWANG,A,DH158,Double
makam,KARAWANG,A,DH168,Double
makam,KARAWANG,A,DH178,Double
makam,KARAWANG,A,DH188,Double
makam,KARAWANG,A,DH198,Double
makam,KARAWANG,A,DH208,Double
makam,KARAWANG,A,DH218,Double
makam,KARAWANG,A,DH228,Double
makam,KARAWANG,A,DH238,Double
makam,KARAWANG,A,DH58,Double
makam,KARAWANG,A,DH68,Double
makam,KARAWANG,A,DH78,Double
makam,KARAWANG,A,DH88,Double
makam,KARAWANG,A,DH98,Double
makam,KARAWANG,A,DJ108,Double
makam,KARAWANG,A,DJ118,Double
makam,KARAWANG,A,DJ128,Double
makam,KARAWANG,A,DJ158,Double
makam,KARAWANG,A,DJ168,Double
makam,KARAWANG,A,DJ168A,Double
makam,KARAWANG,A,DJ188,Double
makam,KARAWANG,A,DJ198,Double
makam,KARAWANG,A,DJ208,Double
makam,KARAWANG,A,DJ218,Double
makam,KARAWANG,A,DJ228,Double
makam,KARAWANG,A,DJ68,Double
makam,KARAWANG,A,DJ78,Double
makam,KARAWANG,A,DJ88,Double
makam,KARAWANG,A,DJ98,Double
makam,KARAWANG,A,DK108,Double
makam,KARAWANG,A,DK118,Double
makam,KARAWANG,A,DK128,Double
makam,KARAWANG,A,DK138,Double
makam,KARAWANG,A,DK148,Double
makam,KARAWANG,A,DK158,Double
makam,KARAWANG,A,DK168,Double
makam,KARAWANG,A,DK178,Double
makam,KARAWANG,A,DK188,Double
makam,KARAWANG,A,DK198,Double
makam,KARAWANG,A,DK208,Double
makam,KARAWANG,A,DK218,Double
makam,KARAWANG,A,DK78,Double
makam,KARAWANG,A,DK88,Double
makam,KARAWANG,A,DK98,Double
makam,KARAWANG,A,DL108,Double
makam,KARAWANG,A,DL118,Double
makam,KARAWANG,A,DL128,Double
makam,KARAWANG,A,DL138,Double
makam,KARAWANG,A,DL148,Double
makam,KARAWANG,A,DL158,Double
makam,KARAWANG,A,DL168,Double
makam,KARAWANG,A,DL178,Double
makam,KARAWANG,A,DL188,Double
makam,KARAWANG,A,DL198,Double
makam,KARAWANG,A,DL208,Double
makam,KARAWANG,A,DL218,Double
makam,KARAWANG,A,DL78,Double
makam,KARAWANG,A,DL88,Double
makam,KARAWANG,A,DL98,Double
makam,KARAWANG,A,DM108,Double
makam,KARAWANG,A,DM118,Double
makam,KARAWANG,A,DM128,Double
makam,KARAWANG,A,DM138,Double
makam,KARAWANG,A,DM148,Double
makam,KARAWANG,A,DM158,Double
makam,KARAWANG,A,DM168,Double
makam,KARAWANG,A,DM178,Double
makam,KARAWANG,A,DM188,Double
makam,KARAWANG,A,DM198,Double
makam,KARAWANG,A,DM208,Double
makam,KARAWANG,A,DM88,Double
makam,KARAWANG,A,DM98,Double
makam,KARAWANG,A,DN108,Double
makam,KARAWANG,A,DN118,Double
makam,KARAWANG,A,DN128,Double
makam,KARAWANG,A,DN138,Double
makam,KARAWANG,A,DN148,Double
makam,KARAWANG,A,DN158,Double
makam,KARAWANG,A,DN168,Double
makam,KARAWANG,A,DN178,Double
makam,KARAWANG,A,DN188,Double
makam,KARAWANG,A,DN198,Double
makam,KARAWANG,A,DN98,Double
makam,KARAWANG,A,DP108,Double
makam,KARAWANG,A,DP118,Double
makam,KARAWANG,A,DP128,Double
makam,KARAWANG,A,DP138,Double
makam,KARAWANG,A,DP148,Double
makam,KARAWANG,A,DP158,Double
makam,KARAWANG,A,DP168,Double
makam,KARAWANG,A,DP178,Double
makam,KARAWANG,A,DP188,Double
makam,KARAWANG,A,DQ118,Double
makam,KARAWANG,A,DQ128,Double
makam,KARAWANG,A,DQ138,Double
makam,KARAWANG,A,DQ148,Double
makam,KARAWANG,A,DQ158,Double
makam,KARAWANG,A,DQ168,Double
makam,KARAWANG,A,DQ178,Double
makam,KARAWANG,A,DR118,Double
makam,KARAWANG,A,DR128,Double
makam,KARAWANG,A,DR138,Double
makam,KARAWANG,A,DR148,Double
makam,KARAWANG,A,DR158,Double
makam,KARAWANG,A,DS128,Double
makam,KARAWANG,A,DS138,Double
makam,KARAWANG,A,DS148,Double
makam,KARAWANG,B,DB108,Double
makam,KARAWANG,B,DB118,Double
makam,KARAWANG,B,DB128,Double
makam,KARAWANG,B,DB138,Double
makam,KARAWANG,B,DB148,Double
makam,KARAWANG,B,DB158,Double
makam,KARAWANG,B,DB168,Double
makam,KARAWANG,B,DB178,Double
makam,KARAWANG,B,DB188,Double
makam,KARAWANG,B,DB198,Double
makam,KARAWANG,B,DB208,Double
makam,KARAWANG,B,DB218,Double
makam,KARAWANG,B,DB228,Double
makam,KARAWANG,B,DB88,Double
makam,KARAWANG,B,DB98,Double
makam,KARAWANG,B,DC108,Double
makam,KARAWANG,B,DC118,Double
makam,KARAWANG,B,DC128,Double
makam,KARAWANG,B,DC138,Double
makam,KARAWANG,B,DC148,Double
makam,KARAWANG,B,DC158,Double
makam,KARAWANG,B,DC168,Double
makam,KARAWANG,B,DC178,Double
makam,KARAWANG,B,DC188,Double
makam,KARAWANG,B,DC198,Double
makam,KARAWANG,B,DC208,Double
makam,KARAWANG,B,DC218,Double
makam,KARAWANG,B,DC228,Double
makam,KARAWANG,B,DC238,Double
makam,KARAWANG,B,DC88,Double
makam,KARAWANG,B,DC98,Double
makam,KARAWANG,B,DD108,Double
makam,KARAWANG,B,DD118,Double
makam,KARAWANG,B,DD128,Double
makam,KARAWANG,B,DD138,Double
makam,KARAWANG,B,DD148,Double
makam,KARAWANG,B,DD158,Double
makam,KARAWANG,B,DD168,Double
makam,KARAWANG,B,DD178,Double
makam,KARAWANG,B,DD188,Double
makam,KARAWANG,B,DD198,Double
makam,KARAWANG,B,DD208,Double
makam,KARAWANG,B,DD218,Double
makam,KARAWANG,B,DD228,Double
makam,KARAWANG,B,DD238,Double
makam,KARAWANG,B,DD248,Double
makam,KARAWANG,B,DD88,Double
makam,KARAWANG,B,DD98,Double
makam,KARAWANG,B,DE108,Double
makam,KARAWANG,B,DE118,Double
makam,KARAWANG,B,DE128,Double
makam,KARAWANG,B,DE138,Double
makam,KARAWANG,B,DE148,Double
makam,KARAWANG,B,DE158,Double
makam,KARAWANG,B,DE168,Double
makam,KARAWANG,B,DE178,Double
makam,KARAWANG,B,DE188,Double
makam,KARAWANG,B,DE198,Double
makam,KARAWANG,B,DE208,Double
makam,KARAWANG,B,DE218,Double
makam,KARAWANG,B,DE228,Double
makam,KARAWANG,B,DE238,Double
makam,KARAWANG,B,DE248,Double
makam,KARAWANG,B,DE88,Double
makam,KARAWANG,B,DE98,Double
makam,KARAWANG,B,DF108,Double
makam,KARAWANG,B,DF118,Double
makam,KARAWANG,B,DF128,Double
makam,KARAWANG,B,DF138,Double
makam,KARAWANG,B,DF148,Double
makam,KARAWANG,B,DF158,Double
makam,KARAWANG,B,DF168,Double
makam,KARAWANG,B,DF178,Double
makam,KARAWANG,B,DF188,Double
makam,KARAWANG,B,DF198,Double
makam,KARAWANG,B,DF208,Double
makam,KARAWANG,B,DF218,Double
makam,KARAWANG,B,DF228,Double
makam,KARAWANG,B,DF238,Double
makam,KARAWANG,B,DF248,Double
makam,KARAWANG,B,DF88,Double
makam,KARAWANG,B,DF98,Double
makam,KARAWANG,B,DG108,Double
makam,KARAWANG,B,DG118,Double
makam,KARAWANG,B,DG128,Double
makam,KARAWANG,B,DG138,Double
makam,KARAWANG,B,DG148,Double
makam,KARAWANG,B,DG158,Double
makam,KARAWANG,B,DG168,Double
makam,KARAWANG,B,DG178,Double
makam,KARAWANG,B,DG188,Double
makam,KARAWANG,B,DG198,Double
makam,KARAWANG,B,DG208,Double
makam,KARAWANG,B,DG218,Double
makam,KARAWANG,B,DG228,Double
makam,KARAWANG,B,DG238,Double
makam,KARAWANG,B,DG248,Double
makam,KARAWANG,B,DG88,Double
makam,KARAWANG,B,DG98,Double
makam,KARAWANG,B,DH108,Double
makam,KARAWANG,B,DH118,Double
makam,KARAWANG,B,DH128,Double
makam,KARAWANG,B,DH138,Double
makam,KARAWANG,B,DH148,Double
makam,KARAWANG,B,DH158,Double
makam,KARAWANG,B,DH168,Double
makam,KARAWANG,B,DH178,Double
makam,KARAWANG,B,DH188,Double
makam,KARAWANG,B,DH198,Double
makam,KARAWANG,B,DH208,Double
makam,KARAWANG,B,DH218,Double
makam,KARAWANG,B,DH228,Double
makam,KARAWANG,B,DH238,Double
makam,KARAWANG,B,DH248,Double
makam,KARAWANG,B,DH88,Double
makam,KARAWANG,B,DH98,Double
makam,KARAWANG,B,DJ108,Double
makam,KARAWANG,B,DJ118,Double
makam,KARAWANG,B,DJ128,Double
makam,KARAWANG,B,DJ138,Double
makam,KARAWANG,B,DJ148,Double
makam,KARAWANG,B,DJ158,Double
makam,KARAWANG,B,DJ168,Double
makam,KARAWANG,B,DJ178,Double
makam,KARAWANG,B,DJ188,Double
makam,KARAWANG,B,DJ198,Double
makam,KARAWANG,B,DJ208,Double
makam,KARAWANG,B,DJ218,Double
makam,KARAWANG,B,DJ228,Double
makam,KARAWANG,B,DJ238,Double
makam,KARAWANG,B,DJ248,Double
makam,KARAWANG,B,DJ88,Double
makam,KARAWANG,B,DJ98,Double
makam,KARAWANG,B,DK108,Double
makam,KARAWANG,B,DK118,Double
makam,KARAWANG,B,DK128,Double
makam,KARAWANG,B,DK138,Double
makam,KARAWANG,B,DK148,Double
makam,KARAWANG,B,DK158,Double
makam,KARAWANG,B,DK168,Double
makam,KARAWANG,B,DK178,Double
makam,KARAWANG,B,DK188,Double
makam,KARAWANG,B,DK198,Double
makam,KARAWANG,B,DK208,Double
makam,KARAWANG,B,DK218,Double
makam,KARAWANG,B,DK228,Double
makam,KARAWANG,B,DK238,Double
makam,KARAWANG,B,DK248,Double
makam,KARAWANG,B,DK78,Double
makam,KARAWANG,B,DK88,Double
makam,KARAWANG,B,DK98,Double
makam,KARAWANG,B,DL108,Double
makam,KARAWANG,B,DL118,Double
makam,KARAWANG,B,DL128,Double
makam,KARAWANG,B,DL138,Double
makam,KARAWANG,B,DL148,Double
makam,KARAWANG,B,DL158,Double
makam,KARAWANG,B,DL168,Double
makam,KARAWANG,B,DL178,Double
makam,KARAWANG,B,DL188,Double
makam,KARAWANG,B,DL198,Double
makam,KARAWANG,B,DL208,Double
makam,KARAWANG,B,DL218,Double
makam,KARAWANG,B,DL228,Double
makam,KARAWANG,B,DL238,Double
makam,KARAWANG,B,DL248,Double
makam,KARAWANG,B,DL78,Double
makam,KARAWANG,B,DL88,Double
makam,KARAWANG,B,DL98,Double
makam,KARAWANG,B,DM108,Double
makam,KARAWANG,B,DM118,Double
makam,KARAWANG,B,DM128,Double
makam,KARAWANG,B,DM138,Double
makam,KARAWANG,B,DM148,Double
makam,KARAWANG,B,DM158,Double
makam,KARAWANG,B,DM168,Double
makam,KARAWANG,B,DM178,Double
makam,KARAWANG,B,DM188,Double
makam,KARAWANG,B,DM198,Double
makam,KARAWANG,B,DM208,Double
makam,KARAWANG,B,DM218,Double
makam,KARAWANG,B,DM228,Double
makam,KARAWANG,B,DM238,Double
makam,KARAWANG,B,DM248,Double
makam,KARAWANG,B,DM78,Double
makam,KARAWANG,B,DM88,Double
makam,KARAWANG,B,DM98,Double
makam,KARAWANG,B,DN108,Double
makam,KARAWANG,B,DN118,Double
makam,KARAWANG,B,DN128,Double
makam,KARAWANG,B,DN138,Double
makam,KARAWANG,B,DN148,Double
makam,KARAWANG,B,DN158,Double
makam,KARAWANG,B,DN168,Double
makam,KARAWANG,B,DN178,Double
makam,KARAWANG,B,DN188,Double
makam,KARAWANG,B,DN198,Double
makam,KARAWANG,B,DN208,Double
makam,KARAWANG,B,DN218,Double
makam,KARAWANG,B,DN228,Double
makam,KARAWANG,B,DN238,Double
makam,KARAWANG,B,DN248,Double
makam,KARAWANG,B,DN78,Double
makam,KARAWANG,B,DN88,Double
makam,KARAWANG,B,DN98,Double
makam,KARAWANG,B,DP108,Double
makam,KARAWANG,B,DP118,Double
makam,KARAWANG,B,DP128,Double
makam,KARAWANG,B,DP138,Double
makam,KARAWANG,B,DP148,Double
makam,KARAWANG,B,DP158,Double
makam,KARAWANG,B,DP168,Double
makam,KARAWANG,B,DP178,Double
makam,KARAWANG,B,DP188,Double
makam,KARAWANG,B,DP198,Double
makam,KARAWANG,B,DP208,Double
makam,KARAWANG,B,DP218,Double
makam,KARAWANG,B,DP228,Double
makam,KARAWANG,B,DP238,Double
makam,KARAWANG,B,DP248,Double
makam,KARAWANG,B,DP258,Double
makam,KARAWANG,B,DP58,Double
makam,KARAWANG,B,DP68,Double
makam,KARAWANG,B,DP78,Double
makam,KARAWANG,B,DP88,Double
makam,KARAWANG,B,DP98,Double
makam,KARAWANG,B,DQ108,Double
makam,KARAWANG,B,DQ118,Double
makam,KARAWANG,B,DQ128,Double
makam,KARAWANG,B,DQ138,Double
makam,KARAWANG,B,DQ148,Double
makam,KARAWANG,B,DQ158,Double
makam,KARAWANG,B,DQ168,Double
makam,KARAWANG,B,DQ178,Double
makam,KARAWANG,B,DQ188,Double
makam,KARAWANG,B,DQ198,Double
makam,KARAWANG,B,DQ208,Double
makam,KARAWANG,B,DQ218,Double
makam,KARAWANG,B,DQ228,Double
makam,KARAWANG,B,DQ238,Double
makam,KARAWANG,B,DQ248,Double
makam,KARAWANG,B,DQ258,Double
makam,KARAWANG,B,DQ58,Double
makam,KARAWANG,B,DQ68,Double
makam,KARAWANG,B,DQ78,Double
makam,KARAWANG,B,DQ88,Double
makam,KARAWANG,B,DQ98,Double
makam,KARAWANG,B,DR108,Double
makam,KARAWANG,B,DR118,Double
makam,KARAWANG,B,DR128,Double
makam,KARAWANG,B,DR138,Double
makam,KARAWANG,B,DR148,Double
makam,KARAWANG,B,DR158,Double
makam,KARAWANG,B,DR168,Double
makam,KARAWANG,B,DR178,Double
makam,KARAWANG,B,DR188,Double
makam,KARAWANG,B,DR198,Double
makam,KARAWANG,B,DR208,Double
makam,KARAWANG,B,DR218,Double
makam,KARAWANG,B,DR228,Double
makam,KARAWANG,B,DR238,Double
makam,KARAWANG,B,DR248,Double
makam,KARAWANG,B,DR258,Double
makam,KARAWANG,B,DR58,Double
makam,KARAWANG,B,DR68,Double
makam,KARAWANG,B,DR78,Double
makam,KARAWANG,B,DR88,Double
makam,KARAWANG,B,DR98,Double
makam,KARAWANG,B,DS108,Double
makam,KARAWANG,B,DS118,Double
makam,KARAWANG,B,DS128,Double
makam,KARAWANG,B,DS138,Double
makam,KARAWANG,B,DS148,Double
makam,KARAWANG,B,DS158,Double
makam,KARAWANG,B,DS168,Double
makam,KARAWANG,B,DS178,Double
makam,KARAWANG,B,DS188,Double
makam,KARAWANG,B,DS198,Double
makam,KARAWANG,B,DS208,Double
makam,KARAWANG,B,DS218,Double
makam,KARAWANG,B,DS228,Double
makam,KARAWANG,B,DS238,Double
makam,KARAWANG,B,DS248,Double
makam,KARAWANG,B,DS258,Double
makam,KARAWANG,B,DS268,Double
makam,KARAWANG,B,DS58,Double
makam,KARAWANG,B,DS68,Double
makam,KARAWANG,B,DS78,Double
makam,KARAWANG,B,DS88,Double
makam,KARAWANG,B,DS98,Double
makam,KARAWANG,B,DT108,Double
makam,KARAWANG,B,DT118,Double
makam,KARAWANG,B,DT128,Double
makam,KARAWANG,B,DT138,Double
makam,KARAWANG,B,DT148,Double
makam,KARAWANG,B,DT158,Double
makam,KARAWANG,B,DT168,Double
makam,KARAWANG,B,DT178,Double
makam,KARAWANG,B,DT188,Double
makam,KARAWANG,B,DT198,Double
makam,KARAWANG,B,DT208,Double
makam,KARAWANG,B,DT218,Double
makam,KARAWANG,B,DT228,Double
makam,KARAWANG,B,DT238,Double
makam,KARAWANG,B,DT248,Double
makam,KARAWANG,B,DT258,Double
makam,KARAWANG,B,DT268,Double
makam,KARAWANG,B,DT48,Double
makam,KARAWANG,B,DT58,Double
makam,KARAWANG,B,DT68,Double
makam,KARAWANG,B,DT78,Double
makam,KARAWANG,B,DT88,Double
makam,KARAWANG,B,DT98,Double
makam,KARAWANG,B,DU108,Double
makam,KARAWANG,B,DU118,Double
makam,KARAWANG,B,DU128,Double
makam,KARAWANG,B,DU138,Double
makam,KARAWANG,B,DU148,Double
makam,KARAWANG,B,DU158,Double
makam,KARAWANG,B,DU168,Double
makam,KARAWANG,B,DU178,Double
makam,KARAWANG,B,DU188,Double
makam,KARAWANG,B,DU198,Double
makam,KARAWANG,B,DU208,Double
makam,KARAWANG,B,DU218,Double
makam,KARAWANG,B,DU228,Double
makam,KARAWANG,B,DU238,Double
makam,KARAWANG,B,DU248,Double
makam,KARAWANG,B,DU258,Double
makam,KARAWANG,B,DU268,Double
makam,KARAWANG,B,DU278,Double
makam,KARAWANG,B,DU38,Double
makam,KARAWANG,B,DU48,Double
makam,KARAWANG,B,DU58,Double
makam,KARAWANG,B,DU68,Double
makam,KARAWANG,B,DU78,Double
makam,KARAWANG,B,DU88,Double
makam,KARAWANG,B,DU98,Double
makam,KARAWANG,B,DV108,Double
makam,KARAWANG,B,DV118,Double
makam,KARAWANG,B,DV128,Double
makam,KARAWANG,B,DV138,Double
makam,KARAWANG,B,DV148,Double
makam,KARAWANG,B,DV158,Double
makam,KARAWANG,B,DV168,Double
makam,KARAWANG,B,DV178,Double
makam,KARAWANG,B,DV188,Double
makam,KARAWANG,B,DV198,Double
makam,KARAWANG,B,DV208,Double
makam,KARAWANG,B,DV218,Double
makam,KARAWANG,B,DV228,Double
makam,KARAWANG,B,DV238,Double
makam,KARAWANG,B,DV248,Double
makam,KARAWANG,B,DV258,Double
makam,KARAWANG,B,DV268,Double
makam,KARAWANG,B,DV278,Double
makam,KARAWANG,B,DV38,Double
makam,KARAWANG,B,DV38A,Double
makam,KARAWANG,B,DV48,Double
makam,KARAWANG,B,DV68,Double
makam,KARAWANG,B,DV78,Double
makam,KARAWANG,B,DV88,Double
makam,KARAWANG,B,DV98,Double
makam,KARAWANG,B,DW108,Double
makam,KARAWANG,B,DW118,Double
makam,KARAWANG,B,DW128,Double
makam,KARAWANG,B,DW138,Double
makam,KARAWANG,B,DW148,Double
makam,KARAWANG,B,DW158,Double
makam,KARAWANG,B,DW168,Double
makam,KARAWANG,B,DW178,Double
makam,KARAWANG,B,DW188,Double
makam,KARAWANG,B,DW198,Double
makam,KARAWANG,B,DW208,Double
makam,KARAWANG,B,DW218,Double
makam,KARAWANG,B,DW228,Double
makam,KARAWANG,B,DW238,Double
makam,KARAWANG,B,DW248,Double
makam,KARAWANG,B,DW258,Double
makam,KARAWANG,B,DW268,Double
makam,KARAWANG,B,DW278,Double
makam,KARAWANG,B,DW288,Double
makam,KARAWANG,B,DW38,Double
makam,KARAWANG,B,DW48,Double
makam,KARAWANG,B,DW58,Double
makam,KARAWANG,B,DW68,Double
makam,KARAWANG,B,DW78,Double
makam,KARAWANG,B,DW88,Double
makam,KARAWANG,B,DW98,Double
makam,KARAWANG,B,DX108,Double
makam,KARAWANG,B,DX118,Double
makam,KARAWANG,B,DX128,Double
makam,KARAWANG,B,DX138,Double
makam,KARAWANG,B,DX148,Double
makam,KARAWANG,B,DX158,Double
makam,KARAWANG,B,DX168,Double
makam,KARAWANG,B,DX178,Double
makam,KARAWANG,B,DX188,Double
makam,KARAWANG,B,DX198,Double
makam,KARAWANG,B,DX208,Double
makam,KARAWANG,B,DX218,Double
makam,KARAWANG,B,DX228,Double
makam,KARAWANG,B,DX238,Double
makam,KARAWANG,B,DX248,Double
makam,KARAWANG,B,DX258,Double
makam,KARAWANG,B,DX268,Double
makam,KARAWANG,B,DX278,Double
makam,KARAWANG,B,DX28,Double
makam,KARAWANG,B,DX288,Double
makam,KARAWANG,B,DX38,Double
makam,KARAWANG,B,DX48,Double
makam,KARAWANG,B,DX58,Double
makam,KARAWANG,B,DX68,Double
makam,KARAWANG,B,DX78,Double
makam,KARAWANG,B,DX88,Double
makam,KARAWANG,B,DX98,Double
makam,KARAWANG,B,DY108,Double
makam,KARAWANG,B,DY118,Double
makam,KARAWANG,B,DY128,Double
makam,KARAWANG,B,DY138,Double
makam,KARAWANG,B,DY148,Double
makam,KARAWANG,B,DY158,Double
makam,KARAWANG,B,DY168,Double
makam,KARAWANG,B,DY178,Double
makam,KARAWANG,B,DY18,Double
makam,KARAWANG,B,DY188,Double
makam,KARAWANG,B,DY198,Double
makam,KARAWANG,B,DY208,Double
makam,KARAWANG,B,DY218,Double
makam,KARAWANG,B,DY228,Double
makam,KARAWANG,B,DY238,Double
makam,KARAWANG,B,DY248,Double
makam,KARAWANG,B,DY258,Double
makam,KARAWANG,B,DY268,Double
makam,KARAWANG,B,DY278,Double
makam,KARAWANG,B,DY28,Double
makam,KARAWANG,B,DY288,Double
makam,KARAWANG,B,DY298,Double
makam,KARAWANG,B,DY38,Double
makam,KARAWANG,B,DY48,Double
makam,KARAWANG,B,DY58,Double
makam,KARAWANG,B,DY68,Double
makam,KARAWANG,B,DY78,Double
makam,KARAWANG,B,DY88,Double
makam,KARAWANG,B,DY98,Double
makam,KARAWANG,B,DZ108,Double
makam,KARAWANG,B,DZ118,Double
makam,KARAWANG,B,DZ128,Double
makam,KARAWANG,B,DZ138,Double
makam,KARAWANG,B,DZ148,Double
makam,KARAWANG,B,DZ158,Double
makam,KARAWANG,B,DZ168,Double
makam,KARAWANG,B,DZ178,Double
makam,KARAWANG,B,DZ18,Double
makam,KARAWANG,B,DZ188,Double
makam,KARAWANG,B,DZ198,Double
makam,KARAWANG,B,DZ208,Double
makam,KARAWANG,B,DZ218,Double
makam,KARAWANG,B,DZ228,Double
makam,KARAWANG,B,DZ238,Double
makam,KARAWANG,B,DZ248,Double
makam,KARAWANG,B,DZ258,Double
makam,KARAWANG,B,DZ268,Double
makam,KARAWANG,B,DZ278,Double
makam,KARAWANG,B,DZ28,Double
makam,KARAWANG,B,DZ288,Double
makam,KARAWANG,B,DZ298,Double
makam,KARAWANG,B,DZ38,Double
makam,KARAWANG,B,DZ48,Double
makam,KARAWANG,B,DZ58,Double
makam,KARAWANG,B,DZ68,Double
makam,KARAWANG,B,DZ78,Double
makam,KARAWANG,B,DZ88,Double
makam,KARAWANG,B,DZ98,Double
makam,KARAWANG,BA,DA08,Double
makam,KARAWANG,BA,DA18,Double
makam,KARAWANG,BA,DB08,Double
makam,KARAWANG,BA,DC08,Double
makam,KARAWANG,BA,DD08,Double
makam,KARAWANG,BA,DE08,Double
makam,KARAWANG,BA,DF08,Double
makam,KARAWANG,BA,DF18,Double
makam,KARAWANG,BA,DSA38,Double
makam,KARAWANG,BA,DSB38,Double
makam,KARAWANG,BA,DSC38,Double
makam,KARAWANG,BA,DSD68,Double
makam,KARAWANG,BA,DSE68,Double
makam,KARAWANG,BA,DSF68,Double
makam,KARAWANG,BA,DSH38,Double
makam,KARAWANG,BA,DSJ38,Double
makam,KARAWANG,BA,DSM28,Double
makam,KARAWANG,BA,DSN38,Double
makam,KARAWANG,BA,DSP38,Double
makam,KARAWANG,BA,DSQ38,Double
makam,KARAWANG,BA,DSR38,Double
makam,KARAWANG,BA,DST38,Double
makam,KARAWANG,BA,DSU38,Double
makam,KARAWANG,BA,SA08,Single
makam,KARAWANG,BA,SA18,Single
makam,KARAWANG,BA,SA28,Single
makam,KARAWANG,BA,SB08,Single
makam,KARAWANG,BA,SB18,Single
makam,KARAWANG,BA,SB28,Single
makam,KARAWANG,BA,SC08,Single
makam,KARAWANG,BA,SC18,Single
makam,KARAWANG,BA,SC28,Single
makam,KARAWANG,BA,SD08,Single
makam,KARAWANG,BA,SD18,Single
makam,KARAWANG,BA,SD28,Single
makam,KARAWANG,BA,SD38,Single
makam,KARAWANG,BA,SE08,Single
makam,KARAWANG,BA,SE18,Single
makam,KARAWANG,BA,SE28,Single
makam,KARAWANG,BA,SE38,Single
makam,KARAWANG,BA,SF08,Single
makam,KARAWANG,BA,SF18,Single
makam,KARAWANG,BA,SF28,Single
makam,KARAWANG,BA,SF38,Single
makam,KARAWANG,BA,SG08,Single
makam,KARAWANG,BA,SG18,Single
makam,KARAWANG,BA,SG28,Single
makam,KARAWANG,BA,SG38,Single
makam,KARAWANG,BA,SH08,Single
makam,KARAWANG,BA,SH18,Single
makam,KARAWANG,BA,SH28,Single
makam,KARAWANG,BA,SJ08,Single
makam,KARAWANG,BA,SJ18,Single
makam,KARAWANG,BA,SJ28,Single
makam,KARAWANG,BA,SK08,Single
makam,KARAWANG,BA,SK18,Single
makam,KARAWANG,BA,SK28,Single
makam,KARAWANG,BA,SL08,Single
makam,KARAWANG,BA,SL18,Single
makam,KARAWANG,BA,SL28,Single
makam,KARAWANG,BA,SL38,Single
makam,KARAWANG,BA,SM08,Single
makam,KARAWANG,BA,SM18,Single
makam,KARAWANG,BA,SN08,Single
makam,KARAWANG,BA,SN18,Single
makam,KARAWANG,BA,SN28,Single
makam,KARAWANG,BA,SP08,Single
makam,KARAWANG,BA,SP18,Single
makam,KARAWANG,BA,SP28,Single
makam,KARAWANG,BA,SQ08,Single
makam,KARAWANG,BA,SQ18,Single
makam,KARAWANG,BA,SQ28,Single
makam,KARAWANG,BA,SR08,Single
makam,KARAWANG,BA,SR18,Single
makam,KARAWANG,BA,SR28,Single
makam,KARAWANG,BA,ST08,Single
makam,KARAWANG,BA,ST18,Single
makam,KARAWANG,BA,ST28,Single
makam,KARAWANG,BA,SU08,Single
makam,KARAWANG,BA,SU18,Single
makam,KARAWANG,BA,SU28,Single
makam,KARAWANG,D,FA108,Family
makam,KARAWANG,D,FA118,Family
makam,KARAWANG,D,FA128,Family
makam,KARAWANG,D,FA138,Family
makam,KARAWANG,D,FA148,Family
makam,KARAWANG,D,FA158,Family
makam,KARAWANG,D,FA168,Family
makam,KARAWANG,D,FA178,Family
makam,KARAWANG,D,FA18,Family
makam,KARAWANG,D,FA188,Family
makam,KARAWANG,D,FA198,Family
makam,KARAWANG,D,FA28,Family
makam,KARAWANG,D,FA38,Family
makam,KARAWANG,D,FA38A,Family
makam,KARAWANG,D,FA58,Family
makam,KARAWANG,D,FA68,Family
makam,KARAWANG,D,FA78,Family
makam,KARAWANG,D,FA88,Family
makam,KARAWANG,D,FA98,Family
makam,KARAWANG,D,FB108,Family
makam,KARAWANG,D,FB118,Family
makam,KARAWANG,D,FB128,Family
makam,KARAWANG,D,FB138,Family
makam,KARAWANG,D,FB148,Family
makam,KARAWANG,D,FB158,Family
makam,KARAWANG,D,FB168,Family
makam,KARAWANG,D,FB178,Family
makam,KARAWANG,D,FB18,Family
makam,KARAWANG,D,FB188,Family
makam,KARAWANG,D,FB28,Family
makam,KARAWANG,D,FB38,Family
makam,KARAWANG,D,FB48,Family
makam,KARAWANG,D,FB58,Family
makam,KARAWANG,D,FB68,Family
makam,KARAWANG,D,FB78,Family
makam,KARAWANG,D,FB88,Family
makam,KARAWANG,D,FB98,Family
makam,KARAWANG,D,FC108,Family
makam,KARAWANG,D,FC118,Family
makam,KARAWANG,D,FC128,Family
makam,KARAWANG,D,FC138,Family
makam,KARAWANG,D,FC148,Family
makam,KARAWANG,D,FC158,Family
makam,KARAWANG,D,FC168,Family
makam,KARAWANG,D,FC178,Family
makam,KARAWANG,D,FC38,Family
makam,KARAWANG,D,FC38A,Family
makam,KARAWANG,D,FC58,Family
makam,KARAWANG,D,FC68,Family
makam,KARAWANG,D,FC78,Family
makam,KARAWANG,D,FC88,Family
makam,KARAWANG,D,FC98,Family
makam,KARAWANG,DG,DA118,Double
makam,KARAWANG,DG,DA128,Double
makam,KARAWANG,DG,DA138,Double
makam,KARAWANG,DG,DA168,Double
makam,KARAWANG,DG,DA188,Double
makam,KARAWANG,DG,DA198,Double
makam,KARAWANG,DG,DA208,Double
makam,KARAWANG,DG,DA218,Double
makam,KARAWANG,DG,DA228,Double
makam,KARAWANG,DG,DA238,Double
makam,KARAWANG,DG,DA268,Double
makam,KARAWANG,DG,DA288,Double
makam,KARAWANG,DG,DA298,Double
makam,KARAWANG,DG,DA308,Double
makam,KARAWANG,DG,DA318,Double
makam,KARAWANG,DG,DA328,Double
makam,KARAWANG,DG,DA338,Double
makam,KARAWANG,DG,DA368,Double
makam,KARAWANG,DG,DB108,Double
makam,KARAWANG,DG,DB118,Double
makam,KARAWANG,DG,DB128,Double
makam,KARAWANG,DG,DB138,Double
makam,KARAWANG,DG,DB168,Double
makam,KARAWANG,DG,DB188,Double
makam,KARAWANG,DG,DB198,Double
makam,KARAWANG,DG,DB208,Double
makam,KARAWANG,DG,DB218,Double
makam,KARAWANG,DG,DB228,Double
makam,KARAWANG,DG,DB238,Double
makam,KARAWANG,DG,DB268,Double
makam,KARAWANG,DG,DB288,Double
makam,KARAWANG,DG,DB298,Double
makam,KARAWANG,DG,DB308,Double
makam,KARAWANG,DG,DB318,Double
makam,KARAWANG,DG,DB328,Double
makam,KARAWANG,DG,DB338,Double
makam,KARAWANG,DG,DB368,Double
makam,KARAWANG,DG,DB388,Double
makam,KARAWANG,DG,DC108,Double
makam,KARAWANG,DG,DC118,Double
makam,KARAWANG,DG,DC128,Double
makam,KARAWANG,DG,DC138,Double
makam,KARAWANG,DG,DC168,Double
makam,KARAWANG,DG,DC188,Double
makam,KARAWANG,DG,DC198,Double
makam,KARAWANG,DG,DC208,Double
makam,KARAWANG,DG,DC218,Double
makam,KARAWANG,DG,DC228,Double
makam,KARAWANG,DG,DC238,Double
makam,KARAWANG,DG,DC268,Double
makam,KARAWANG,DG,DC288,Double
makam,KARAWANG,DG,DC298,Double
makam,KARAWANG,DG,DC308,Double
makam,KARAWANG,DG,DC318,Double
makam,KARAWANG,DG,DC328,Double
makam,KARAWANG,DG,DC338,Double
makam,KARAWANG,DG,DC368,Double
makam,KARAWANG,DG,DC388,Double
makam,KARAWANG,DG,DC398,Double
makam,KARAWANG,DG,DC88,Double
makam,KARAWANG,DG,DC98,Double
makam,KARAWANG,DG,DD108,Double
makam,KARAWANG,DG,DD118,Double
makam,KARAWANG,DG,DD128,Double
makam,KARAWANG,DG,DD138,Double
makam,KARAWANG,DG,DD168,Double
makam,KARAWANG,DG,DD188,Double
makam,KARAWANG,DG,DD198,Double
makam,KARAWANG,DG,DD208,Double
makam,KARAWANG,DG,DD218,Double
makam,KARAWANG,DG,DD228,Double
makam,KARAWANG,DG,DD238,Double
makam,KARAWANG,DG,DD268,Double
makam,KARAWANG,DG,DD288,Double
makam,KARAWANG,DG,DD298,Double
makam,KARAWANG,DG,DD308,Double
makam,KARAWANG,DG,DD318,Double
makam,KARAWANG,DG,DD328,Double
makam,KARAWANG,DG,DD338,Double
makam,KARAWANG,DG,DD368,Double
makam,KARAWANG,DG,DD388,Double
makam,KARAWANG,DG,DD398,Double
makam,KARAWANG,DG,DD608,Double
makam,KARAWANG,DG,DD68,Double
makam,KARAWANG,DG,DD88,Double
makam,KARAWANG,DG,DD98,Double
makam,KARAWANG,DG,DE108,Double
makam,KARAWANG,DG,DE118,Double
makam,KARAWANG,DG,DE128,Double
makam,KARAWANG,DG,DE138,Double
makam,KARAWANG,DG,DE168,Double
makam,KARAWANG,DG,DE188,Double
makam,KARAWANG,DG,DE198,Double
makam,KARAWANG,DG,DE208,Double
makam,KARAWANG,DG,DE218,Double
makam,KARAWANG,DG,DE228,Double
makam,KARAWANG,DG,DE238,Double
makam,KARAWANG,DG,DE268,Double
makam,KARAWANG,DG,DE288,Double
makam,KARAWANG,DG,DE298,Double
makam,KARAWANG,DG,DE308,Double
makam,KARAWANG,DG,DE318,Double
makam,KARAWANG,DG,DE328,Double
makam,KARAWANG,DG,DE338,Double
makam,KARAWANG,DG,DE368,Double
makam,KARAWANG,DG,DE38,Double
makam,KARAWANG,DG,DE388,Double
makam,KARAWANG,DG,DE398,Double
makam,KARAWANG,DG,DE608,Double
makam,KARAWANG,DG,DE618,Double
makam,KARAWANG,DG,DE68,Double
makam,KARAWANG,DG,DE88,Double
makam,KARAWANG,DG,DE98,Double
makam,KARAWANG,DG,FA228,Family
makam,KARAWANG,DG,FB208,Family
makam,KARAWANG,DG,FB226,Family
makam,KARAWANG,DG,FB268,Family
makam,KARAWANG,DG,FB298,Family
makam,KARAWANG,DG,FC208,Family
makam,KARAWANG,DG,FC228,Family
makam,KARAWANG,DG,FC268,Family
makam,KARAWANG,DG,FC298,Family
makam,KARAWANG,DG,FC318,Family
makam,KARAWANG,DG,FD128,Family
makam,KARAWANG,DG,FD168,Family
makam,KARAWANG,DG,FD208,Family
makam,KARAWANG,DG,FD228,Family
makam,KARAWANG,DG,FD268,Family
makam,KARAWANG,DG,FD298,Family
makam,KARAWANG,DG,FD318,Family
makam,KARAWANG,E,SFA108,Single
makam,KARAWANG,E,SFA118,Single
makam,KARAWANG,E,SFA128,Single
makam,KARAWANG,E,SFA138,Single
makam,KARAWANG,E,SFA18,Single
makam,KARAWANG,E,SFA28,Single
makam,KARAWANG,E,SFA38,Single
makam,KARAWANG,E,SFA38A,Single
makam,KARAWANG,E,SFA58,Single
makam,KARAWANG,E,SFA68,Single
makam,KARAWANG,E,SFA78,Single
makam,KARAWANG,E,SFA88,Single
makam,KARAWANG,E,SFA98,Single
makam,KARAWANG,E,SFB108,Single
makam,KARAWANG,E,SFB118,Single
makam,KARAWANG,E,SFB128,Single
makam,KARAWANG,E,SFB138,Single
makam,KARAWANG,E,SFB168,Single
makam,KARAWANG,E,SFB18,Single
makam,KARAWANG,E,SFB28,Single
makam,KARAWANG,E,SFB38,Single
makam,KARAWANG,E,SFB38A,Single
makam,KARAWANG,E,SFB58,Single
makam,KARAWANG,E,SFB68,Single
makam,KARAWANG,E,SFB78,Single
makam,KARAWANG,E,SFB88,Single
makam,KARAWANG,E,SFB98,Single
makam,KARAWANG,F,RFA28,Royal Family
makam,KARAWANG,F,RFA38,Royal Family
makam,KARAWANG,F,RFA68,Royal Family
makam,KARAWANG,F,RFA78,Royal Family
makam,KARAWANG,F,RFA88,Royal Family
makam,KARAWANG,F,RFA98,Royal Family
makam,KARAWANG,F,RFB28,Royal Family
makam,KARAWANG,F,RFB38,Royal Family
makam,KARAWANG,F,RFB68,Royal Family
makam,KARAWANG,F,RFB78,Royal Family
makam,KARAWANG,F,RFB88A,Royal Family
makam,KARAWANG,F,RFC68,Royal Family
makam,KARAWANG,F,RFC78,Royal Family
makam,KARAWANG,G,DA108,Double
makam,KARAWANG,G,DA118,Double
makam,KARAWANG,G,DA128,Double
makam,KARAWANG,G,DA138,Double
makam,KARAWANG,G,DA148,Double
makam,KARAWANG,G,DA158,Double
makam,KARAWANG,G,DA168,Double
makam,KARAWANG,G,DA178,Double
makam,KARAWANG,G,DA188,Double
makam,KARAWANG,G,DA198,Double
makam,KARAWANG,G,DA208,Double
makam,KARAWANG,G,DA218,Double
makam,KARAWANG,G,DA228,Double
makam,KARAWANG,G,DA38,Double
makam,KARAWANG,G,DA48,Double
makam,KARAWANG,G,DA58,Double
makam,KARAWANG,G,DA68,Double
makam,KARAWANG,G,DA78,Double
makam,KARAWANG,G,DA88,Double
makam,KARAWANG,G,DA98,Double
makam,KARAWANG,G,DB108,Double
makam,KARAWANG,G,DB138,Double
makam,KARAWANG,G,DB98,Double
makam,KARAWANG,G,DC118,Double
makam,KARAWANG,G,DC128,Double
makam,KARAWANG,G,DC218,Double
makam,KARAWANG,G,DC228,Double
makam,KARAWANG,G,DD128,Double
makam,KARAWANG,G,DD168,Double
makam,KARAWANG,G,DD228,Double
makam,KARAWANG,G,DE108,Double
makam,KARAWANG,G,DE118,Double
makam,KARAWANG,G,DE128,Double
makam,KARAWANG,G,DE138,Double
makam,KARAWANG,G,DE148,Double
makam,KARAWANG,G,DE158,Double
makam,KARAWANG,G,DE168,Double
makam,KARAWANG,G,DE178,Double
makam,KARAWANG,G,DE188,Double
makam,KARAWANG,G,DE198,Double
makam,KARAWANG,G,DE208,Double
makam,KARAWANG,G,DE218,Double
makam,KARAWANG,G,DE228,Double
makam,KARAWANG,G,DE48,Double
makam,KARAWANG,G,DE58,Double
makam,KARAWANG,G,DE68,Double
makam,KARAWANG,G,DE78,Double
makam,KARAWANG,G,DE88,Double
makam,KARAWANG,G,DE98,Double
makam,KARAWANG,G,DF108,Double
makam,KARAWANG,G,DF118,Double
makam,KARAWANG,G,DF128,Double
makam,KARAWANG,G,DF138,Double
makam,KARAWANG,G,DF148,Double
makam,KARAWANG,G,DF158,Double
makam,KARAWANG,G,DF168,Double
makam,KARAWANG,G,DF178,Double
makam,KARAWANG,G,DF188,Double
makam,KARAWANG,G,DF198,Double
makam,KARAWANG,G,DF208,Double
makam,KARAWANG,G,DF218,Double
makam,KARAWANG,G,DF228,Double
makam,KARAWANG,G,DF58,Double
makam,KARAWANG,G,DF68,Double
makam,KARAWANG,G,DF78,Double
makam,KARAWANG,G,DF88,Double
makam,KARAWANG,G,DF98,Double
makam,KARAWANG,G,DG108,Double
makam,KARAWANG,G,DG118,Double
makam,KARAWANG,G,DG128,Double
makam,KARAWANG,G,DG138,Double
makam,KARAWANG,G,DG148,Double
makam,KARAWANG,G,DG158,Double
makam,KARAWANG,G,DG168,Double
makam,KARAWANG,G,DG178,Double
makam,KARAWANG,G,DG188,Double
makam,KARAWANG,G,DG198,Double
makam,KARAWANG,G,DG208,Double
makam,KARAWANG,G,DG218,Double
makam,KARAWANG,G,DG228,Double
makam,KARAWANG,G,DG58,Double
makam,KARAWANG,G,DG68,Double
makam,KARAWANG,G,DG78,Double
makam,KARAWANG,G,DG88,Double
makam,KARAWANG,G,DG98,Double
makam,KARAWANG,G,DH108,Double
makam,KARAWANG,G,DH118,Double
makam,KARAWANG,G,DH128,Double
makam,KARAWANG,G,DH138,Double
makam,KARAWANG,G,DH148,Double
makam,KARAWANG,G,DH158,Double
makam,KARAWANG,G,DH168,Double
makam,KARAWANG,G,DH178,Double
makam,KARAWANG,G,DH188,Double
makam,KARAWANG,G,DH198,Double
makam,KARAWANG,G,DH208,Double
makam,KARAWANG,G,DH218,Double
makam,KARAWANG,G,DH228,Double
makam,KARAWANG,G,DH58,Double
makam,KARAWANG,G,DH68,Double
makam,KARAWANG,G,DH78,Double
makam,KARAWANG,G,DH88,Double
makam,KARAWANG,G,DH98,Double
makam,KARAWANG,G,DJ108,Double
makam,KARAWANG,G,DJ118,Double
makam,KARAWANG,G,DJ128,Double
makam,KARAWANG,G,DJ138,Double
makam,KARAWANG,G,DJ148,Double
makam,KARAWANG,G,DJ158,Double
makam,KARAWANG,G,DJ168,Double
makam,KARAWANG,G,DJ178,Double
makam,KARAWANG,G,DJ188,Double
makam,KARAWANG,G,DJ198,Double
makam,KARAWANG,G,DJ208,Double
makam,KARAWANG,G,DJ218,Double
makam,KARAWANG,G,DJ228,Double
makam,KARAWANG,G,DJ68,Double
makam,KARAWANG,G,DJ78,Double
makam,KARAWANG,G,DJ88,Double
makam,KARAWANG,G,DJ98,Double
makam,KARAWANG,G,DK108,Double
makam,KARAWANG,G,DK118,Double
makam,KARAWANG,G,DK128,Double
makam,KARAWANG,G,DK138,Double
makam,KARAWANG,G,DK148,Double
makam,KARAWANG,G,DK158,Double
makam,KARAWANG,G,DK168,Double
makam,KARAWANG,G,DK178,Double
makam,KARAWANG,G,DK188,Double
makam,KARAWANG,G,DK198,Double
makam,KARAWANG,G,DK208,Double
makam,KARAWANG,G,DK218,Double
makam,KARAWANG,G,DK228,Double
makam,KARAWANG,G,DK68,Double
makam,KARAWANG,G,DK78,Double
makam,KARAWANG,G,DK88,Double
makam,KARAWANG,G,DK98,Double
makam,KARAWANG,G,DL108,Double
makam,KARAWANG,G,DL118,Double
makam,KARAWANG,G,DL128,Double
makam,KARAWANG,G,DL138,Double
makam,KARAWANG,G,DL148,Double
makam,KARAWANG,G,DL158,Double
makam,KARAWANG,G,DL168,Double
makam,KARAWANG,G,DL178,Double
makam,KARAWANG,G,DL188,Double
makam,KARAWANG,G,DL198,Double
makam,KARAWANG,G,DL208,Double
makam,KARAWANG,G,DL218,Double
makam,KARAWANG,G,DL228,Double
makam,KARAWANG,G,DL78,Double
makam,KARAWANG,G,DL88,Double
makam,KARAWANG,G,DL98,Double
makam,KARAWANG,G,DSG118-128,Double
makam,KARAWANG,G,DSG138-148,Double
makam,KARAWANG,G,DSG158-168,Double
makam,KARAWANG,G,DSG178-188,Double
makam,KARAWANG,G,DSG218-228,Double
makam,KARAWANG,G,DSG238-248,Double
makam,KARAWANG,G,DSG258-268,Double
makam,KARAWANG,G,DSG278-288,Double
makam,KARAWANG,G,DSG298-308,Double
makam,KARAWANG,G,DSG318-328,Double
makam,KARAWANG,G,DSG338-348,Double
makam,KARAWANG,G,DSG358-368,Double
makam,KARAWANG,G,DSG378-388,Double
makam,KARAWANG,G,DSG398-408,Double
makam,KARAWANG,G,DSG418-428,Double
makam,KARAWANG,G,DSG438-448,Double
makam,KARAWANG,G,DSG78-88,Double
makam,KARAWANG,G,DSG98-108,Double
makam,KARAWANG,G,DSH118-128,Double
makam,KARAWANG,G,DSH138-148,Double
makam,KARAWANG,G,DSH158-168,Double
makam,KARAWANG,G,DSH178-188,Double
makam,KARAWANG,G,DSH198-208,Double
makam,KARAWANG,G,DSH218-228,Double
makam,KARAWANG,G,DSH238-248,Double
makam,KARAWANG,G,DSH258-268,Double
makam,KARAWANG,G,DSH278-288,Double
makam,KARAWANG,G,DSH298-308,Double
makam,KARAWANG,G,DSH318-328,Double
makam,KARAWANG,G,DSH338-348,Double
makam,KARAWANG,G,DSH358-368,Double
makam,KARAWANG,G,DSH378-388,Double
makam,KARAWANG,G,DSH398-408,Double
makam,KARAWANG,G,DSH418-428,Double
makam,KARAWANG,G,DSH438-448,Double
makam,KARAWANG,G,DSH78-88,Double
makam,KARAWANG,G,DSH98-108,Double
makam,KARAWANG,G,DSJ118-128,Double
makam,KARAWANG,G,DSJ138-148,Double
makam,KARAWANG,G,DSJ158-168,Double
makam,KARAWANG,G,DSJ178-188,Double
makam,KARAWANG,G,DSJ198-208,Double
makam,KARAWANG,G,DSJ218-228,Double
makam,KARAWANG,G,DSJ258-268,Double
makam,KARAWANG,G,DSJ278-288,Double
makam,KARAWANG,G,DSJ298-308,Double
makam,KARAWANG,G,DSJ318-328,Double
makam,KARAWANG,G,DSJ338-348,Double
makam,KARAWANG,G,DSJ358-368,Double
makam,KARAWANG,G,DSJ378-388,Double
makam,KARAWANG,G,DSJ398-408,Double
makam,KARAWANG,G,DSJ418-428,Double
makam,KARAWANG,G,DSJ438-448,Double
makam,KARAWANG,G,DSJ78-88,Double
makam,KARAWANG,G,DSJ98-108,Double
makam,KARAWANG,G,DSK118-128,Double
makam,KARAWANG,G,DSK138-148,Double
makam,KARAWANG,G,DSK158-168,Double
makam,KARAWANG,G,DSK178-188,Double
makam,KARAWANG,G,DSK198-208,Double
makam,KARAWANG,G,DSK258-268,Double
makam,KARAWANG,G,DSK278-288,Double
makam,KARAWANG,G,DSK298-308,Double
makam,KARAWANG,G,DSK318-328,Double
makam,KARAWANG,G,DSK338-348,Double
makam,KARAWANG,G,DSK358-368,Double
makam,KARAWANG,G,DSK378-388,Double
makam,KARAWANG,G,DSK398-408,Double
makam,KARAWANG,G,DSK418-428,Double
makam,KARAWANG,G,DSK438-448,Double
makam,KARAWANG,G,DSK78-88,Double
makam,KARAWANG,G,DSK98-108,Double
makam,KARAWANG,G,DSL118-128,Double
makam,KARAWANG,G,DSL138-148,Double
makam,KARAWANG,G,DSL158-168,Double
makam,KARAWANG,G,DSL178-188,Double
makam,KARAWANG,G,DSL278-288,Double
makam,KARAWANG,G,DSL298-308,Double
makam,KARAWANG,G,DSL318-328,Double
makam,KARAWANG,G,DSL338-348,Double
makam,KARAWANG,G,DSL358-368,Double
makam,KARAWANG,G,DSL378-388,Double
makam,KARAWANG,G,DSL398-408,Double
makam,KARAWANG,G,DSL418-428,Double
makam,KARAWANG,G,DSL438-448,Double
makam,KARAWANG,G,DSL78-88,Double
makam,KARAWANG,G,DSL98-108,Double
makam,KARAWANG,G,DSM118-128,Double
makam,KARAWANG,G,DSM138-148,Double
makam,KARAWANG,G,DSM158-168,Double
makam,KARAWANG,G,DSM318-328,Double
makam,KARAWANG,G,DSM338-348,Double
makam,KARAWANG,G,DSM358-368,Double
makam,KARAWANG,G,DSM378-388,Double
makam,KARAWANG,G,DSM398-408,Double
makam,KARAWANG,G,DSM78-88,Double
makam,KARAWANG,G,DSM98-108,Double
makam,KARAWANG,G,SB118,Single
makam,KARAWANG,G,SB118A,Single
makam,KARAWANG,G,SB128,Single
makam,KARAWANG,G,SB128A,Single
makam,KARAWANG,G,SB148,Single
makam,KARAWANG,G,SB148A,Single
makam,KARAWANG,G,SB158,Single
makam,KARAWANG,G,SB158A,Single
makam,KARAWANG,G,SB168,Single
makam,KARAWANG,G,SB168A,Single
makam,KARAWANG,G,SB178,Single
makam,KARAWANG,G,SB178A,Single
makam,KARAWANG,G,SB188,Single
makam,KARAWANG,G,SB188A,Single
makam,KARAWANG,G,SB198,Single
makam,KARAWANG,G,SB198A,Single
makam,KARAWANG,G,SB208,Single
makam,KARAWANG,G,SB208A,Single
makam,KARAWANG,G,SB218,Single
makam,KARAWANG,G,SB218A,Single
makam,KARAWANG,G,SB228,Single
makam,KARAWANG,G,SB228A,Single
makam,KARAWANG,G,SB28A,Single
makam,KARAWANG,G,SB38,Single
makam,KARAWANG,G,SB38A,Single
makam,KARAWANG,G,SB48,Single
makam,KARAWANG,G,SB48A,Single
makam,KARAWANG,G,SB58,Single
makam,KARAWANG,G,SB58A,Single
makam,KARAWANG,G,SB68,Single
makam,KARAWANG,G,SB68A,Single
makam,KARAWANG,G,SB78,Single
makam,KARAWANG,G,SB78A,Single
makam,KARAWANG,G,SB88,Single
makam,KARAWANG,G,SB88A,Single
makam,KARAWANG,G,SC108,Single
makam,KARAWANG,G,SC108A,Single
makam,KARAWANG,G,SC138,Single
makam,KARAWANG,G,SC138A,Single
makam,KARAWANG,G,SC148,Single
makam,KARAWANG,G,SC148A,Single
makam,KARAWANG,G,SC158,Single
makam,KARAWANG,G,SC158A,Single
makam,KARAWANG,G,SC168,Single
makam,KARAWANG,G,SC168A,Single
makam,KARAWANG,G,SC178,Single
makam,KARAWANG,G,SC178A,Single
makam,KARAWANG,G,SC188,Single
makam,KARAWANG,G,SC188A,Single
makam,KARAWANG,G,SC198,Single
makam,KARAWANG,G,SC198A,Single
makam,KARAWANG,G,SC208,Single
makam,KARAWANG,G,SC208A,Single
makam,KARAWANG,G,SC38,Single
makam,KARAWANG,G,SC38A,Single
makam,KARAWANG,G,SC48,Single
makam,KARAWANG,G,SC48A,Single
makam,KARAWANG,G,SC58,Single
makam,KARAWANG,G,SC58A,Single
makam,KARAWANG,G,SC68,Single
makam,KARAWANG,G,SC68A,Single
makam,KARAWANG,G,SC78,Single
makam,KARAWANG,G,SC78A,Single
makam,KARAWANG,G,SC88,Single
makam,KARAWANG,G,SC88A,Single
makam,KARAWANG,G,SC98,Single
makam,KARAWANG,G,SC98A,Single
makam,KARAWANG,G,SD108,Single
makam,KARAWANG,G,SD118,Single
makam,KARAWANG,G,SD128,Single
makam,KARAWANG,G,SD138,Single
makam,KARAWANG,G,SD148,Single
makam,KARAWANG,G,SD158,Single
makam,KARAWANG,G,SD168,Single
makam,KARAWANG,G,SD178,Single
makam,KARAWANG,G,SD188,Single
makam,KARAWANG,G,SD198,Single
makam,KARAWANG,G,SD208,Single
makam,KARAWANG,G,SD218,Single
makam,KARAWANG,G,SD228,Single
makam,KARAWANG,G,SD238,Single
makam,KARAWANG,G,SD248,Single
makam,KARAWANG,G,SD258,Single
makam,KARAWANG,G,SD268,Single
makam,KARAWANG,G,SD278,Single
makam,KARAWANG,G,SD28,Single
makam,KARAWANG,G,SD288,Single
makam,KARAWANG,G,SD298,Single
makam,KARAWANG,G,SD308,Single
makam,KARAWANG,G,SD318,Single
makam,KARAWANG,G,SD328,Single
makam,KARAWANG,G,SD338,Single
makam,KARAWANG,G,SD348,Single
makam,KARAWANG,G,SD358,Single
makam,KARAWANG,G,SD368,Single
makam,KARAWANG,G,SD378,Single
makam,KARAWANG,G,SD38,Single
makam,KARAWANG,G,SD388,Single
makam,KARAWANG,G,SD398,Single
makam,KARAWANG,G,SD408,Single
makam,KARAWANG,G,SD418,Single
makam,KARAWANG,G,SD428,Single
makam,KARAWANG,G,SD438,Single
makam,KARAWANG,G,SD448,Single
makam,KARAWANG,G,SD48,Single
makam,KARAWANG,G,SD58,Single
makam,KARAWANG,G,SD68,Single
makam,KARAWANG,G,SD78,Single
makam,KARAWANG,G,SD88,Single
makam,KARAWANG,G,SD98,Single
makam,KARAWANG,G,SDD108,Single
makam,KARAWANG,G,SDD108A,Single
makam,KARAWANG,G,SDD118,Single
makam,KARAWANG,G,SDD118A,Single
makam,KARAWANG,G,SDD138,Single
makam,KARAWANG,G,SDD138A,Single
makam,KARAWANG,G,SDD148,Single
makam,KARAWANG,G,SDD148A,Single
makam,KARAWANG,G,SDD158,Single
makam,KARAWANG,G,SDD158A,Single
makam,KARAWANG,G,SDD178,Single
makam,KARAWANG,G,SDD178A,Single
makam,KARAWANG,G,SDD188,Single
makam,KARAWANG,G,SDD188A,Single
makam,KARAWANG,G,SDD198,Single
makam,KARAWANG,G,SDD198A,Single
makam,KARAWANG,G,SDD208,Single
makam,KARAWANG,G,SDD208A,Single
makam,KARAWANG,G,SDD218,Single
makam,KARAWANG,G,SDD218A,Single
makam,KARAWANG,G,SDD38A,Single
makam,KARAWANG,G,SDD48,Single
makam,KARAWANG,G,SDD48A,Single
makam,KARAWANG,G,SDD58,Single
makam,KARAWANG,G,SDD58A,Single
makam,KARAWANG,G,SDD68,Single
makam,KARAWANG,G,SDD68A,Single
makam,KARAWANG,G,SDD78,Single
makam,KARAWANG,G,SDD78A,Single
makam,KARAWANG,G,SDD88,Single
makam,KARAWANG,G,SDD88A,Single
makam,KARAWANG,G,SDD98,Single
makam,KARAWANG,G,SDD98A,Single
makam,KARAWANG,G,SE108,Single
makam,KARAWANG,G,SE118,Single
makam,KARAWANG,G,SE128,Single
makam,KARAWANG,G,SE138,Single
makam,KARAWANG,G,SE148,Single
makam,KARAWANG,G,SE158,Single
makam,KARAWANG,G,SE168,Single
makam,KARAWANG,G,SE178,Single
makam,KARAWANG,G,SE188,Single
makam,KARAWANG,G,SE198,Single
makam,KARAWANG,G,SE208,Single
makam,KARAWANG,G,SE218,Single
makam,KARAWANG,G,SE228,Single
makam,KARAWANG,G,SE238,Single
makam,KARAWANG,G,SE248,Single
makam,KARAWANG,G,SE258,Single
makam,KARAWANG,G,SE268,Single
makam,KARAWANG,G,SE278,Single
makam,KARAWANG,G,SE28,Single
makam,KARAWANG,G,SE288,Single
makam,KARAWANG,G,SE298,Single
makam,KARAWANG,G,SE308,Single
makam,KARAWANG,G,SE318,Single
makam,KARAWANG,G,SE328,Single
makam,KARAWANG,G,SE338,Single
makam,KARAWANG,G,SE348,Single
makam,KARAWANG,G,SE358,Single
makam,KARAWANG,G,SE368,Single
makam,KARAWANG,G,SE378,Single
makam,KARAWANG,G,SE38,Single
makam,KARAWANG,G,SE388,Single
makam,KARAWANG,G,SE398,Single
makam,KARAWANG,G,SE408,Single
makam,KARAWANG,G,SE418,Single
makam,KARAWANG,G,SE428,Single
makam,KARAWANG,G,SE438,Single
makam,KARAWANG,G,SE448,Single
makam,KARAWANG,G,SE48,Single
makam,KARAWANG,G,SE58,Single
makam,KARAWANG,G,SE68,Single
makam,KARAWANG,G,SE78,Single
makam,KARAWANG,G,SE88,Single
makam,KARAWANG,G,SE98,Single
makam,KARAWANG,G,SF108,Single
makam,KARAWANG,G,SF118,Single
makam,KARAWANG,G,SF128,Single
makam,KARAWANG,G,SF138,Single
makam,KARAWANG,G,SF148,Single
makam,KARAWANG,G,SF158,Single
makam,KARAWANG,G,SF168,Single
makam,KARAWANG,G,SF178,Single
makam,KARAWANG,G,SF188,Single
makam,KARAWANG,G,SF198,Single
makam,KARAWANG,G,SF208,Single
makam,KARAWANG,G,SF218,Single
makam,KARAWANG,G,SF228,Single
makam,KARAWANG,G,SF238,Single
makam,KARAWANG,G,SF248,Single
makam,KARAWANG,G,SF258,Single
makam,KARAWANG,G,SF268,Single
makam,KARAWANG,G,SF278,Single
makam,KARAWANG,G,SF28,Single
makam,KARAWANG,G,SF288,Single
makam,KARAWANG,G,SF298,Single
makam,KARAWANG,G,SF308,Single
makam,KARAWANG,G,SF318,Single
makam,KARAWANG,G,SF328,Single
makam,KARAWANG,G,SF338,Single
makam,KARAWANG,G,SF348,Single
makam,KARAWANG,G,SF358,Single
makam,KARAWANG,G,SF368,Single
makam,KARAWANG,G,SF378,Single
makam,KARAWANG,G,SF38,Single
makam,KARAWANG,G,SF388,Single
makam,KARAWANG,G,SF398,Single
makam,KARAWANG,G,SF408,Single
makam,KARAWANG,G,SF418,Single
makam,KARAWANG,G,SF428,Single
makam,KARAWANG,G,SF438,Single
makam,KARAWANG,G,SF448,Single
makam,KARAWANG,G,SF48,Single
makam,KARAWANG,G,SF58,Single
makam,KARAWANG,G,SF68,Single
makam,KARAWANG,G,SF78,Single
makam,KARAWANG,G,SF88,Single
makam,KARAWANG,G,SF98,Single
makam,KARAWANG,G,SG198,Single
makam,KARAWANG,G,SG208,Single
makam,KARAWANG,G,SG38,Single
makam,KARAWANG,G,SG48,Single
makam,KARAWANG,G,SG58,Single
makam,KARAWANG,G,SG68,Single
makam,KARAWANG,G,SH38,Single
makam,KARAWANG,G,SH48,Single
makam,KARAWANG,G,SH58,Single
makam,KARAWANG,G,SH68,Single
makam,KARAWANG,G,SJ238,Single
makam,KARAWANG,G,SJ248,Single
makam,KARAWANG,G,SJ38,Single
makam,KARAWANG,G,SJ48,Single
makam,KARAWANG,G,SJ58,Single
makam,KARAWANG,G,SJ68,Single
makam,KARAWANG,G,SK218,Single
makam,KARAWANG,G,SK228,Single
makam,KARAWANG,G,SK238,Single
makam,KARAWANG,G,SK248,Single
makam,KARAWANG,G,SK38,Single
makam,KARAWANG,G,SK48,Single
makam,KARAWANG,G,SK58,Single
makam,KARAWANG,G,SK68,Single
makam,KARAWANG,G,SL198,Single
makam,KARAWANG,G,SL208,Single
makam,KARAWANG,G,SL218,Single
makam,KARAWANG,G,SL228,Single
makam,KARAWANG,G,SL238,Single
makam,KARAWANG,G,SL248,Single
makam,KARAWANG,G,SL258,Single
makam,KARAWANG,G,SL268,Single
makam,KARAWANG,G,SL38,Single
makam,KARAWANG,G,SL48,Single
makam,KARAWANG,G,SL58,Single
makam,KARAWANG,G,SL68,Single
makam,KARAWANG,G,SM178,Single
makam,KARAWANG,G,SM188,Single
makam,KARAWANG,G,SM198,Single
makam,KARAWANG,G,SM208,Single
makam,KARAWANG,G,SM218,Single
makam,KARAWANG,G,SM228,Single
makam,KARAWANG,G,SM238,Single
makam,KARAWANG,G,SM248,Single
makam,KARAWANG,G,SM258,Single
makam,KARAWANG,G,SM268,Single
makam,KARAWANG,G,SM278,Single
makam,KARAWANG,G,SM288,Single
makam,KARAWANG,G,SM298,Single
makam,KARAWANG,G,SM308,Single
makam,KARAWANG,G,SM38,Single
makam,KARAWANG,G,SM418,Single
makam,KARAWANG,G,SM428,Single
makam,KARAWANG,G,SM438,Single
makam,KARAWANG,G,SM448,Single
makam,KARAWANG,G,SM48,Single
makam,KARAWANG,G,SM58,Single
makam,KARAWANG,G,SM68,Single
makam,KARAWANG,G,SSA108,Single
makam,KARAWANG,G,SSA118,Single
makam,KARAWANG,G,SSA128,Single
makam,KARAWANG,G,SSA138,Single
makam,KARAWANG,G,SSA148,Single
makam,KARAWANG,G,SSA158,Single
makam,KARAWANG,G,SSA168,Single
makam,KARAWANG,G,SSA178,Single
makam,KARAWANG,G,SSA188,Single
makam,KARAWANG,G,SSA198,Single
makam,KARAWANG,G,SSA208,Single
makam,KARAWANG,G,SSA218,Single
makam,KARAWANG,G,SSA228,Single
makam,KARAWANG,G,SSA238,Single
makam,KARAWANG,G,SSA248,Single
makam,KARAWANG,G,SSA258,Single
makam,KARAWANG,G,SSA88,Single
makam,KARAWANG,G,SSA98,Single
makam,KARAWANG,G,SSB108,Single
makam,KARAWANG,G,SSB118,Single
makam,KARAWANG,G,SSB128,Single
makam,KARAWANG,G,SSB138,Single
makam,KARAWANG,G,SSB148,Single
makam,KARAWANG,G,SSB158,Single
makam,KARAWANG,G,SSB168,Single
makam,KARAWANG,G,SSB178,Single
makam,KARAWANG,G,SSB188,Single
makam,KARAWANG,G,SSB198,Single
makam,KARAWANG,G,SSB208,Single
makam,KARAWANG,G,SSB218,Single
makam,KARAWANG,G,SSB228,Single
makam,KARAWANG,G,SSB238,Single
makam,KARAWANG,G,SSB248,Single
makam,KARAWANG,G,SSB258,Single
makam,KARAWANG,G,SSB268,Single
makam,KARAWANG,G,SSB278,Single
makam,KARAWANG,G,SSB88,Single
makam,KARAWANG,G,SSB98,Single
makam,KARAWANG,G,SSC108,Single
makam,KARAWANG,G,SSC118,Single
makam,KARAWANG,G,SSC128,Single
makam,KARAWANG,G,SSC138,Single
makam,KARAWANG,G,SSC148,Single
makam,KARAWANG,G,SSC158,Single
makam,KARAWANG,G,SSC168,Single
makam,KARAWANG,G,SSC178,Single
makam,KARAWANG,G,SSC188,Single
makam,KARAWANG,G,SSC198,Single
makam,KARAWANG,G,SSC208,Single
makam,KARAWANG,G,SSC218,Single
makam,KARAWANG,G,SSC228,Single
makam,KARAWANG,G,SSC238,Single
makam,KARAWANG,G,SSC248,Single
makam,KARAWANG,G,SSC258,Single
makam,KARAWANG,G,SSC268,Single
makam,KARAWANG,G,SSC278,Single
makam,KARAWANG,G,SSC288,Single
makam,KARAWANG,G,SSC298,Single
makam,KARAWANG,G,SSC88,Single
makam,KARAWANG,G,SSC98,Single
makam,KARAWANG,G,SSD108,Single
makam,KARAWANG,G,SSD118,Single
makam,KARAWANG,G,SSD128,Single
makam,KARAWANG,G,SSD138,Single
makam,KARAWANG,G,SSD148,Single
makam,KARAWANG,G,SSD158,Single
makam,KARAWANG,G,SSD168,Single
makam,KARAWANG,G,SSD178,Single
makam,KARAWANG,G,SSD188,Single
makam,KARAWANG,G,SSD198,Single
makam,KARAWANG,G,SSD208,Single
makam,KARAWANG,G,SSD218,Single
makam,KARAWANG,G,SSD228,Single
makam,KARAWANG,G,SSD238,Single
makam,KARAWANG,G,SSD248,Single
makam,KARAWANG,G,SSD258,Single
makam,KARAWANG,G,SSD268,Single
makam,KARAWANG,G,SSD278,Single
makam,KARAWANG,G,SSD288,Single
makam,KARAWANG,G,SSD298,Single
makam,KARAWANG,G,SSD308,Single
makam,KARAWANG,G,SSD88,Single
makam,KARAWANG,G,SSD98,Single
makam,KARAWANG,G,SSE108,Single
makam,KARAWANG,G,SSE118,Single
makam,KARAWANG,G,SSE128,Single
makam,KARAWANG,G,SSE138,Single
makam,KARAWANG,G,SSE148,Single
makam,KARAWANG,G,SSE158,Single
makam,KARAWANG,G,SSE168,Single
makam,KARAWANG,G,SSE178,Single
makam,KARAWANG,G,SSE188,Single
makam,KARAWANG,G,SSE198,Single
makam,KARAWANG,G,SSE208,Single
makam,KARAWANG,G,SSE218,Single
makam,KARAWANG,G,SSE228,Single
makam,KARAWANG,G,SSE238,Single
makam,KARAWANG,G,SSE248,Single
makam,KARAWANG,G,SSE258,Single
makam,KARAWANG,G,SSE268,Single
makam,KARAWANG,G,SSE278,Single
makam,KARAWANG,G,SSE288,Single
makam,KARAWANG,G,SSE298,Single
makam,KARAWANG,G,SSE308,Single
makam,KARAWANG,G,SSE318,Single
makam,KARAWANG,G,SSE328,Single
makam,KARAWANG,G,SSE88,Single
makam,KARAWANG,G,SSE98,Single
makam,KARAWANG,GE,FA28,Family
makam,KARAWANG,GE,FA38,Family
makam,KARAWANG,GE,FA68,Family
makam,KARAWANG,GE,FA78,Family
makam,KARAWANG,GE,FA88,Family
makam,KARAWANG,GE,FFA28,Family
makam,KARAWANG,GE,FFA38,Family
makam,KARAWANG,GE,FFA68,Family
makam,KARAWANG,GE,FFA78,Family
makam,KARAWANG,GE,RFA88,Royal Family
makam,KARAWANG,GE,RFA98,Royal Family
makam,KARAWANG,GE,RFB88,Royal Family
makam,KARAWANG,GE,RFB98,Royal Family
makam,KARAWANG,GE,RFC88,Royal Family
makam,KARAWANG,GE,RFC98,Royal Family
makam,KARAWANG,GE,SFA28,Single
makam,KARAWANG,GE,SFA38,Single
makam,KARAWANG,GE,SFA68,Single
makam,KARAWANG,GE,SFA78,Single
makam,KARAWANG,GE,SRA88,Single
makam,KARAWANG,H,DA108,Double
makam,KARAWANG,H,DA118,Double
makam,KARAWANG,H,DA128,Double
makam,KARAWANG,H,DA138,Double
makam,KARAWANG,H,DB108,Double
makam,KARAWANG,H,DB118,Double
makam,KARAWANG,H,DB128,Double
makam,KARAWANG,H,DB138,Double
makam,KARAWANG,H,DB148,Double
makam,KARAWANG,H,DB88,Double
makam,KARAWANG,H,DB98,Double
makam,KARAWANG,H,DC108,Double
makam,KARAWANG,H,DC118,Double
makam,KARAWANG,H,DC128,Double
makam,KARAWANG,H,DC138,Double
makam,KARAWANG,H,DC148,Double
makam,KARAWANG,H,DC158,Double
makam,KARAWANG,H,DC78,Double
makam,KARAWANG,H,DC88,Double
makam,KARAWANG,H,DC98,Double
makam,KARAWANG,H,DD108,Double
makam,KARAWANG,H,DD118,Double
makam,KARAWANG,H,DD128,Double
makam,KARAWANG,H,DD138,Double
makam,KARAWANG,H,DD148,Double
makam,KARAWANG,H,DD158,Double
makam,KARAWANG,H,DD168,Double
makam,KARAWANG,H,DD68,Double
makam,KARAWANG,H,DD68A,Double
makam,KARAWANG,H,DD78,Double
makam,KARAWANG,H,DD88,Double
makam,KARAWANG,H,DD98,Double
makam,KARAWANG,H,DE108,Double
makam,KARAWANG,H,DE118,Double
makam,KARAWANG,H,DE128,Double
makam,KARAWANG,H,DE138,Double
makam,KARAWANG,H,DE148,Double
makam,KARAWANG,H,DE158,Double
makam,KARAWANG,H,DE168,Double
makam,KARAWANG,H,DE178,Double
makam,KARAWANG,H,DE48,Double
makam,KARAWANG,H,DE58,Double
makam,KARAWANG,H,DE68,Double
makam,KARAWANG,H,DE78,Double
makam,KARAWANG,H,DE88,Double
makam,KARAWANG,H,DE98,Double
makam,KARAWANG,H,DF108,Double
makam,KARAWANG,H,DF118,Double
makam,KARAWANG,H,DF128,Double
makam,KARAWANG,H,DF138,Double
makam,KARAWANG,H,DF148,Double
makam,KARAWANG,H,DF158,Double
makam,KARAWANG,H,DF168,Double
makam,KARAWANG,H,DF178,Double
makam,KARAWANG,H,DF28,Double
makam,KARAWANG,H,DF38,Double
makam,KARAWANG,H,DF48,Double
makam,KARAWANG,H,DF58,Double
makam,KARAWANG,H,DF68,Double
makam,KARAWANG,H,DF78,Double
makam,KARAWANG,H,DF88,Double
makam,KARAWANG,H,DF98,Double
makam,KARAWANG,H,DG108,Double
makam,KARAWANG,H,DG118,Double
makam,KARAWANG,H,DG128,Double
makam,KARAWANG,H,DG138,Double
makam,KARAWANG,H,DG148,Double
makam,KARAWANG,H,DG158,Double
makam,KARAWANG,H,DG168,Double
makam,KARAWANG,H,DG178,Double
makam,KARAWANG,H,DG18,Double
makam,KARAWANG,H,DG188,Double
makam,KARAWANG,H,DG28,Double
makam,KARAWANG,H,DG38,Double
makam,KARAWANG,H,DG38A,Double
makam,KARAWANG,H,DG58,Double
makam,KARAWANG,H,DG68,Double
makam,KARAWANG,H,DG78,Double
makam,KARAWANG,H,DG88,Double
makam,KARAWANG,H,DG98,Double
makam,KARAWANG,H,DH08,Double
makam,KARAWANG,H,DH108,Double
makam,KARAWANG,H,DH118,Double
makam,KARAWANG,H,DH128,Double
makam,KARAWANG,H,DH138,Double
makam,KARAWANG,H,DH148,Double
makam,KARAWANG,H,DH158,Double
makam,KARAWANG,H,DH168,Double
makam,KARAWANG,H,DH178,Double
makam,KARAWANG,H,DH18,Double
makam,KARAWANG,H,DH188,Double
makam,KARAWANG,H,DH28,Double
makam,KARAWANG,H,DH38,Double
makam,KARAWANG,H,DH48,Double
makam,KARAWANG,H,DH58,Double
makam,KARAWANG,H,DH68,Double
makam,KARAWANG,H,DH78,Double
makam,KARAWANG,H,DH88,Double
makam,KARAWANG,H,DH98,Double
makam,KARAWANG,H,DJ108,Double
makam,KARAWANG,H,DJ118,Double
makam,KARAWANG,H,DJ128,Double
makam,KARAWANG,H,DJ138,Double
makam,KARAWANG,H,DJ148,Double
makam,KARAWANG,H,DJ158,Double
makam,KARAWANG,H,DJ168,Double
makam,KARAWANG,H,DJ178,Double
makam,KARAWANG,H,DJ18,Double
makam,KARAWANG,H,DJ188,Double
makam,KARAWANG,H,DJ18A,Double
makam,KARAWANG,H,DJ198,Double
makam,KARAWANG,H,DJ28,Double
makam,KARAWANG,H,DJ38,Double
makam,KARAWANG,H,DJ48,Double
makam,KARAWANG,H,DJ58,Double
makam,KARAWANG,H,DJ68,Double
makam,KARAWANG,H,DJ78,Double
makam,KARAWANG,H,DJ88,Double
makam,KARAWANG,H,DJ98,Double
makam,KARAWANG,H,DK108,Double
makam,KARAWANG,H,DK118,Double
makam,KARAWANG,H,DK128,Double
makam,KARAWANG,H,DK138,Double
makam,KARAWANG,H,DK148,Double
makam,KARAWANG,H,DK158,Double
makam,KARAWANG,H,DK168,Double
makam,KARAWANG,H,DK178,Double
makam,KARAWANG,H,DK188,Double
makam,KARAWANG,H,DK198,Double
makam,KARAWANG,H,DK38,Double
makam,KARAWANG,H,DK48,Double
makam,KARAWANG,H,DK58,Double
makam,KARAWANG,H,DK68,Double
makam,KARAWANG,H,DK78,Double
makam,KARAWANG,H,DK88,Double
makam,KARAWANG,H,DK98,Double
makam,KARAWANG,H,DL108,Double
makam,KARAWANG,H,DL118,Double
makam,KARAWANG,H,DL128,Double
makam,KARAWANG,H,DL138,Double
makam,KARAWANG,H,DL148,Double
makam,KARAWANG,H,DL158,Double
makam,KARAWANG,H,DL168,Double
makam,KARAWANG,H,DL178,Double
makam,KARAWANG,H,DL188,Double
makam,KARAWANG,H,DL198,Double
makam,KARAWANG,H,DL208,Double
makam,KARAWANG,H,DL58,Double
makam,KARAWANG,H,DL68,Double
makam,KARAWANG,H,DL78,Double
makam,KARAWANG,H,DL88,Double
makam,KARAWANG,H,DL98,Double
makam,KARAWANG,H,DM108,Double
makam,KARAWANG,H,DM118,Double
makam,KARAWANG,H,DM128,Double
makam,KARAWANG,H,DM138,Double
makam,KARAWANG,H,DM148,Double
makam,KARAWANG,H,DM158,Double
makam,KARAWANG,H,DM168,Double
makam,KARAWANG,H,DM178,Double
makam,KARAWANG,H,DM188,Double
makam,KARAWANG,H,DM198,Double
makam,KARAWANG,H,DM208,Double
makam,KARAWANG,H,DM78,Double
makam,KARAWANG,H,DM88,Double
makam,KARAWANG,H,DM98,Double
makam,KARAWANG,H,DN108,Double
makam,KARAWANG,H,DN118,Double
makam,KARAWANG,H,DN128,Double
makam,KARAWANG,H,DN138,Double
makam,KARAWANG,H,DN148,Double
makam,KARAWANG,H,DN158,Double
makam,KARAWANG,H,DN168,Double
makam,KARAWANG,H,DN178,Double
makam,KARAWANG,H,DN188,Double
makam,KARAWANG,H,DN198,Double
makam,KARAWANG,H,DN208,Double
makam,KARAWANG,H,DN218,Double
makam,KARAWANG,H,DN98,Double
makam,KARAWANG,H,DP118,Double
makam,KARAWANG,H,DP128,Double
makam,KARAWANG,H,DP138,Double
makam,KARAWANG,H,DP148,Double
makam,KARAWANG,H,DP158,Double
makam,KARAWANG,H,DP168,Double
makam,KARAWANG,H,DP178,Double
makam,KARAWANG,H,DP188,Double
makam,KARAWANG,H,DP198,Double
makam,KARAWANG,H,DP208,Double
makam,KARAWANG,H,DP218,Double
makam,KARAWANG,H,DQ128,Double
makam,KARAWANG,H,DQ138,Double
makam,KARAWANG,H,DQ148,Double
makam,KARAWANG,H,DQ158,Double
makam,KARAWANG,H,DQ168,Double
makam,KARAWANG,H,DQ178,Double
makam,KARAWANG,H,DQ188,Double
makam,KARAWANG,H,DQ198,Double
makam,KARAWANG,H,DQ208,Double
makam,KARAWANG,H,DQ218,Double
makam,KARAWANG,H,DR148,Double
makam,KARAWANG,H,DR158,Double
makam,KARAWANG,H,DR168,Double
makam,KARAWANG,H,DR178,Double
makam,KARAWANG,H,DR188,Double
makam,KARAWANG,H,DR198,Double
makam,KARAWANG,H,DR208,Double
makam,KARAWANG,H,DR218,Double
makam,KARAWANG,H,DS168,Double
makam,KARAWANG,H,DS178,Double
makam,KARAWANG,H,DS188,Double
makam,KARAWANG,H,DS198,Double
makam,KARAWANG,H,DS208,Double
makam,KARAWANG,H,DS218,Double
makam,KARAWANG,H,DT188,Double
makam,KARAWANG,H,DT198,Double
makam,KARAWANG,H,DT208,Double
makam,KARAWANG,H,DT218,Double
makam,KARAWANG,IG,DA108,Double
makam,KARAWANG,IG,DA118,Double
makam,KARAWANG,IG,DA128,Double
makam,KARAWANG,IG,DA138,Double
makam,KARAWANG,IG,DA168,Double
makam,KARAWANG,IG,DA178,Double
makam,KARAWANG,IG,DA188,Double
makam,KARAWANG,IG,DA198,Double
makam,KARAWANG,IG,DA208,Double
makam,KARAWANG,IG,DA218,Double
makam,KARAWANG,IG,DA228,Double
makam,KARAWANG,IG,DA238,Double
makam,KARAWANG,IG,DA268,Double
makam,KARAWANG,IG,DA278,Double
makam,KARAWANG,IG,DA288,Double
makam,KARAWANG,IG,DA298,Double
makam,KARAWANG,IG,DA308,Double
makam,KARAWANG,IG,DA318,Double
makam,KARAWANG,IG,DA328,Double
makam,KARAWANG,IG,DA338,Double
makam,KARAWANG,IG,DA368,Double
makam,KARAWANG,IG,DA388,Double
makam,KARAWANG,IG,DA68,Double
makam,KARAWANG,IG,DA78,Double
makam,KARAWANG,IG,DA88,Double
makam,KARAWANG,IG,DA98,Double
makam,KARAWANG,IG,DB108,Double
makam,KARAWANG,IG,DB118,Double
makam,KARAWANG,IG,DB128,Double
makam,KARAWANG,IG,DB138,Double
makam,KARAWANG,IG,DB168,Double
makam,KARAWANG,IG,DB178,Double
makam,KARAWANG,IG,DB188,Double
makam,KARAWANG,IG,DB198,Double
makam,KARAWANG,IG,DB208,Double
makam,KARAWANG,IG,DB218,Double
makam,KARAWANG,IG,DB228,Double
makam,KARAWANG,IG,DB238,Double
makam,KARAWANG,IG,DB268,Double
makam,KARAWANG,IG,DB278,Double
makam,KARAWANG,IG,DB288,Double
makam,KARAWANG,IG,DB298,Double
makam,KARAWANG,IG,DB308,Double
makam,KARAWANG,IG,DB318,Double
makam,KARAWANG,IG,DB328,Double
makam,KARAWANG,IG,DB338,Double
makam,KARAWANG,IG,DB368,Double
makam,KARAWANG,IG,DB378,Double
makam,KARAWANG,IG,DB68,Double
makam,KARAWANG,IG,DB78,Double
makam,KARAWANG,IG,DB88,Double
makam,KARAWANG,IG,DB98,Double
makam,KARAWANG,IG,DC108,Double
makam,KARAWANG,IG,DC118,Double
makam,KARAWANG,IG,DC128,Double
makam,KARAWANG,IG,DC138,Double
makam,KARAWANG,IG,DC168,Double
makam,KARAWANG,IG,DC178,Double
makam,KARAWANG,IG,DC188,Double
makam,KARAWANG,IG,DC198,Double
makam,KARAWANG,IG,DC208,Double
makam,KARAWANG,IG,DC218,Double
makam,KARAWANG,IG,DC228,Double
makam,KARAWANG,IG,DC238,Double
makam,KARAWANG,IG,DC268,Double
makam,KARAWANG,IG,DC278,Double
makam,KARAWANG,IG,DC288,Double
makam,KARAWANG,IG,DC298,Double
makam,KARAWANG,IG,DC308,Double
makam,KARAWANG,IG,DC318,Double
makam,KARAWANG,IG,DC328,Double
makam,KARAWANG,IG,DC338,Double
makam,KARAWANG,IG,DC368,Double
makam,KARAWANG,IG,DC378,Double
makam,KARAWANG,IG,DC68,Double
makam,KARAWANG,IG,DC78,Double
makam,KARAWANG,IG,DC88,Double
makam,KARAWANG,IG,DC98,Double
makam,KARAWANG,IG,DD108,Double
makam,KARAWANG,IG,DD118,Double
makam,KARAWANG,IG,DD128,Double
makam,KARAWANG,IG,DD138,Double
makam,KARAWANG,IG,DD168,Double
makam,KARAWANG,IG,DD178,Double
makam,KARAWANG,IG,DD188,Double
makam,KARAWANG,IG,DD198,Double
makam,KARAWANG,IG,DD208,Double
makam,KARAWANG,IG,DD218,Double
makam,KARAWANG,IG,DD228,Double
makam,KARAWANG,IG,DD238,Double
makam,KARAWANG,IG,DD268,Double
makam,KARAWANG,IG,DD278,Double
makam,KARAWANG,IG,DD288,Double
makam,KARAWANG,IG,DD298,Double
makam,KARAWANG,IG,DD308,Double
makam,KARAWANG,IG,DD318,Double
makam,KARAWANG,IG,DD328,Double
makam,KARAWANG,IG,DD338,Double
makam,KARAWANG,IG,DD368,Double
makam,KARAWANG,IG,DD68,Double
makam,KARAWANG,IG,DD78,Double
makam,KARAWANG,IG,DD88,Double
makam,KARAWANG,IG,DD98,Double
makam,KARAWANG,IG,DDA08,Double
makam,KARAWANG,IG,DDA108,Double
makam,KARAWANG,IG,DDA118,Double
makam,KARAWANG,IG,DDA128,Double
makam,KARAWANG,IG,DDA138,Double
makam,KARAWANG,IG,DDA168,Double
makam,KARAWANG,IG,DDA178,Double
makam,KARAWANG,IG,DDA18,Double
makam,KARAWANG,IG,DDA188,Double
makam,KARAWANG,IG,DDA198,Double
makam,KARAWANG,IG,DDA28,Double
makam,KARAWANG,IG,DDA38,Double
makam,KARAWANG,IG,DDA68,Double
makam,KARAWANG,IG,DDA78,Double
makam,KARAWANG,IG,DDA88,Double
makam,KARAWANG,IG,DDA98,Double
makam,KARAWANG,IG,DDB108,Double
makam,KARAWANG,IG,DDB118,Double
makam,KARAWANG,IG,DDB128,Double
makam,KARAWANG,IG,DDB138,Double
makam,KARAWANG,IG,DDB168,Double
makam,KARAWANG,IG,DDB178,Double
makam,KARAWANG,IG,DDB188,Double
makam,KARAWANG,IG,DDB198,Double
makam,KARAWANG,IG,DDB38,Double
makam,KARAWANG,IG,DDB68,Double
makam,KARAWANG,IG,DDB78,Double
makam,KARAWANG,IG,DDB88,Double
makam,KARAWANG,IG,DDB98,Double
makam,KARAWANG,IG,FA08,Family
makam,KARAWANG,IG,FA108,Family
makam,KARAWANG,IG,FA118,Family
makam,KARAWANG,IG,FA128,Family
makam,KARAWANG,IG,FA138,Family
makam,KARAWANG,IG,FA168,Family
makam,KARAWANG,IG,FA18,Family
makam,KARAWANG,IG,FA188,Family
makam,KARAWANG,IG,FA198,Family
makam,KARAWANG,IG,FA208,Family
makam,KARAWANG,IG,FA218,Family
makam,KARAWANG,IG,FA28,Family
makam,KARAWANG,IG,FA38,Family
makam,KARAWANG,IG,FA68,Family
makam,KARAWANG,IG,FA88,Family
makam,KARAWANG,IG,FA98,Family
makam,KARAWANG,IG,RFA38,Royal Family
makam,KARAWANG,IG,RFA38A,Royal Family
makam,KARAWANG,IG,RFA68,Royal Family
makam,KARAWANG,IG,RFA88,Royal Family
makam,KARAWANG,IG,RFA98,Royal Family
makam,KARAWANG,IG,SFA08,Single
makam,KARAWANG,IG,SFA108,Single
makam,KARAWANG,IG,SFA18,Single
makam,KARAWANG,IG,SFA28,Single
makam,KARAWANG,IG,SFA38,Single
makam,KARAWANG,IG,SFA68,Single
makam,KARAWANG,IG,SFA88,Single
makam,KARAWANG,IG,SFA98,Single
makam,KARAWANG,IG,SFB08,Single
makam,KARAWANG,IG,SFB108,Single
makam,KARAWANG,IG,SFB18,Single
makam,KARAWANG,IG,SFB28,Single
makam,KARAWANG,IG,SFB38,Single
makam,KARAWANG,IG,SFB68,Single
makam,KARAWANG,IG,SFB88,Single
makam,KARAWANG,IG,SFB98,Single
makam,KARAWANG,J,FA108,Family
makam,KARAWANG,J,FA118,Family
makam,KARAWANG,J,FA128,Family
makam,KARAWANG,J,FA138,Family
makam,KARAWANG,J,FA78,Family
makam,KARAWANG,J,FA88,Family
makam,KARAWANG,J,FA98,Family
makam,KARAWANG,J,FB108,Family
makam,KARAWANG,J,FB118,Family
makam,KARAWANG,J,FB128,Family
makam,KARAWANG,J,FB38,Family
makam,KARAWANG,J,FB38A,Family
makam,KARAWANG,J,FB58,Family
makam,KARAWANG,J,FB68,Family
makam,KARAWANG,J,FB78,Family
makam,KARAWANG,J,FB88,Family
makam,KARAWANG,J,FB98,Family
makam,KARAWANG,J,FC08,Family
makam,KARAWANG,J,FC08A,Family
makam,KARAWANG,J,FC108,Family
makam,KARAWANG,J,FC118,Family
makam,KARAWANG,J,FC128,Family
makam,KARAWANG,J,FC138,Family
makam,KARAWANG,J,FC18,Family
makam,KARAWANG,J,FC28,Family
makam,KARAWANG,J,FC38,Family
makam,KARAWANG,J,FC38A,Family
makam,KARAWANG,J,FC58,Family
makam,KARAWANG,J,FC68,Family
makam,KARAWANG,J,FC78,Family
makam,KARAWANG,J,FC88,Family
makam,KARAWANG,J,FC98,Family
makam,KARAWANG,J,FD08,Family
makam,KARAWANG,J,FD08A,Family
makam,KARAWANG,J,FD108,Family
makam,KARAWANG,J,FD118,Family
makam,KARAWANG,J,FD128,Family
makam,KARAWANG,J,FD138,Family
makam,KARAWANG,J,FD18,Family
makam,KARAWANG,J,FD188,Family
makam,KARAWANG,J,FD28,Family
makam,KARAWANG,J,FD38,Family
makam,KARAWANG,J,FD38A,Family
makam,KARAWANG,J,FD58,Family
makam,KARAWANG,J,FD68,Family
makam,KARAWANG,J,FD78,Family
makam,KARAWANG,J,FD88,Family
makam,KARAWANG,J,FD98,Family
makam,KARAWANG,J,FFA118,Family
makam,KARAWANG,J,FFA128,Family
makam,KARAWANG,J,FFA138,Family
makam,KARAWANG,J,FFB128,Family
makam,KARAWANG,J,FFB138,Family
makam,KARAWANG,J,SFA108,Single
makam,KARAWANG,J,SFA28,Single
makam,KARAWANG,J,SFA38,Single
makam,KARAWANG,J,SFA38A,Single
makam,KARAWANG,J,SFA58,Single
makam,KARAWANG,J,SFA68,Single
makam,KARAWANG,J,SFA78,Single
makam,KARAWANG,J,SFA88,Single
makam,KARAWANG,J,SFA98,Single
makam,KARAWANG,J,SFB108,Single
makam,KARAWANG,J,SFB108A,Single
makam,KARAWANG,J,SFB108B,Single
makam,KARAWANG,J,SFB28,Single
makam,KARAWANG,J,SFB38,Single
makam,KARAWANG,J,SFB38A,Single
makam,KARAWANG,J,SFB58,Single
makam,KARAWANG,J,SFB68,Single
makam,KARAWANG,J,SFB78,Single
makam,KARAWANG,J,SFB88,Single
makam,KARAWANG,J,SFB88A,Single
makam,KARAWANG,J,SFB88B,Single
makam,KARAWANG,J,SFB98,Single
makam,KARAWANG,K,DD288,Double
makam,KARAWANG,K,DD298,Double
makam,KARAWANG,K,DDA108,Double
makam,KARAWANG,K,DDA128,Double
makam,KARAWANG,K,DDA138,Double
makam,KARAWANG,K,DDA168,Double
makam,KARAWANG,K,DDA178,Double
makam,KARAWANG,K,DDA188,Double
makam,KARAWANG,K,DDA198,Double
makam,KARAWANG,K,DDA208,Double
makam,KARAWANG,K,DDA218,Double
makam,KARAWANG,K,DDA228,Double
makam,KARAWANG,K,DDA238,Double
makam,KARAWANG,K,DDA268,Double
makam,KARAWANG,K,DDA278,Double
makam,KARAWANG,K,DDA28,Double
makam,KARAWANG,K,DDA288,Double
makam,KARAWANG,K,DDA38,Double
makam,KARAWANG,K,DDA68,Double
makam,KARAWANG,K,DDA78,Double
makam,KARAWANG,K,DDA88,Double
makam,KARAWANG,K,DDA98,Double
makam,KARAWANG,K,DDB108,Double
makam,KARAWANG,K,DDB128,Double
makam,KARAWANG,K,DDB138,Double
makam,KARAWANG,K,DDB168,Double
makam,KARAWANG,K,DDB178,Double
makam,KARAWANG,K,DDB188,Double
makam,KARAWANG,K,DDB198,Double
makam,KARAWANG,K,DDB208,Double
makam,KARAWANG,K,DDB218,Double
makam,KARAWANG,K,DDB228,Double
makam,KARAWANG,K,DDB238,Double
makam,KARAWANG,K,DDB268,Double
makam,KARAWANG,K,DDB278,Double
makam,KARAWANG,K,DDB288,Double
makam,KARAWANG,K,DDB38,Double
makam,KARAWANG,K,DDB68,Double
makam,KARAWANG,K,DDB78,Double
makam,KARAWANG,K,DDB88,Double
makam,KARAWANG,K,DDB98,Double
makam,KARAWANG,K,DDC108,Double
makam,KARAWANG,K,DDC128,Double
makam,KARAWANG,K,DDC138,Double
makam,KARAWANG,K,DDC168,Double
makam,KARAWANG,K,DDC178,Double
makam,KARAWANG,K,DDC188,Double
makam,KARAWANG,K,DDC198,Double
makam,KARAWANG,K,DDC208,Double
makam,KARAWANG,K,DDC218,Double
makam,KARAWANG,K,DDC228,Double
makam,KARAWANG,K,DDC238,Double
makam,KARAWANG,K,DDC268,Double
makam,KARAWANG,K,DDC278,Double
makam,KARAWANG,K,DDC288,Double
makam,KARAWANG,K,DDC38,Double
makam,KARAWANG,K,DDC68,Double
makam,KARAWANG,K,DDC78,Double
makam,KARAWANG,K,DDC88,Double
makam,KARAWANG,K,DDC98,Double
makam,KARAWANG,K,DDD108,Double
makam,KARAWANG,K,DDD128,Double
makam,KARAWANG,K,DDD138,Double
makam,KARAWANG,K,DDD168,Double
makam,KARAWANG,K,DDD178,Double
makam,KARAWANG,K,DDD188,Double
makam,KARAWANG,K,DDD198,Double
makam,KARAWANG,K,DDD208,Double
makam,KARAWANG,K,DDD218,Double
makam,KARAWANG,K,DDD228,Double
makam,KARAWANG,K,DDD238,Double
makam,KARAWANG,K,DDD268,Double
makam,KARAWANG,K,DDD278,Double
makam,KARAWANG,K,DDD288,Double
makam,KARAWANG,K,DDD38,Double
makam,KARAWANG,K,DDD68,Double
makam,KARAWANG,K,DDD78,Double
makam,KARAWANG,K,DDD88,Double
makam,KARAWANG,K,DDD98,Double
makam,KARAWANG,K,DDE108,Double
makam,KARAWANG,K,DDE128,Double
makam,KARAWANG,K,DDE138,Double
makam,KARAWANG,K,DDE168,Double
makam,KARAWANG,K,DDE178,Double
makam,KARAWANG,K,DDE188,Double
makam,KARAWANG,K,DDE198,Double
makam,KARAWANG,K,DDE208,Double
makam,KARAWANG,K,DDE218,Double
makam,KARAWANG,K,DDE228,Double
makam,KARAWANG,K,DDE238,Double
makam,KARAWANG,K,DDE268,Double
makam,KARAWANG,K,DDE278,Double
makam,KARAWANG,K,DDE68,Double
makam,KARAWANG,K,DDE78,Double
makam,KARAWANG,K,DDE88,Double
makam,KARAWANG,K,DDE98,Double
makam,KARAWANG,K,DE168,Double
makam,KARAWANG,K,DE298,Double
makam,KARAWANG,K,DE308,Double
makam,KARAWANG,K,DF108,Double
makam,KARAWANG,K,DF118,Double
makam,KARAWANG,K,DF128,Double
makam,KARAWANG,K,DF138,Double
makam,KARAWANG,K,DF168,Double
makam,KARAWANG,K,DF188,Double
makam,KARAWANG,K,DF198,Double
makam,KARAWANG,K,DF208,Double
makam,KARAWANG,K,DF218,Double
makam,KARAWANG,K,DF228,Double
makam,KARAWANG,K,DF238,Double
makam,KARAWANG,K,DF268,Double
makam,KARAWANG,K,DF288,Double
makam,KARAWANG,K,DF298,Double
makam,KARAWANG,K,DF308,Double
makam,KARAWANG,K,DF318,Double
makam,KARAWANG,K,DF328,Double
makam,KARAWANG,K,DF338,Double
makam,KARAWANG,K,DF368,Double
makam,KARAWANG,K,DF388,Double
makam,KARAWANG,K,DF398,Double
makam,KARAWANG,K,DF58,Double
makam,KARAWANG,K,DF608,Double
makam,KARAWANG,K,DF618,Double
makam,KARAWANG,K,DF628,Double
makam,KARAWANG,K,DF638,Double
makam,KARAWANG,K,DF668,Double
makam,KARAWANG,K,DF68,Double
makam,KARAWANG,K,DF688,Double
makam,KARAWANG,K,DF698,Double
makam,KARAWANG,K,DF88,Double
makam,KARAWANG,K,DF98,Double
makam,KARAWANG,K,DG08,Double
makam,KARAWANG,K,DG108,Double
makam,KARAWANG,K,DG118,Double
makam,KARAWANG,K,DG128,Double
makam,KARAWANG,K,DG138,Double
makam,KARAWANG,K,DG168,Double
makam,KARAWANG,K,DG18,Double
makam,KARAWANG,K,DG188,Double
makam,KARAWANG,K,DG198,Double
makam,KARAWANG,K,DG208,Double
makam,KARAWANG,K,DG218,Double
makam,KARAWANG,K,DG228,Double
makam,KARAWANG,K,DG238,Double
makam,KARAWANG,K,DG268,Double
makam,KARAWANG,K,DG28,Double
makam,KARAWANG,K,DG288,Double
makam,KARAWANG,K,DG298,Double
makam,KARAWANG,K,DG308,Double
makam,KARAWANG,K,DG318,Double
makam,KARAWANG,K,DG328,Double
makam,KARAWANG,K,DG338,Double
makam,KARAWANG,K,DG368,Double
makam,KARAWANG,K,DG38,Double
makam,KARAWANG,K,DG388,Double
makam,KARAWANG,K,DG398,Double
makam,KARAWANG,K,DG608,Double
makam,KARAWANG,K,DG618,Double
makam,KARAWANG,K,DG628,Double
makam,KARAWANG,K,DG638,Double
makam,KARAWANG,K,DG668,Double
makam,KARAWANG,K,DG68,Double
makam,KARAWANG,K,DG688,Double
makam,KARAWANG,K,DG698,Double
makam,KARAWANG,K,DG708,Double
makam,KARAWANG,K,DG88,Double
makam,KARAWANG,K,DG98,Double
makam,KARAWANG,K,DH08,Double
makam,KARAWANG,K,DH108,Double
makam,KARAWANG,K,DH118,Double
makam,KARAWANG,K,DH128,Double
makam,KARAWANG,K,DH138,Double
makam,KARAWANG,K,DH168,Double
makam,KARAWANG,K,DH18,Double
makam,KARAWANG,K,DH188,Double
makam,KARAWANG,K,DH198,Double
makam,KARAWANG,K,DH208,Double
makam,KARAWANG,K,DH218,Double
makam,KARAWANG,K,DH228,Double
makam,KARAWANG,K,DH238,Double
makam,KARAWANG,K,DH268,Double
makam,KARAWANG,K,DH28,Double
makam,KARAWANG,K,DH288,Double
makam,KARAWANG,K,DH298,Double
makam,KARAWANG,K,DH308,Double
makam,KARAWANG,K,DH318,Double
makam,KARAWANG,K,DH328,Double
makam,KARAWANG,K,DH338,Double
makam,KARAWANG,K,DH368,Double
makam,KARAWANG,K,DH38,Double
makam,KARAWANG,K,DH388,Double
makam,KARAWANG,K,DH398,Double
makam,KARAWANG,K,DH608,Double
makam,KARAWANG,K,DH618,Double
makam,KARAWANG,K,DH628,Double
makam,KARAWANG,K,DH638,Double
makam,KARAWANG,K,DH668,Double
makam,KARAWANG,K,DH68,Double
makam,KARAWANG,K,DH688,Double
makam,KARAWANG,K,DH698,Double
makam,KARAWANG,K,DH708,Double
makam,KARAWANG,K,DH718,Double
makam,KARAWANG,K,DH88,Double
makam,KARAWANG,K,DH98,Double
makam,KARAWANG,K,DJ08,Double
makam,KARAWANG,K,DJ108,Double
makam,KARAWANG,K,DJ118,Double
makam,KARAWANG,K,DJ128,Double
makam,KARAWANG,K,DJ138,Double
makam,KARAWANG,K,DJ168,Double
makam,KARAWANG,K,DJ18,Double
makam,KARAWANG,K,DJ188,Double
makam,KARAWANG,K,DJ198,Double
makam,KARAWANG,K,DJ208,Double
makam,KARAWANG,K,DJ218,Double
makam,KARAWANG,K,DJ228,Double
makam,KARAWANG,K,DJ238,Double
makam,KARAWANG,K,DJ268,Double
makam,KARAWANG,K,DJ28,Double
makam,KARAWANG,K,DJ288,Double
makam,KARAWANG,K,DJ298,Double
makam,KARAWANG,K,DJ308,Double
makam,KARAWANG,K,DJ318,Double
makam,KARAWANG,K,DJ328,Double
makam,KARAWANG,K,DJ338,Double
makam,KARAWANG,K,DJ368,Double
makam,KARAWANG,K,DJ38,Double
makam,KARAWANG,K,DJ388,Double
makam,KARAWANG,K,DJ398,Double
makam,KARAWANG,K,DJ608,Double
makam,KARAWANG,K,DJ618,Double
makam,KARAWANG,K,DJ628,Double
makam,KARAWANG,K,DJ638,Double
makam,KARAWANG,K,DJ668,Double
makam,KARAWANG,K,DJ68,Double
makam,KARAWANG,K,DJ688,Double
makam,KARAWANG,K,DJ698,Double
makam,KARAWANG,K,DJ708,Double
makam,KARAWANG,K,DJ718,Double
makam,KARAWANG,K,DJ728,Double
makam,KARAWANG,K,DJ738,Double
makam,KARAWANG,K,DJ88,Double
makam,KARAWANG,K,DJ98,Double
makam,KARAWANG,K,DK08,Double
makam,KARAWANG,K,DK108,Double
makam,KARAWANG,K,DK118,Double
makam,KARAWANG,K,DK128,Double
makam,KARAWANG,K,DK138,Double
makam,KARAWANG,K,DK168,Double
makam,KARAWANG,K,DK18,Double
makam,KARAWANG,K,DK188,Double
makam,KARAWANG,K,DK198,Double
makam,KARAWANG,K,DK208,Double
makam,KARAWANG,K,DK218,Double
makam,KARAWANG,K,DK228,Double
makam,KARAWANG,K,DK238,Double
makam,KARAWANG,K,DK268,Double
makam,KARAWANG,K,DK28,Double
makam,KARAWANG,K,DK288,Double
makam,KARAWANG,K,DK298,Double
makam,KARAWANG,K,DK308,Double
makam,KARAWANG,K,DK318,Double
makam,KARAWANG,K,DK328,Double
makam,KARAWANG,K,DK338,Double
makam,KARAWANG,K,DK368,Double
makam,KARAWANG,K,DK38,Double
makam,KARAWANG,K,DK388,Double
makam,KARAWANG,K,DK398,Double
makam,KARAWANG,K,DK608,Double
makam,KARAWANG,K,DK618,Double
makam,KARAWANG,K,DK628,Double
makam,KARAWANG,K,DK638,Double
makam,KARAWANG,K,DK668,Double
makam,KARAWANG,K,DK68,Double
makam,KARAWANG,K,DK688,Double
makam,KARAWANG,K,DK698,Double
makam,KARAWANG,K,DK708,Double
makam,KARAWANG,K,DK718,Double
makam,KARAWANG,K,DK728,Double
makam,KARAWANG,K,DK738,Double
makam,KARAWANG,K,DK768,Double
makam,KARAWANG,K,DK88,Double
makam,KARAWANG,K,DK98,Double
makam,KARAWANG,K,FA108,Family
makam,KARAWANG,K,FA128,Family
makam,KARAWANG,K,FA138,Family
makam,KARAWANG,K,FA168,Family
makam,KARAWANG,K,FA178,Family
makam,KARAWANG,K,FA188,Family
makam,KARAWANG,K,FA198,Family
makam,KARAWANG,K,FA208,Family
makam,KARAWANG,K,FA218,Family
makam,KARAWANG,K,FA228,Family
makam,KARAWANG,K,FA238,Family
makam,KARAWANG,K,FA248,Family
makam,KARAWANG,K,FA68,Family
makam,KARAWANG,K,FA78,Family
makam,KARAWANG,K,FA88,Family
makam,KARAWANG,K,FA98,Family
makam,KARAWANG,K,FB108,Family
makam,KARAWANG,K,FB128,Family
makam,KARAWANG,K,FB138,Family
makam,KARAWANG,K,FB168,Family
makam,KARAWANG,K,FB178,Family
makam,KARAWANG,K,FB188,Family
makam,KARAWANG,K,FB198,Family
makam,KARAWANG,K,FB208,Family
makam,KARAWANG,K,FB218,Family
makam,KARAWANG,K,FB228,Family
makam,KARAWANG,K,FB238,Family
makam,KARAWANG,K,FB78,Family
makam,KARAWANG,K,FB88,Family
makam,KARAWANG,K,FB98,Family
makam,KARAWANG,K,FC108,Family
makam,KARAWANG,K,FC128,Family
makam,KARAWANG,K,FC138,Family
makam,KARAWANG,K,FC168,Family
makam,KARAWANG,K,FC178,Family
makam,KARAWANG,K,FC188,Family
makam,KARAWANG,K,FC198,Family
makam,KARAWANG,K,FC208,Family
makam,KARAWANG,K,FC218,Family
makam,KARAWANG,K,FC228,Family
makam,KARAWANG,K,FC78,Family
makam,KARAWANG,K,FC88,Family
makam,KARAWANG,K,FC98,Family
makam,KARAWANG,K,SB108,Single
makam,KARAWANG,K,SB118,Single
makam,KARAWANG,K,SB128,Single
makam,KARAWANG,K,SB138,Single
makam,KARAWANG,K,SB168,Single
makam,KARAWANG,K,SB178,Single
makam,KARAWANG,K,SB188,Single
makam,KARAWANG,K,SB198,Single
makam,KARAWANG,K,SB208,Single
makam,KARAWANG,K,SB228,Single
makam,KARAWANG,K,SB238,Single
makam,KARAWANG,K,SB248,Single
makam,KARAWANG,K,SB258,Single
makam,KARAWANG,K,SB268,Single
makam,KARAWANG,K,SB278,Single
makam,KARAWANG,K,SB288,Single
makam,KARAWANG,K,SB298,Single
makam,KARAWANG,K,SB308,Single
makam,KARAWANG,K,SB318,Single
makam,KARAWANG,K,SB328,Single
makam,KARAWANG,K,SB338,Single
makam,KARAWANG,K,SB348,Single
makam,KARAWANG,K,SB358,Single
makam,KARAWANG,K,SB368,Single
makam,KARAWANG,K,SB378,Single
makam,KARAWANG,K,SB388,Single
makam,KARAWANG,K,SB398,Single
makam,KARAWANG,K,SB408,Single
makam,KARAWANG,K,SB418,Single
makam,KARAWANG,K,SB428,Single
makam,KARAWANG,K,SB438,Single
makam,KARAWANG,K,SB448,Single
makam,KARAWANG,K,SB458,Single
makam,KARAWANG,K,SB468,Single
makam,KARAWANG,K,SB478,Single
makam,KARAWANG,K,SB98,Single
makam,KARAWANG,K,SC108,Single
makam,KARAWANG,K,SC118,Single
makam,KARAWANG,K,SC128,Single
makam,KARAWANG,K,SC138,Single
makam,KARAWANG,K,SC148,Single
makam,KARAWANG,K,SC158,Single
makam,KARAWANG,K,SC168,Single
makam,KARAWANG,K,SC178,Single
makam,KARAWANG,K,SC188,Single
makam,KARAWANG,K,SC198,Single
makam,KARAWANG,K,SC208,Single
makam,KARAWANG,K,SC218,Single
makam,KARAWANG,K,SC228,Single
makam,KARAWANG,K,SC238,Single
makam,KARAWANG,K,SC248,Single
makam,KARAWANG,K,SC258,Single
makam,KARAWANG,K,SC268,Single
makam,KARAWANG,K,SC278,Single
makam,KARAWANG,K,SC288,Single
makam,KARAWANG,K,SC298,Single
makam,KARAWANG,K,SC308,Single
makam,KARAWANG,K,SC318,Single
makam,KARAWANG,K,SC328,Single
makam,KARAWANG,K,SC338,Single
makam,KARAWANG,K,SC348,Single
makam,KARAWANG,K,SC358,Single
makam,KARAWANG,K,SC368,Single
makam,KARAWANG,K,SC378,Single
makam,KARAWANG,K,SC388,Single
makam,KARAWANG,K,SC398,Single
makam,KARAWANG,K,SC408,Single
makam,KARAWANG,K,SC418,Single
makam,KARAWANG,K,SC428,Single
makam,KARAWANG,K,SC438,Single
makam,KARAWANG,K,SC448,Single
makam,KARAWANG,K,SC458,Single
makam,KARAWANG,K,SC468,Single
makam,KARAWANG,K,SC478,Single
makam,KARAWANG,K,SC488,Single
makam,KARAWANG,K,SC498,Single
makam,KARAWANG,K,SC58,Single
makam,KARAWANG,K,SC68,Single
makam,KARAWANG,K,SC78,Single
makam,KARAWANG,K,SC88,Single
makam,KARAWANG,K,SC98,Single
makam,KARAWANG,K,SD108,Single
makam,KARAWANG,K,SD118,Single
makam,KARAWANG,K,SD128,Single
makam,KARAWANG,K,SD138,Single
makam,KARAWANG,K,SD148,Single
makam,KARAWANG,K,SD158,Single
makam,KARAWANG,K,SD168,Single
makam,KARAWANG,K,SD178,Single
makam,KARAWANG,K,SD188,Single
makam,KARAWANG,K,SD198,Single
makam,KARAWANG,K,SD208,Single
makam,KARAWANG,K,SD218,Single
makam,KARAWANG,K,SD228,Single
makam,KARAWANG,K,SD238,Single
makam,KARAWANG,K,SD248,Single
makam,KARAWANG,K,SD258,Single
makam,KARAWANG,K,SD28,Single
makam,KARAWANG,K,SD308,Single
makam,KARAWANG,K,SD318,Single
makam,KARAWANG,K,SD328,Single
makam,KARAWANG,K,SD338,Single
makam,KARAWANG,K,SD348,Single
makam,KARAWANG,K,SD358,Single
makam,KARAWANG,K,SD368,Single
makam,KARAWANG,K,SD378,Single
makam,KARAWANG,K,SD38,Single
makam,KARAWANG,K,SD388,Single
makam,KARAWANG,K,SD398,Single
makam,KARAWANG,K,SD408,Single
makam,KARAWANG,K,SD418,Single
makam,KARAWANG,K,SD428,Single
makam,KARAWANG,K,SD438,Single
makam,KARAWANG,K,SD448,Single
makam,KARAWANG,K,SD458,Single
makam,KARAWANG,K,SD468,Single
makam,KARAWANG,K,SD478,Single
makam,KARAWANG,K,SD48,Single
makam,KARAWANG,K,SD488,Single
makam,KARAWANG,K,SD498,Single
makam,KARAWANG,K,SD508,Single
makam,KARAWANG,K,SD518,Single
makam,KARAWANG,K,SD528,Single
makam,KARAWANG,K,SD58,Single
makam,KARAWANG,K,SD68,Single
makam,KARAWANG,K,SD78,Single
makam,KARAWANG,K,SD88,Single
makam,KARAWANG,K,SD98,Single
makam,KARAWANG,K,SE08,Single
makam,KARAWANG,K,SE08A,Single
makam,KARAWANG,K,SE128,Single
makam,KARAWANG,K,SE138,Single
makam,KARAWANG,K,SE148,Single
makam,KARAWANG,K,SE158,Single
makam,KARAWANG,K,SE168,Single
makam,KARAWANG,K,SE178,Single
makam,KARAWANG,K,SE18,Single
makam,KARAWANG,K,SE188,Single
makam,KARAWANG,K,SE198,Single
makam,KARAWANG,K,SE208,Single
makam,KARAWANG,K,SE218,Single
makam,KARAWANG,K,SE228,Single
makam,KARAWANG,K,SE238,Single
makam,KARAWANG,K,SE248,Single
makam,KARAWANG,K,SE258,Single
makam,KARAWANG,K,SE268,Single
makam,KARAWANG,K,SE278,Single
makam,KARAWANG,K,SE28,Single
makam,KARAWANG,K,SE328,Single
makam,KARAWANG,K,SE338,Single
makam,KARAWANG,K,SE348,Single
makam,KARAWANG,K,SE358,Single
makam,KARAWANG,K,SE368,Single
makam,KARAWANG,K,SE378,Single
makam,KARAWANG,K,SE38,Single
makam,KARAWANG,K,SE388,Single
makam,KARAWANG,K,SE398,Single
makam,KARAWANG,K,SE408,Single
makam,KARAWANG,K,SE418,Single
makam,KARAWANG,K,SE428,Single
makam,KARAWANG,K,SE438,Single
makam,KARAWANG,K,SE448,Single
makam,KARAWANG,K,SE458,Single
makam,KARAWANG,K,SE468,Single
makam,KARAWANG,K,SE478,Single
makam,KARAWANG,K,SE48,Single
makam,KARAWANG,K,SE488,Single
makam,KARAWANG,K,SE498,Single
makam,KARAWANG,K,SE508,Single
makam,KARAWANG,K,SE518,Single
makam,KARAWANG,K,SE528,Single
makam,KARAWANG,K,SE538,Single
makam,KARAWANG,K,SE548,Single
makam,KARAWANG,K,SE558,Single
makam,KARAWANG,K,SE58,Single
makam,KARAWANG,K,SE68,Single
makam,KARAWANG,K,SE78,Single
makam,KARAWANG,K,SE88,Single
makam,KARAWANG,K,SE98,Single
makam,KARAWANG,M,DA08,Double
makam,KARAWANG,M,DA108,Double
makam,KARAWANG,M,DA118,Double
makam,KARAWANG,M,DA128,Double
makam,KARAWANG,M,DA138,Double
makam,KARAWANG,M,DA168,Double
makam,KARAWANG,M,DA18,Double
makam,KARAWANG,M,DA28,Double
makam,KARAWANG,M,DA38,Double
makam,KARAWANG,M,DA68,Double
makam,KARAWANG,M,DA88,Double
makam,KARAWANG,M,DA98,Double
makam,KARAWANG,M,DB08,Double
makam,KARAWANG,M,DB108,Double
makam,KARAWANG,M,DB118,Double
makam,KARAWANG,M,DB128,Double
makam,KARAWANG,M,DB138,Double
makam,KARAWANG,M,DB168,Double
makam,KARAWANG,M,DB18,Double
makam,KARAWANG,M,DB28,Double
makam,KARAWANG,M,DB38,Double
makam,KARAWANG,M,DB68,Double
makam,KARAWANG,M,DB88,Double
makam,KARAWANG,M,DB98,Double
makam,KARAWANG,M,DSA08,Double
makam,KARAWANG,M,DSA108,Double
makam,KARAWANG,M,DSA118,Double
makam,KARAWANG,M,DSA18,Double
makam,KARAWANG,M,DSA28,Double
makam,KARAWANG,M,DSA38,Double
makam,KARAWANG,M,DSA68,Double
makam,KARAWANG,M,DSA88,Double
makam,KARAWANG,M,DSA98,Double
makam,KARAWANG,M,FA08,Family
makam,KARAWANG,M,FA18,Family
makam,KARAWANG,M,FA28,Family
makam,KARAWANG,M,FA38,Family
makam,KARAWANG,M,FA68,Family
makam,KARAWANG,M,FA88,Family
makam,KARAWANG,M,SA268,Single
makam,KARAWANG,M,SA288,Single
makam,KARAWANG,M,SA298,Single
makam,KARAWANG,M,SA308,Single
makam,KARAWANG,M,SA318,Single
makam,KARAWANG,M,SA328,Single
makam,KARAWANG,MG,DA38,Double
makam,KARAWANG,MG,DA68,Double
makam,KARAWANG,MG,DA78,Double
makam,KARAWANG,MG,DB28,Double
makam,KARAWANG,MG,DB38,Double
makam,KARAWANG,MG,DB68,Double
makam,KARAWANG,MG,DB78,Double
makam,KARAWANG,MG,DB88,Double
makam,KARAWANG,MG,DB98,Double
makam,KARAWANG,MG,DC18,Double
makam,KARAWANG,MG,DC28,Double
makam,KARAWANG,MG,DC38,Double
makam,KARAWANG,MG,DC68,Double
makam,KARAWANG,MG,DC78,Double
makam,KARAWANG,MG,DC88,Double
makam,KARAWANG,MG,DC98,Double
makam,KARAWANG,MG,DD08,Double
makam,KARAWANG,MG,DD18,Double
makam,KARAWANG,MG,DD28,Double
makam,KARAWANG,MG,DD38,Double
makam,KARAWANG,MG,DD68,Double
makam,KARAWANG,MG,DD78,Double
makam,KARAWANG,MG,DD88,Double
makam,KARAWANG,MG,DD98,Double
makam,KARAWANG,MG,DE08,Double
makam,KARAWANG,MG,DE18,Double
makam,KARAWANG,MG,DE28,Double
makam,KARAWANG,MG,DF08,Double
makam,KARAWANG,MG,DF18,Double
makam,KARAWANG,MG,DF28,Double
makam,KARAWANG,MG,DF38,Double
makam,KARAWANG,MG,SFE18,Single
makam,KARAWANG,N,FA08,Family
makam,KARAWANG,N,FA18,Family
makam,KARAWANG,N,FA28,Family
makam,KARAWANG,N,FA38,Family
makam,KARAWANG,N,FA68,Family
makam,KARAWANG,N,FA88,Family
makam,KARAWANG,PG,DA108,Double
makam,KARAWANG,PG,DA118,Double
makam,KARAWANG,PG,DA128,Double
makam,KARAWANG,PG,DA138,Double
makam,KARAWANG,PG,DA158,Double
makam,KARAWANG,PG,DA58,Double
makam,KARAWANG,PG,DA68,Double
makam,KARAWANG,PG,DA78,Double
makam,KARAWANG,PG,DA88,Double
makam,KARAWANG,PG,DA98,Double
makam,KARAWANG,PG,DB108,Double
makam,KARAWANG,PG,DB118,Double
makam,KARAWANG,PG,DB128,Double
makam,KARAWANG,PG,DB138,Double
makam,KARAWANG,PG,DB158,Double
makam,KARAWANG,PG,DB58,Double
makam,KARAWANG,PG,DB68,Double
makam,KARAWANG,PG,DB78,Double
makam,KARAWANG,PG,DB88,Double
makam,KARAWANG,PG,DB98,Double
makam,KARAWANG,PG,DC108,Double
makam,KARAWANG,PG,DC118,Double
makam,KARAWANG,PG,DC128,Double
makam,KARAWANG,PG,DC138,Double
makam,KARAWANG,PG,DC158,Double
makam,KARAWANG,PG,DC58,Double
makam,KARAWANG,PG,DC68,Double
makam,KARAWANG,PG,DC78,Double
makam,KARAWANG,PG,DC88,Double
makam,KARAWANG,PG,DC98,Double
makam,KARAWANG,PG,DD108,Double
makam,KARAWANG,PG,DD118,Double
makam,KARAWANG,PG,DD128,Double
makam,KARAWANG,PG,DD138,Double
makam,KARAWANG,PG,DD158,Double
makam,KARAWANG,PG,DD38,Double
makam,KARAWANG,PG,DD58,Double
makam,KARAWANG,PG,DD68,Double
makam,KARAWANG,PG,DD78,Double
makam,KARAWANG,PG,DD88,Double
makam,KARAWANG,PG,DD98,Double
makam,KARAWANG,PG,DDA168,Double
makam,KARAWANG,PG,DDA178,Double
makam,KARAWANG,PG,DDA188,Double
makam,KARAWANG,PG,DDA198,Double
makam,KARAWANG,PG,DDA208,Double
makam,KARAWANG,PG,DDA218,Double
makam,KARAWANG,PG,DDA228,Double
makam,KARAWANG,PG,DDA238,Double
makam,KARAWANG,PG,DDB168,Double
makam,KARAWANG,PG,DDB178,Double
makam,KARAWANG,PG,DDB188,Double
makam,KARAWANG,PG,DDB198,Double
makam,KARAWANG,PG,DDB208,Double
makam,KARAWANG,PG,DDB218,Double
makam,KARAWANG,PG,DDB228,Double
makam,KARAWANG,PG,DDB238,Double
makam,KARAWANG,PG,DDC168,Double
makam,KARAWANG,PG,DDC178,Double
makam,KARAWANG,PG,DDC188,Double
makam,KARAWANG,PG,DDC198,Double
makam,KARAWANG,PG,DDC208,Double
makam,KARAWANG,PG,DDC218,Double
makam,KARAWANG,PG,DDC228,Double
makam,KARAWANG,PG,DDC238,Double
makam,KARAWANG,PG,DDD168,Double
makam,KARAWANG,PG,DDD178,Double
makam,KARAWANG,PG,DDD188,Double
makam,KARAWANG,PG,DDD198,Double
makam,KARAWANG,PG,DDD208,Double
makam,KARAWANG,PG,DDD218,Double
makam,KARAWANG,PG,DDD228,Double
makam,KARAWANG,PG,DDD238,Double
makam,KARAWANG,PG,DDE168,Double
makam,KARAWANG,PG,DDE178,Double
makam,KARAWANG,PG,DDE188,Double
makam,KARAWANG,PG,DDE198,Double
makam,KARAWANG,PG,DDE208,Double
makam,KARAWANG,PG,DDE218,Double
makam,KARAWANG,PG,DDE228,Double
makam,KARAWANG,PG,DDE238,Double
makam,KARAWANG,PG,DDF168,Double
makam,KARAWANG,PG,DDF178,Double
makam,KARAWANG,PG,DDF188,Double
makam,KARAWANG,PG,DDF198,Double
makam,KARAWANG,PG,DDF208,Double
makam,KARAWANG,PG,DDF218,Double
makam,KARAWANG,PG,DDF228,Double
makam,KARAWANG,PG,DDF228A,Double
makam,KARAWANG,PG,DDG168,Double
makam,KARAWANG,PG,DDG178,Double
makam,KARAWANG,PG,DDG188,Double
makam,KARAWANG,PG,DDG198,Double
makam,KARAWANG,PG,DDG208,Double
makam,KARAWANG,PG,DDG218,Double
makam,KARAWANG,PG,DDG218A,Double
makam,KARAWANG,PG,DDH168,Double
makam,KARAWANG,PG,DDH178,Double
makam,KARAWANG,PG,DDH188,Double
makam,KARAWANG,PG,DDH198,Double
makam,KARAWANG,PG,DDH208,Double
makam,KARAWANG,PG,DDJ168,Double
makam,KARAWANG,PG,DDJ178,Double
makam,KARAWANG,PG,DDJ188,Double
makam,KARAWANG,PG,DDJ198,Double
makam,KARAWANG,PG,DDK168,Double
makam,KARAWANG,PG,DDK178,Double
makam,KARAWANG,PG,DDK188,Double
makam,KARAWANG,PG,DE108,Double
makam,KARAWANG,PG,DE118,Double
makam,KARAWANG,PG,DE128,Double
makam,KARAWANG,PG,DE138,Double
makam,KARAWANG,PG,DE158,Double
makam,KARAWANG,PG,DE28,Double
makam,KARAWANG,PG,DE38,Double
makam,KARAWANG,PG,DE58,Double
makam,KARAWANG,PG,DE68,Double
makam,KARAWANG,PG,DE78,Double
makam,KARAWANG,PG,DE88,Double
makam,KARAWANG,PG,DE98,Double
makam,KARAWANG,PG,DF108,Double
makam,KARAWANG,PG,DF118,Double
makam,KARAWANG,PG,DF128,Double
makam,KARAWANG,PG,DF138,Double
makam,KARAWANG,PG,DF158,Double
makam,KARAWANG,PG,DF28,Double
makam,KARAWANG,PG,DF38,Double
makam,KARAWANG,PG,DF58,Double
makam,KARAWANG,PG,DF68,Double
makam,KARAWANG,PG,DF78,Double
makam,KARAWANG,PG,DF88,Double
makam,KARAWANG,PG,DF98,Double
makam,KARAWANG,PG,DG108,Double
makam,KARAWANG,PG,DG118,Double
makam,KARAWANG,PG,DG128,Double
makam,KARAWANG,PG,DG138,Double
makam,KARAWANG,PG,DG158,Double
makam,KARAWANG,PG,DG28,Double
makam,KARAWANG,PG,DG38,Double
makam,KARAWANG,PG,DG58,Double
makam,KARAWANG,PG,DG68,Double
makam,KARAWANG,PG,DG78,Double
makam,KARAWANG,PG,DG88,Double
makam,KARAWANG,PG,DG98,Double
makam,KARAWANG,PG,DH108,Double
makam,KARAWANG,PG,DH118,Double
makam,KARAWANG,PG,DH128,Double
makam,KARAWANG,PG,DH138,Double
makam,KARAWANG,PG,DH158,Double
makam,KARAWANG,PG,DH28,Double
makam,KARAWANG,PG,DH38,Double
makam,KARAWANG,PG,DH58,Double
makam,KARAWANG,PG,DH68,Double
makam,KARAWANG,PG,DH78,Double
makam,KARAWANG,PG,DH88,Double
makam,KARAWANG,PG,DH98,Double
makam,KARAWANG,PG,DJ108,Double
makam,KARAWANG,PG,DJ118,Double
makam,KARAWANG,PG,DJ128,Double
makam,KARAWANG,PG,DJ138,Double
makam,KARAWANG,PG,DJ158,Double
makam,KARAWANG,PG,DJ28,Double
makam,KARAWANG,PG,DJ38,Double
makam,KARAWANG,PG,DJ58,Double
makam,KARAWANG,PG,DJ68,Double
makam,KARAWANG,PG,DJ78,Double
makam,KARAWANG,PG,DJ88,Double
makam,KARAWANG,PG,DJ98,Double
makam,KARAWANG,PG,DK108,Double
makam,KARAWANG,PG,DK118,Double
makam,KARAWANG,PG,DK128,Double
makam,KARAWANG,PG,DK138,Double
makam,KARAWANG,PG,DK158,Double
makam,KARAWANG,PG,DK28,Double
makam,KARAWANG,PG,DK38,Double
makam,KARAWANG,PG,DK58,Double
makam,KARAWANG,PG,DK68,Double
makam,KARAWANG,PG,DK78,Double
makam,KARAWANG,PG,DK88,Double
makam,KARAWANG,PG,DK98,Double
makam,KARAWANG,PG,DL108,Double
makam,KARAWANG,PG,DL118,Double
makam,KARAWANG,PG,DL128,Double
makam,KARAWANG,PG,DL138,Double
makam,KARAWANG,PG,DL158,Double
makam,KARAWANG,PG,DL28,Double
makam,KARAWANG,PG,DL38,Double
makam,KARAWANG,PG,DL58,Double
makam,KARAWANG,PG,DL68,Double
makam,KARAWANG,PG,DL78,Double
makam,KARAWANG,PG,DL88,Double
makam,KARAWANG,PG,DL98,Double
makam,KARAWANG,PG,DM108,Double
makam,KARAWANG,PG,DM118,Double
makam,KARAWANG,PG,DM128,Double
makam,KARAWANG,PG,DM138,Double
makam,KARAWANG,PG,DM158,Double
makam,KARAWANG,PG,DM28,Double
makam,KARAWANG,PG,DM38,Double
makam,KARAWANG,PG,DM58,Double
makam,KARAWANG,PG,DM68,Double
makam,KARAWANG,PG,DM78,Double
makam,KARAWANG,PG,DM88,Double
makam,KARAWANG,PG,DM98,Double
makam,KARAWANG,PG,DN108,Double
makam,KARAWANG,PG,DN118,Double
makam,KARAWANG,PG,DN128,Double
makam,KARAWANG,PG,DN138,Double
makam,KARAWANG,PG,DN158,Double
makam,KARAWANG,PG,DN28,Double
makam,KARAWANG,PG,DN38,Double
makam,KARAWANG,PG,DN58,Double
makam,KARAWANG,PG,DN68,Double
makam,KARAWANG,PG,DN78,Double
makam,KARAWANG,PG,DN88,Double
makam,KARAWANG,PG,DN98,Double
makam,KARAWANG,Q,DA08,Double
makam,KARAWANG,Q,DA18,Double
makam,KARAWANG,Q,DB08,Double
makam,KARAWANG,Q,DB18,Double
makam,KARAWANG,Q,DC08,Double
makam,KARAWANG,Q,DC18,Double
makam,KARAWANG,Q,FA08,Family
makam,KARAWANG,Q,FA18,Family
makam,KARAWANG,R,DA08,Double
makam,KARAWANG,R,DA108,Double
makam,KARAWANG,R,DA118,Double
makam,KARAWANG,R,DA128,Double
makam,KARAWANG,R,DA18,Double
makam,KARAWANG,R,DA28,Double
makam,KARAWANG,R,DA38,Double
makam,KARAWANG,R,DA68,Double
makam,KARAWANG,R,DA78,Double
makam,KARAWANG,R,DA88,Double
makam,KARAWANG,R,DA98,Double
makam,KARAWANG,R,DB08,Double
makam,KARAWANG,R,DB108,Double
makam,KARAWANG,R,DB118,Double
makam,KARAWANG,R,DB128,Double
makam,KARAWANG,R,DB18,Double
makam,KARAWANG,R,DB28,Double
makam,KARAWANG,R,DB38,Double
makam,KARAWANG,R,DB68,Double
makam,KARAWANG,R,DB78,Double
makam,KARAWANG,R,DB88,Double
makam,KARAWANG,R,DB98,Double
makam,KARAWANG,R,DC108,Double
makam,KARAWANG,R,DC118,Double
makam,KARAWANG,R,DC128,Double
makam,KARAWANG,R,DC18,Double
makam,KARAWANG,R,DC28,Double
makam,KARAWANG,R,DC38,Double
makam,KARAWANG,R,DC68,Double
makam,KARAWANG,R,DC78,Double
makam,KARAWANG,R,DC88,Double
makam,KARAWANG,R,DC98,Double
makam,KARAWANG,R,DD108,Double
makam,KARAWANG,R,DD118,Double
makam,KARAWANG,R,DD128,Double
makam,KARAWANG,R,DD38,Double
makam,KARAWANG,R,DD68,Double
makam,KARAWANG,R,DD78,Double
makam,KARAWANG,R,DD88,Double
makam,KARAWANG,R,DD98,Double
makam,KARAWANG,S,DA08,Double
makam,KARAWANG,S,DA108,Double
makam,KARAWANG,S,DA118,Double
makam,KARAWANG,S,DA128,Double
makam,KARAWANG,S,DA138,Double
makam,KARAWANG,S,DA168,Double
makam,KARAWANG,S,DA178,Double
makam,KARAWANG,S,DA18,Double
makam,KARAWANG,S,DA188,Double
makam,KARAWANG,S,DA198,Double
makam,KARAWANG,S,DA208,Double
makam,KARAWANG,S,DA218,Double
makam,KARAWANG,S,DA28,Double
makam,KARAWANG,S,DA38,Double
makam,KARAWANG,S,DA68,Double
makam,KARAWANG,S,DA78,Double
makam,KARAWANG,S,DA88,Double
makam,KARAWANG,S,DA98,Double
makam,KARAWANG,S,FA08,Family
makam,KARAWANG,S,SFA18,Single
makam,KARAWANG,S,SFA18A,Single
makam,KARAWANG,S,SFB18,Single
makam,KARAWANG,S,SFC18,Single
makam,KARAWANG,S,SFC28,Single
makam,KARAWANG,S,SFC38,Single
makam,KARAWANG,S,SFC38A,Single
makam,KARAWANG,S,SFD18,Single
makam,KARAWANG,S,SFD18A,Single
makam,KARAWANG,S,SFD28,Single
makam,KARAWANG,S,SFD38,Single
makam,KARAWANG,S,SFE08,Single
makam,KARAWANG,S,SFE18,Single
makam,KARAWANG,S,SFE28,Single
makam,KARAWANG,S,SFE38A,Single
makam,KARAWANG,S,SFE38B,Single
makam,KARAWANG,S,SFE48,Single
makam,KARAWANG,T,DF08,Double
makam,KARAWANG,T,DF108,Double
makam,KARAWANG,T,DF118,Double
makam,KARAWANG,T,DF128,Double
makam,KARAWANG,T,DF138,Double
makam,KARAWANG,T,DF168,Double
makam,KARAWANG,T,DF178,Double
makam,KARAWANG,T,DF18,Double
makam,KARAWANG,T,DF188,Double
makam,KARAWANG,T,DF198,Double
makam,KARAWANG,T,DF208,Double
makam,KARAWANG,T,DF28,Double
makam,KARAWANG,T,DF38,Double
makam,KARAWANG,T,DF68,Double
makam,KARAWANG,T,DF78,Double
makam,KARAWANG,T,DF88,Double
makam,KARAWANG,T,DF98,Double
makam,KARAWANG,T,FE108,Family
makam,KARAWANG,T,FE118,Family
makam,KARAWANG,T,FE128,Family
makam,KARAWANG,T,FE18,Family
makam,KARAWANG,T,FE28,Family
makam,KARAWANG,T,FE38,Family
makam,KARAWANG,T,FE48,Family
makam,KARAWANG,T,FE58,Family
makam,KARAWANG,T,FE68,Family
makam,KARAWANG,T,FE78,Family
makam,KARAWANG,T,FE88,Family
makam,KARAWANG,T,FE98,Family
makam,KARAWANG,T,FF08,Family
makam,KARAWANG,T,FF108,Family
makam,KARAWANG,T,FF118,Family
makam,KARAWANG,T,FF128,Family
makam,KARAWANG,T,FF138,Family
makam,KARAWANG,T,FF18,Family
makam,KARAWANG,T,FF28,Family
makam,KARAWANG,T,FF38,Family
makam,KARAWANG,T,FF48,Family
makam,KARAWANG,T,FF58,Family
makam,KARAWANG,T,FF68,Family
makam,KARAWANG,T,FF78,Family
makam,KARAWANG,T,FF88,Family
makam,KARAWANG,T,FF98,Family
makam,KARAWANG,T,SFA18,Single
makam,KARAWANG,T,SFA18A,Single
makam,KARAWANG,T,SFA28,Single
makam,KARAWANG,T,SFB08A,Single
makam,KARAWANG,T,SFB08B,Single
makam,KARAWANG,T,SFB18,Single
makam,KARAWANG,T,SFB28A,Single
makam,KARAWANG,T,SFB28B,Single
makam,KARAWANG,T,SFD18,Single
makam,KARAWANG,T,SFD18A,Single
makam,KARAWANG,T,SFD28,Single
makam,KARAWANG,T,SFD38,Single
makam,KARAWANG,T,SFD38A,Single
makam,KARAWANG,T,SFD38B,Single
makam,KARAWANG,UG,DBE08,Double
makam,KARAWANG,UG,DBE108,Double
makam,KARAWANG,UG,DBE118,Double
makam,KARAWANG,UG,DBE128,Double
makam,KARAWANG,UG,DBE138,Double
makam,KARAWANG,UG,DBE168,Double
makam,KARAWANG,UG,DBE178,Double
makam,KARAWANG,UG,DBE18,Double
makam,KARAWANG,UG,DBE188,Double
makam,KARAWANG,UG,DBE28,Double
makam,KARAWANG,UG,DBE38,Double
makam,KARAWANG,UG,DBE68,Double
makam,KARAWANG,UG,DBE78,Double
makam,KARAWANG,UG,DBE88,Double
makam,KARAWANG,UG,DBE98,Double
makam,KARAWANG,UG,DBF108,Double
makam,KARAWANG,UG,DBF118,Double
makam,KARAWANG,UG,DBF128,Double
makam,KARAWANG,UG,DBF138,Double
makam,KARAWANG,UG,DBF168,Double
makam,KARAWANG,UG,DBF178,Double
makam,KARAWANG,UG,DBF188,Double
makam,KARAWANG,UG,DBF198,Double
makam,KARAWANG,UG,DBF208,Double
makam,KARAWANG,UG,DBF218,Double
makam,KARAWANG,UG,DBF228,Double
makam,KARAWANG,UG,DBF238,Double
makam,KARAWANG,UG,DBF268,Double
makam,KARAWANG,UG,DBF278,Double
makam,KARAWANG,UG,DBF28,Double
makam,KARAWANG,UG,DBF38,Double
makam,KARAWANG,UG,DBF68,Double
makam,KARAWANG,UG,DBF78,Double
makam,KARAWANG,UG,DBF88,Double
makam,KARAWANG,UG,DBF98,Double
makam,KARAWANG,UG,DBG108,Double
makam,KARAWANG,UG,DBG118,Double
makam,KARAWANG,UG,DBG128,Double
makam,KARAWANG,UG,DBG138,Double
makam,KARAWANG,UG,DBG168,Double
makam,KARAWANG,UG,DBG178,Double
makam,KARAWANG,UG,DBG188,Double
makam,KARAWANG,UG,DBG198,Double
makam,KARAWANG,UG,DBG208,Double
makam,KARAWANG,UG,DBG218,Double
makam,KARAWANG,UG,DBG228,Double
makam,KARAWANG,UG,DBG238,Double
makam,KARAWANG,UG,DBG268,Double
makam,KARAWANG,UG,DBG278,Double
makam,KARAWANG,UG,DBG28,Double
makam,KARAWANG,UG,DBG38,Double
makam,KARAWANG,UG,DBG68,Double
makam,KARAWANG,UG,DBG78,Double
makam,KARAWANG,UG,DBG88,Double
makam,KARAWANG,UG,DBG98,Double
makam,KARAWANG,UG,DBH108,Double
makam,KARAWANG,UG,DBH118,Double
makam,KARAWANG,UG,DBH128,Double
makam,KARAWANG,UG,DBH138,Double
makam,KARAWANG,UG,DBH168,Double
makam,KARAWANG,UG,DBH178,Double
makam,KARAWANG,UG,DBH188,Double
makam,KARAWANG,UG,DBH198,Double
makam,KARAWANG,UG,DBH208,Double
makam,KARAWANG,UG,DBH218,Double
makam,KARAWANG,UG,DBH228,Double
makam,KARAWANG,UG,DBH238,Double
makam,KARAWANG,UG,DBH268,Double
makam,KARAWANG,UG,DBH278,Double
makam,KARAWANG,UG,DBH28,Double
makam,KARAWANG,UG,DBH38,Double
makam,KARAWANG,UG,DBH68,Double
makam,KARAWANG,UG,DBH78,Double
makam,KARAWANG,UG,DBH88,Double
makam,KARAWANG,UG,DBH98,Double
makam,KARAWANG,UG,DBI108,Double
makam,KARAWANG,UG,DBI118,Double
makam,KARAWANG,UG,DBI128,Double
makam,KARAWANG,UG,DBI138,Double
makam,KARAWANG,UG,DBI168,Double
makam,KARAWANG,UG,DBI178,Double
makam,KARAWANG,UG,DBI188,Double
makam,KARAWANG,UG,DBI198,Double
makam,KARAWANG,UG,DBI208,Double
makam,KARAWANG,UG,DBI218,Double
makam,KARAWANG,UG,DBI228,Double
makam,KARAWANG,UG,DBI238,Double
makam,KARAWANG,UG,DBI268,Double
makam,KARAWANG,UG,DBI278,Double
makam,KARAWANG,UG,DBI28,Double
makam,KARAWANG,UG,DBI38,Double
makam,KARAWANG,UG,DBI68,Double
makam,KARAWANG,UG,DBI78,Double
makam,KARAWANG,UG,DBI88,Double
makam,KARAWANG,UG,DBI98,Double
makam,KARAWANG,UG,DBJ108,Double
makam,KARAWANG,UG,DBJ118,Double
makam,KARAWANG,UG,DBJ128,Double
makam,KARAWANG,UG,DBJ138,Double
makam,KARAWANG,UG,DBJ168,Double
makam,KARAWANG,UG,DBJ178,Double
makam,KARAWANG,UG,DBJ188,Double
makam,KARAWANG,UG,DBJ198,Double
makam,KARAWANG,UG,DBJ208,Double
makam,KARAWANG,UG,DBJ218,Double
makam,KARAWANG,UG,DBJ228,Double
makam,KARAWANG,UG,DBJ238,Double
makam,KARAWANG,UG,DBJ268,Double
makam,KARAWANG,UG,DBJ278,Double
makam,KARAWANG,UG,DBJ28,Double
makam,KARAWANG,UG,DBJ38,Double
makam,KARAWANG,UG,DBJ68,Double
makam,KARAWANG,UG,DBJ78,Double
makam,KARAWANG,UG,DBJ88,Double
makam,KARAWANG,UG,DBJ98,Double
makam,KARAWANG,UG,DBK108,Double
makam,KARAWANG,UG,DBK118,Double
makam,KARAWANG,UG,DBK128,Double
makam,KARAWANG,UG,DBK138,Double
makam,KARAWANG,UG,DBK168,Double
makam,KARAWANG,UG,DBK178,Double
makam,KARAWANG,UG,DBK188,Double
makam,KARAWANG,UG,DBK198,Double
makam,KARAWANG,UG,DBK208,Double
makam,KARAWANG,UG,DBK218,Double
makam,KARAWANG,UG,DBK228,Double
makam,KARAWANG,UG,DBK238,Double
makam,KARAWANG,UG,DBK268,Double
makam,KARAWANG,UG,DBK278,Double
makam,KARAWANG,UG,DBK68,Double
makam,KARAWANG,UG,DBK78,Double
makam,KARAWANG,UG,DBK88,Double
makam,KARAWANG,UG,DBK98,Double
makam,KARAWANG,UG,DBL108,Double
makam,KARAWANG,UG,DBL118,Double
makam,KARAWANG,UG,DBL128,Double
makam,KARAWANG,UG,DBL138,Double
makam,KARAWANG,UG,DBL168,Double
makam,KARAWANG,UG,DBL178,Double
makam,KARAWANG,UG,DBL188,Double
makam,KARAWANG,UG,DBL198,Double
makam,KARAWANG,UG,DBL208,Double
makam,KARAWANG,UG,DBL218,Double
makam,KARAWANG,UG,DBL228,Double
makam,KARAWANG,UG,DBL238,Double
makam,KARAWANG,UG,DBL268,Double
makam,KARAWANG,UG,DBL278,Double
makam,KARAWANG,UG,DBL68,Double
makam,KARAWANG,UG,DBL78,Double
makam,KARAWANG,UG,DBL88,Double
makam,KARAWANG,UG,DBL98,Double
makam,KARAWANG,UG,DBM108,Double
makam,KARAWANG,UG,DBM118,Double
makam,KARAWANG,UG,DBM128,Double
makam,KARAWANG,UG,DBM138,Double
makam,KARAWANG,UG,DBM168,Double
makam,KARAWANG,UG,DBM178,Double
makam,KARAWANG,UG,DBM188,Double
makam,KARAWANG,UG,DBM198,Double
makam,KARAWANG,UG,DBM208,Double
makam,KARAWANG,UG,DBM218,Double
makam,KARAWANG,UG,DBM228,Double
makam,KARAWANG,UG,DBM238,Double
makam,KARAWANG,UG,DBM268,Double
makam,KARAWANG,UG,DBM278,Double
makam,KARAWANG,UG,DBM68,Double
makam,KARAWANG,UG,DBM78,Double
makam,KARAWANG,UG,DBM88,Double
makam,KARAWANG,UG,DBM98,Double
makam,KARAWANG,UG,DCA08,Double
makam,KARAWANG,UG,DCA08A,Double
makam,KARAWANG,UG,DCA18,Double
makam,KARAWANG,UG,DCA28,Double
makam,KARAWANG,UG,DCA38,Double
makam,KARAWANG,UG,DCA68,Double
makam,KARAWANG,UG,DCA78,Double
makam,KARAWANG,UG,DCA88,Double
makam,KARAWANG,UG,DCA98,Double
makam,KARAWANG,UG,DCAA108,Double
makam,KARAWANG,UG,DCAA38,Double
makam,KARAWANG,UG,DCAA68,Double
makam,KARAWANG,UG,DCAA78,Double
makam,KARAWANG,UG,DCAA88,Double
makam,KARAWANG,UG,DCAA98,Double
makam,KARAWANG,UG,DCAB68,Double
makam,KARAWANG,UG,DCAB78,Double
makam,KARAWANG,UG,DCAB88,Double
makam,KARAWANG,UG,DCAB98,Double
makam,KARAWANG,UG,DCB108,Double
makam,KARAWANG,UG,DCB118,Double
makam,KARAWANG,UG,DCB128,Double
makam,KARAWANG,UG,DCB138,Double
makam,KARAWANG,UG,DCB168,Double
makam,KARAWANG,UG,DCB178,Double
makam,KARAWANG,UG,DCB188,Double
makam,KARAWANG,UG,DCB198,Double
makam,KARAWANG,UG,DCB208,Double
makam,KARAWANG,UG,DCB28,Double
makam,KARAWANG,UG,DCB38,Double
makam,KARAWANG,UG,DCB68,Double
makam,KARAWANG,UG,DCB78,Double
makam,KARAWANG,UG,DCB88,Double
makam,KARAWANG,UG,DCB98,Double
makam,KARAWANG,UG,DCC108,Double
makam,KARAWANG,UG,DCC118,Double
makam,KARAWANG,UG,DCC128,Double
makam,KARAWANG,UG,DCC138,Double
makam,KARAWANG,UG,DCC168,Double
makam,KARAWANG,UG,DCC178,Double
makam,KARAWANG,UG,DCC188,Double
makam,KARAWANG,UG,DCC198,Double
makam,KARAWANG,UG,DCC208,Double
makam,KARAWANG,UG,DCC28,Double
makam,KARAWANG,UG,DCC38,Double
makam,KARAWANG,UG,DCC68,Double
makam,KARAWANG,UG,DCC78,Double
makam,KARAWANG,UG,DCC88,Double
makam,KARAWANG,UG,DCC98,Double
makam,KARAWANG,UG,DCD108,Double
makam,KARAWANG,UG,DCD118,Double
makam,KARAWANG,UG,DCD128,Double
makam,KARAWANG,UG,DCD138,Double
makam,KARAWANG,UG,DCD168,Double
makam,KARAWANG,UG,DCD178,Double
makam,KARAWANG,UG,DCD188,Double
makam,KARAWANG,UG,DCD198,Double
makam,KARAWANG,UG,DCD208,Double
makam,KARAWANG,UG,DCD28,Double
makam,KARAWANG,UG,DCD38,Double
makam,KARAWANG,UG,DCD68,Double
makam,KARAWANG,UG,DCD78,Double
makam,KARAWANG,UG,DCD88,Double
makam,KARAWANG,UG,DCD98,Double
makam,KARAWANG,UG,DCE108,Double
makam,KARAWANG,UG,DCE118,Double
makam,KARAWANG,UG,DCE128,Double
makam,KARAWANG,UG,DCE138,Double
makam,KARAWANG,UG,DCE168,Double
makam,KARAWANG,UG,DCE178,Double
makam,KARAWANG,UG,DCE188,Double
makam,KARAWANG,UG,DCE198,Double
makam,KARAWANG,UG,DCE208,Double
makam,KARAWANG,UG,DCE28,Double
makam,KARAWANG,UG,DCE38,Double
makam,KARAWANG,UG,DCE68,Double
makam,KARAWANG,UG,DCE78,Double
makam,KARAWANG,UG,DCE88,Double
makam,KARAWANG,UG,DCE98,Double
makam,KARAWANG,UG,DCF108,Double
makam,KARAWANG,UG,DCF118,Double
makam,KARAWANG,UG,DCF128,Double
makam,KARAWANG,UG,DCF138,Double
makam,KARAWANG,UG,DCF168,Double
makam,KARAWANG,UG,DCF178,Double
makam,KARAWANG,UG,DCF188,Double
makam,KARAWANG,UG,DCF198,Double
makam,KARAWANG,UG,DCF208,Double
makam,KARAWANG,UG,DCF28,Double
makam,KARAWANG,UG,DCF38,Double
makam,KARAWANG,UG,DCF68,Double
makam,KARAWANG,UG,DCF78,Double
makam,KARAWANG,UG,DCF88,Double
makam,KARAWANG,UG,DCF98,Double
makam,KARAWANG,UG,DCG108,Double
makam,KARAWANG,UG,DCG118,Double
makam,KARAWANG,UG,DCG128,Double
makam,KARAWANG,UG,DCG138,Double
makam,KARAWANG,UG,DCG168,Double
makam,KARAWANG,UG,DCG178,Double
makam,KARAWANG,UG,DCG188,Double
makam,KARAWANG,UG,DCG198,Double
makam,KARAWANG,UG,DCG208,Double
makam,KARAWANG,UG,DCG28,Double
makam,KARAWANG,UG,DCG38,Double
makam,KARAWANG,UG,DCG68,Double
makam,KARAWANG,UG,DCG78,Double
makam,KARAWANG,UG,DCG88,Double
makam,KARAWANG,UG,DCG98,Double
makam,KARAWANG,UG,DCH108,Double
makam,KARAWANG,UG,DCH118,Double
makam,KARAWANG,UG,DCH128,Double
makam,KARAWANG,UG,DCH138,Double
makam,KARAWANG,UG,DCH168,Double
makam,KARAWANG,UG,DCH178,Double
makam,KARAWANG,UG,DCH188,Double
makam,KARAWANG,UG,DCH198,Double
makam,KARAWANG,UG,DCH208,Double
makam,KARAWANG,UG,DCH28,Double
makam,KARAWANG,UG,DCH38,Double
makam,KARAWANG,UG,DCH68,Double
makam,KARAWANG,UG,DCH78,Double
makam,KARAWANG,UG,DCH88,Double
makam,KARAWANG,UG,DCH98,Double
makam,KARAWANG,UG,DCI108,Double
makam,KARAWANG,UG,DCI118,Double
makam,KARAWANG,UG,DCI128,Double
makam,KARAWANG,UG,DCI138,Double
makam,KARAWANG,UG,DCI168,Double
makam,KARAWANG,UG,DCI178,Double
makam,KARAWANG,UG,DCI188,Double
makam,KARAWANG,UG,DCI198,Double
makam,KARAWANG,UG,DCI28,Double
makam,KARAWANG,UG,DCI38,Double
makam,KARAWANG,UG,DCI68,Double
makam,KARAWANG,UG,DCI78,Double
makam,KARAWANG,UG,DCI88,Double
makam,KARAWANG,UG,DCI98,Double
makam,KARAWANG,UG,DCJ108,Double
makam,KARAWANG,UG,DCJ118,Double
makam,KARAWANG,UG,DCJ128,Double
makam,KARAWANG,UG,DCJ138,Double
makam,KARAWANG,UG,DCJ168,Double
makam,KARAWANG,UG,DCJ178,Double
makam,KARAWANG,UG,DCJ188,Double
makam,KARAWANG,UG,DCJ198,Double
makam,KARAWANG,UG,DCJ28,Double
makam,KARAWANG,UG,DCJ38,Double
makam,KARAWANG,UG,DCJ68,Double
makam,KARAWANG,UG,DCJ78,Double
makam,KARAWANG,UG,DCJ88,Double
makam,KARAWANG,UG,DCJ98,Double
makam,KARAWANG,UG,DCK108,Double
makam,KARAWANG,UG,DCK118,Double
makam,KARAWANG,UG,DCK128,Double
makam,KARAWANG,UG,DCK138,Double
makam,KARAWANG,UG,DCK168,Double
makam,KARAWANG,UG,DCK178,Double
makam,KARAWANG,UG,DCK188,Double
makam,KARAWANG,UG,DCK198,Double
makam,KARAWANG,UG,DCK28,Double
makam,KARAWANG,UG,DCK38,Double
makam,KARAWANG,UG,DCK68,Double
makam,KARAWANG,UG,DCK78,Double
makam,KARAWANG,UG,DCK88,Double
makam,KARAWANG,UG,DCK98,Double
makam,KARAWANG,UG,DCL108,Double
makam,KARAWANG,UG,DCL118,Double
makam,KARAWANG,UG,DCL128,Double
makam,KARAWANG,UG,DCL138,Double
makam,KARAWANG,UG,DCL168,Double
makam,KARAWANG,UG,DCL178,Double
makam,KARAWANG,UG,DCL188,Double
makam,KARAWANG,UG,DCL198,Double
makam,KARAWANG,UG,DCL28,Double
makam,KARAWANG,UG,DCL38,Double
makam,KARAWANG,UG,DCL68,Double
makam,KARAWANG,UG,DCL78,Double
makam,KARAWANG,UG,DCL88,Double
makam,KARAWANG,UG,DCL98,Double
makam,KARAWANG,UG,DCM108,Double
makam,KARAWANG,UG,DCM118,Double
makam,KARAWANG,UG,DCM128,Double
makam,KARAWANG,UG,DCM138,Double
makam,KARAWANG,UG,DCM168,Double
makam,KARAWANG,UG,DCM178,Double
makam,KARAWANG,UG,DCM188,Double
makam,KARAWANG,UG,DCM198,Double
makam,KARAWANG,UG,DCM28,Double
makam,KARAWANG,UG,DCM38,Double
makam,KARAWANG,UG,DCM68,Double
makam,KARAWANG,UG,DCM78,Double
makam,KARAWANG,UG,DCM88,Double
makam,KARAWANG,UG,DCM98,Double
makam,KARAWANG,UG,FA08,Family
makam,KARAWANG,UG,FA18,Family
makam,KARAWANG,UG,FA28,Family
makam,KARAWANG,UG,FA38,Family
makam,KARAWANG,UG,FA68,Family
makam,KARAWANG,UG,FA78,Family
makam,KARAWANG,UG,FA88,Family
makam,KARAWANG,UG,SBA108,Single
makam,KARAWANG,UG,SBA118,Single
makam,KARAWANG,UG,SBA128,Single
makam,KARAWANG,UG,SBA138,Single
makam,KARAWANG,UG,SBA168,Single
makam,KARAWANG,UG,SBA178,Single
makam,KARAWANG,UG,SBA188,Single
makam,KARAWANG,UG,SBA198,Single
makam,KARAWANG,UG,SBA208,Single
makam,KARAWANG,UG,SBA218,Single
makam,KARAWANG,UG,SBA228,Single
makam,KARAWANG,UG,SBA238,Single
makam,KARAWANG,UG,SBA268,Single
makam,KARAWANG,UG,SBA278,Single
makam,KARAWANG,UG,SBA288,Single
makam,KARAWANG,UG,SBA298,Single
makam,KARAWANG,UG,SBA308,Single
makam,KARAWANG,UG,SBA318,Single
makam,KARAWANG,UG,SBA328,Single
makam,KARAWANG,UG,SBA338,Single
makam,KARAWANG,UG,SBA368,Single
makam,KARAWANG,UG,SBA378,Single
makam,KARAWANG,UG,SBA388,Single
makam,KARAWANG,UG,SBA398,Single
makam,KARAWANG,UG,SBA408,Single
makam,KARAWANG,UG,SBA418,Single
makam,KARAWANG,UG,SBA428,Single
makam,KARAWANG,UG,SBA438,Single
makam,KARAWANG,UG,SBA468,Single
makam,KARAWANG,UG,SBA478,Single
makam,KARAWANG,UG,SBA488,Single
makam,KARAWANG,UG,SBA498,Single
makam,KARAWANG,UG,SBA508,Single
makam,KARAWANG,UG,SBA518,Single
makam,KARAWANG,UG,SBA68,Single
makam,KARAWANG,UG,SBA78,Single
makam,KARAWANG,UG,SBA88,Single
makam,KARAWANG,UG,SBA98,Single
makam,KARAWANG,UG,SBB108,Single
makam,KARAWANG,UG,SBB118,Single
makam,KARAWANG,UG,SBB128,Single
makam,KARAWANG,UG,SBB138,Single
makam,KARAWANG,UG,SBB168,Single
makam,KARAWANG,UG,SBB178,Single
makam,KARAWANG,UG,SBB188,Single
makam,KARAWANG,UG,SBB198,Single
makam,KARAWANG,UG,SBB208,Single
makam,KARAWANG,UG,SBB218,Single
makam,KARAWANG,UG,SBB228,Single
makam,KARAWANG,UG,SBB238,Single
makam,KARAWANG,UG,SBB268,Single
makam,KARAWANG,UG,SBB278,Single
makam,KARAWANG,UG,SBB288,Single
makam,KARAWANG,UG,SBB298,Single
makam,KARAWANG,UG,SBB308,Single
makam,KARAWANG,UG,SBB318,Single
makam,KARAWANG,UG,SBB328,Single
makam,KARAWANG,UG,SBB338,Single
makam,KARAWANG,UG,SBB368,Single
makam,KARAWANG,UG,SBB378,Single
makam,KARAWANG,UG,SBB388,Single
makam,KARAWANG,UG,SBB398,Single
makam,KARAWANG,UG,SBB408,Single
makam,KARAWANG,UG,SBB418,Single
makam,KARAWANG,UG,SBB428,Single
makam,KARAWANG,UG,SBB438,Single
makam,KARAWANG,UG,SBB468,Single
makam,KARAWANG,UG,SBB478,Single
makam,KARAWANG,UG,SBB488,Single
makam,KARAWANG,UG,SBB498,Single
makam,KARAWANG,UG,SBB508,Single
makam,KARAWANG,UG,SBB518,Single
makam,KARAWANG,UG,SBB68,Single
makam,KARAWANG,UG,SBB78,Single
makam,KARAWANG,UG,SBB88,Single
makam,KARAWANG,UG,SBB98,Single
makam,KARAWANG,UG,SBC108,Single
makam,KARAWANG,UG,SBC118,Single
makam,KARAWANG,UG,SBC128,Single
makam,KARAWANG,UG,SBC138,Single
makam,KARAWANG,UG,SBC168,Single
makam,KARAWANG,UG,SBC178,Single
makam,KARAWANG,UG,SBC188,Single
makam,KARAWANG,UG,SBC198,Single
makam,KARAWANG,UG,SBC208,Single
makam,KARAWANG,UG,SBC218,Single
makam,KARAWANG,UG,SBC228,Single
makam,KARAWANG,UG,SBC238,Single
makam,KARAWANG,UG,SBC268,Single
makam,KARAWANG,UG,SBC278,Single
makam,KARAWANG,UG,SBC288,Single
makam,KARAWANG,UG,SBC298,Single
makam,KARAWANG,UG,SBC308,Single
makam,KARAWANG,UG,SBC318,Single
makam,KARAWANG,UG,SBC328,Single
makam,KARAWANG,UG,SBC338,Single
makam,KARAWANG,UG,SBC368,Single
makam,KARAWANG,UG,SBC378,Single
makam,KARAWANG,UG,SBC388,Single
makam,KARAWANG,UG,SBC398,Single
makam,KARAWANG,UG,SBC408,Single
makam,KARAWANG,UG,SBC418,Single
makam,KARAWANG,UG,SBC428,Single
makam,KARAWANG,UG,SBC438,Single
makam,KARAWANG,UG,SBC468,Single
makam,KARAWANG,UG,SBC478,Single
makam,KARAWANG,UG,SBC488,Single
makam,KARAWANG,UG,SBC498,Single
makam,KARAWANG,UG,SBC508,Single
makam,KARAWANG,UG,SBC518,Single
makam,KARAWANG,UG,SBC68,Single
makam,KARAWANG,UG,SBC78,Single
makam,KARAWANG,UG,SBC88,Single
makam,KARAWANG,UG,SBC98,Single
makam,KARAWANG,UG,SBD108,Single
makam,KARAWANG,UG,SBD118,Single
makam,KARAWANG,UG,SBD128,Single
makam,KARAWANG,UG,SBD138,Single
makam,KARAWANG,UG,SBD168,Single
makam,KARAWANG,UG,SBD178,Single
makam,KARAWANG,UG,SBD188,Single
makam,KARAWANG,UG,SBD198,Single
makam,KARAWANG,UG,SBD208,Single
makam,KARAWANG,UG,SBD218,Single
makam,KARAWANG,UG,SBD228,Single
makam,KARAWANG,UG,SBD238,Single
makam,KARAWANG,UG,SBD288,Single
makam,KARAWANG,UG,SBD298,Single
makam,KARAWANG,UG,SBD308,Single
makam,KARAWANG,UG,SBD318,Single
makam,KARAWANG,UG,SBD328,Single
makam,KARAWANG,UG,SBD338,Single
makam,KARAWANG,UG,SBD388,Single
makam,KARAWANG,UG,SBD398,Single
makam,KARAWANG,UG,SBD418,Single
makam,KARAWANG,UG,SBD438,Single
makam,KARAWANG,UG,SBD468,Single
makam,KARAWANG,UG,SBD478,Single
makam,KARAWANG,UG,SBD488,Single
makam,KARAWANG,UG,SBD498,Single
makam,KARAWANG,UG,SBD508,Single
makam,KARAWANG,UG,SBD518,Single
makam,KARAWANG,UG,SBD78,Single
makam,KARAWANG,UG,SBD88,Single
makam,KARAWANG,UG,SBD98,Single
makam,KARAWANG,UG,SBE108,Single
makam,KARAWANG,UG,SBE118,Single
makam,KARAWANG,UG,SBE138,Single
makam,KARAWANG,UG,SBE168,Single
makam,KARAWANG,UG,SBE178,Single
makam,KARAWANG,UG,SBE188,Single
makam,KARAWANG,UG,SBE198,Single
makam,KARAWANG,UG,SBE208,Single
makam,KARAWANG,UG,SBE218,Single
makam,KARAWANG,UG,SBE228,Single
makam,KARAWANG,UG,SBE238,Single
makam,KARAWANG,UG,SBE268,Single
makam,KARAWANG,UG,SBE278,Single
makam,KARAWANG,UG,SBE288,Single
makam,KARAWANG,UG,SBE298,Single
makam,KARAWANG,UG,SBE308,Single
makam,KARAWANG,UG,SBE318,Single
makam,KARAWANG,UG,SBE328,Single
makam,KARAWANG,UG,SBE378,Single
makam,KARAWANG,UG,SBE388,Single
makam,KARAWANG,UG,SBE398,Single
makam,KARAWANG,UG,SBE408,Single
makam,KARAWANG,UG,SBE418,Single
makam,KARAWANG,UG,SBE428,Single
makam,KARAWANG,UG,SBE438,Single
makam,KARAWANG,UG,SBE468,Single
makam,KARAWANG,UG,SBE478,Single
makam,KARAWANG,UG,SBE488,Single
makam,KARAWANG,UG,SBE498,Single
makam,KARAWANG,UG,SBE508,Single
makam,KARAWANG,UG,SBE518,Single
makam,KARAWANG,UG,SBE78,Single
makam,KARAWANG,UG,SBE88,Single
makam,KARAWANG,UG,SBE98,Single
makam,KARAWANG,UG,SBF108,Single
makam,KARAWANG,UG,SBF118,Single
makam,KARAWANG,UG,SBF128,Single
makam,KARAWANG,UG,SBF138,Single
makam,KARAWANG,UG,SBF168,Single
makam,KARAWANG,UG,SBF178,Single
makam,KARAWANG,UG,SBF188,Single
makam,KARAWANG,UG,SBF198,Single
makam,KARAWANG,UG,SBF208,Single
makam,KARAWANG,UG,SBF218,Single
makam,KARAWANG,UG,SBF228,Single
makam,KARAWANG,UG,SBF238,Single
makam,KARAWANG,UG,SBF268,Single
makam,KARAWANG,UG,SBF278,Single
makam,KARAWANG,UG,SBF288,Single
makam,KARAWANG,UG,SBF298,Single
makam,KARAWANG,UG,SBF308,Single
makam,KARAWANG,UG,SBF318,Single
makam,KARAWANG,UG,SBF328,Single
makam,KARAWANG,UG,SBF338,Single
makam,KARAWANG,UG,SBF368,Single
makam,KARAWANG,UG,SBF378,Single
makam,KARAWANG,UG,SBF388,Single
makam,KARAWANG,UG,SBF398,Single
makam,KARAWANG,UG,SBF408,Single
makam,KARAWANG,UG,SBF418,Single
makam,KARAWANG,UG,SBF428,Single
makam,KARAWANG,UG,SBF438,Single
makam,KARAWANG,UG,SBF468,Single
makam,KARAWANG,UG,SBF478,Single
makam,KARAWANG,UG,SBF488,Single
makam,KARAWANG,UG,SBF498,Single
makam,KARAWANG,UG,SBF508,Single
makam,KARAWANG,UG,SBF518,Single
makam,KARAWANG,UG,SBF78,Single
makam,KARAWANG,UG,SBF88,Single
makam,KARAWANG,UG,SBF98,Single
makam,KARAWANG,UG,SBG108,Single
makam,KARAWANG,UG,SBG118,Single
makam,KARAWANG,UG,SBG128,Single
makam,KARAWANG,UG,SBG138,Single
makam,KARAWANG,UG,SBG168,Single
makam,KARAWANG,UG,SBG178,Single
makam,KARAWANG,UG,SBG188,Single
makam,KARAWANG,UG,SBG198,Single
makam,KARAWANG,UG,SBG208,Single
makam,KARAWANG,UG,SBG218,Single
makam,KARAWANG,UG,SBG228,Single
makam,KARAWANG,UG,SBG238,Single
makam,KARAWANG,UG,SBG268,Single
makam,KARAWANG,UG,SBG278,Single
makam,KARAWANG,UG,SBG288,Single
makam,KARAWANG,UG,SBG298,Single
makam,KARAWANG,UG,SBG308,Single
makam,KARAWANG,UG,SBG318,Single
makam,KARAWANG,UG,SBG328,Single
makam,KARAWANG,UG,SBG338,Single
makam,KARAWANG,UG,SBG368,Single
makam,KARAWANG,UG,SBG378,Single
makam,KARAWANG,UG,SBG388,Single
makam,KARAWANG,UG,SBG398,Single
makam,KARAWANG,UG,SBG408,Single
makam,KARAWANG,UG,SBG418,Single
makam,KARAWANG,UG,SBG428,Single
makam,KARAWANG,UG,SBG438,Single
makam,KARAWANG,UG,SBG468,Single
makam,KARAWANG,UG,SBG478,Single
makam,KARAWANG,UG,SBG488,Single
makam,KARAWANG,UG,SBG498,Single
makam,KARAWANG,UG,SBG508,Single
makam,KARAWANG,UG,SBG518,Single
makam,KARAWANG,UG,SBG78,Single
makam,KARAWANG,UG,SBG88,Single
makam,KARAWANG,UG,SBG98,Single
makam,KARAWANG,UG,SCA108,Single
makam,KARAWANG,UG,SCA118,Single
makam,KARAWANG,UG,SCA128,Single
makam,KARAWANG,UG,SCA138,Single
makam,KARAWANG,UG,SCA168,Single
makam,KARAWANG,UG,SCA178,Single
makam,KARAWANG,UG,SCA188,Single
makam,KARAWANG,UG,SCA198,Single
makam,KARAWANG,UG,SCA208,Single
makam,KARAWANG,UG,SCA218,Single
makam,KARAWANG,UG,SCA228,Single
makam,KARAWANG,UG,SCA238,Single
makam,KARAWANG,UG,SCA268,Single
makam,KARAWANG,UG,SCA278,Single
makam,KARAWANG,UG,SCA28,Single
makam,KARAWANG,UG,SCA288,Single
makam,KARAWANG,UG,SCA298,Single
makam,KARAWANG,UG,SCA308,Single
makam,KARAWANG,UG,SCA328,Single
makam,KARAWANG,UG,SCA338,Single
makam,KARAWANG,UG,SCA368,Single
makam,KARAWANG,UG,SCA378,Single
makam,KARAWANG,UG,SCA38,Single
makam,KARAWANG,UG,SCA388,Single
makam,KARAWANG,UG,SCA398,Single
makam,KARAWANG,UG,SCA68,Single
makam,KARAWANG,UG,SCA78,Single
makam,KARAWANG,UG,SCA88,Single
makam,KARAWANG,UG,SCA98,Single
makam,KARAWANG,UG,SCB108,Single
makam,KARAWANG,UG,SCB118,Single
makam,KARAWANG,UG,SCB128,Single
makam,KARAWANG,UG,SCB138,Single
makam,KARAWANG,UG,SCB168,Single
makam,KARAWANG,UG,SCB178,Single
makam,KARAWANG,UG,SCB188,Single
makam,KARAWANG,UG,SCB198,Single
makam,KARAWANG,UG,SCB208,Single
makam,KARAWANG,UG,SCB218,Single
makam,KARAWANG,UG,SCB228,Single
makam,KARAWANG,UG,SCB238,Single
makam,KARAWANG,UG,SCB268,Single
makam,KARAWANG,UG,SCB28,Single
makam,KARAWANG,UG,SCB288,Single
makam,KARAWANG,UG,SCB298,Single
makam,KARAWANG,UG,SCB308,Single
makam,KARAWANG,UG,SCB318,Single
makam,KARAWANG,UG,SCB328,Single
makam,KARAWANG,UG,SCB338,Single
makam,KARAWANG,UG,SCB368,Single
makam,KARAWANG,UG,SCB378,Single
makam,KARAWANG,UG,SCB38,Single
makam,KARAWANG,UG,SCB388,Single
makam,KARAWANG,UG,SCB398,Single
makam,KARAWANG,UG,SCB68,Single
makam,KARAWANG,UG,SCB78,Single
makam,KARAWANG,UG,SCB88,Single
makam,KARAWANG,UG,SCB98,Single
makam,KARAWANG,UG,SCC108,Single
makam,KARAWANG,UG,SCC118,Single
makam,KARAWANG,UG,SCC128,Single
makam,KARAWANG,UG,SCC138,Single
makam,KARAWANG,UG,SCC168,Single
makam,KARAWANG,UG,SCC178,Single
makam,KARAWANG,UG,SCC188,Single
makam,KARAWANG,UG,SCC198,Single
makam,KARAWANG,UG,SCC208,Single
makam,KARAWANG,UG,SCC218,Single
makam,KARAWANG,UG,SCC228,Single
makam,KARAWANG,UG,SCC238,Single
makam,KARAWANG,UG,SCC268,Single
makam,KARAWANG,UG,SCC278,Single
makam,KARAWANG,UG,SCC28,Single
makam,KARAWANG,UG,SCC288,Single
makam,KARAWANG,UG,SCC298,Single
makam,KARAWANG,UG,SCC308,Single
makam,KARAWANG,UG,SCC318,Single
makam,KARAWANG,UG,SCC328,Single
makam,KARAWANG,UG,SCC338,Single
makam,KARAWANG,UG,SCC368,Single
makam,KARAWANG,UG,SCC378,Single
makam,KARAWANG,UG,SCC38,Single
makam,KARAWANG,UG,SCC388,Single
makam,KARAWANG,UG,SCC68,Single
makam,KARAWANG,UG,SCC78,Single
makam,KARAWANG,UG,SCC88,Single
makam,KARAWANG,UG,SCC98,Single
makam,KARAWANG,UG,SCD108,Single
makam,KARAWANG,UG,SCD118,Single
makam,KARAWANG,UG,SCD128,Single
makam,KARAWANG,UG,SCD138,Single
makam,KARAWANG,UG,SCD168,Single
makam,KARAWANG,UG,SCD178,Single
makam,KARAWANG,UG,SCD188,Single
makam,KARAWANG,UG,SCD198,Single
makam,KARAWANG,UG,SCD208,Single
makam,KARAWANG,UG,SCD218,Single
makam,KARAWANG,UG,SCD228,Single
makam,KARAWANG,UG,SCD238,Single
makam,KARAWANG,UG,SCD268,Single
makam,KARAWANG,UG,SCD278,Single
makam,KARAWANG,UG,SCD28,Single
makam,KARAWANG,UG,SCD288,Single
makam,KARAWANG,UG,SCD298,Single
makam,KARAWANG,UG,SCD308,Single
makam,KARAWANG,UG,SCD318,Single
makam,KARAWANG,UG,SCD328,Single
makam,KARAWANG,UG,SCD338,Single
makam,KARAWANG,UG,SCD368,Single
makam,KARAWANG,UG,SCD378,Single
makam,KARAWANG,UG,SCD38,Single
makam,KARAWANG,UG,SCD388,Single
makam,KARAWANG,UG,SCD68,Single
makam,KARAWANG,UG,SCD78,Single
makam,KARAWANG,UG,SCD88,Single
makam,KARAWANG,UG,SCD98,Single
makam,KARAWANG,UG,SCE108,Single
makam,KARAWANG,UG,SCE118,Single
makam,KARAWANG,UG,SCE128,Single
makam,KARAWANG,UG,SCE138,Single
makam,KARAWANG,UG,SCE168,Single
makam,KARAWANG,UG,SCE178,Single
makam,KARAWANG,UG,SCE188,Single
makam,KARAWANG,UG,SCE198,Single
makam,KARAWANG,UG,SCE208,Single
makam,KARAWANG,UG,SCE218,Single
makam,KARAWANG,UG,SCE228,Single
makam,KARAWANG,UG,SCE238,Single
makam,KARAWANG,UG,SCE268,Single
makam,KARAWANG,UG,SCE278,Single
makam,KARAWANG,UG,SCE28,Single
makam,KARAWANG,UG,SCE288,Single
makam,KARAWANG,UG,SCE298,Single
makam,KARAWANG,UG,SCE308,Single
makam,KARAWANG,UG,SCE318,Single
makam,KARAWANG,UG,SCE328,Single
makam,KARAWANG,UG,SCE338,Single
makam,KARAWANG,UG,SCE368,Single
makam,KARAWANG,UG,SCE378,Single
makam,KARAWANG,UG,SCE38,Single
makam,KARAWANG,UG,SCE388,Single
makam,KARAWANG,UG,SCE68,Single
makam,KARAWANG,UG,SCE78,Single
makam,KARAWANG,UG,SCE88,Single
makam,KARAWANG,UG,SCE98,Single
makam,KARAWANG,UG,SCM108,Single
makam,KARAWANG,UG,SCM118,Single
makam,KARAWANG,UG,SCM128,Single
makam,KARAWANG,UG,SCM138,Single
makam,KARAWANG,UG,SCM168,Single
makam,KARAWANG,UG,SCM178,Single
makam,KARAWANG,UG,SCM188,Single
makam,KARAWANG,UG,SCM198,Single
makam,KARAWANG,UG,SCM208,Single
makam,KARAWANG,UG,SCM218,Single
makam,KARAWANG,UG,SCM228,Single
makam,KARAWANG,UG,SCM238,Single
makam,KARAWANG,UG,SCM268,Single
makam,KARAWANG,UG,SCM278,Single
makam,KARAWANG,UG,SCM28,Single
makam,KARAWANG,UG,SCM288,Single
makam,KARAWANG,UG,SCM298,Single
makam,KARAWANG,UG,SCM308,Single
makam,KARAWANG,UG,SCM318,Single
makam,KARAWANG,UG,SCM328,Single
makam,KARAWANG,UG,SCM338,Single
makam,KARAWANG,UG,SCM368,Single
makam,KARAWANG,UG,SCM378,Single
makam,KARAWANG,UG,SCM38,Single
makam,KARAWANG,UG,SCM388,Single
makam,KARAWANG,UG,SCM68,Single
makam,KARAWANG,UG,SCM78,Single
makam,KARAWANG,UG,SCM88,Single
makam,KARAWANG,UG,SCM98,Single
makam,KARAWANG,UG,SCN108,Single
makam,KARAWANG,UG,SCN118,Single
makam,KARAWANG,UG,SCN128,Single
makam,KARAWANG,UG,SCN138,Single
makam,KARAWANG,UG,SCN168,Single
makam,KARAWANG,UG,SCN178,Single
makam,KARAWANG,UG,SCN188,Single
makam,KARAWANG,UG,SCN198,Single
makam,KARAWANG,UG,SCN208,Single
makam,KARAWANG,UG,SCN218,Single
makam,KARAWANG,UG,SCN228,Single
makam,KARAWANG,UG,SCN238,Single
makam,KARAWANG,UG,SCN268,Single
makam,KARAWANG,UG,SCN278,Single
makam,KARAWANG,UG,SCN28,Single
makam,KARAWANG,UG,SCN288,Single
makam,KARAWANG,UG,SCN298,Single
makam,KARAWANG,UG,SCN308,Single
makam,KARAWANG,UG,SCN318,Single
makam,KARAWANG,UG,SCN328,Single
makam,KARAWANG,UG,SCN338,Single
makam,KARAWANG,UG,SCN368,Single
makam,KARAWANG,UG,SCN378,Single
makam,KARAWANG,UG,SCN38,Single
makam,KARAWANG,UG,SCN388,Single
makam,KARAWANG,UG,SCN68,Single
makam,KARAWANG,UG,SCN78,Single
makam,KARAWANG,UG,SCN88,Single
makam,KARAWANG,UG,SCN98,Single
makam,KARAWANG,V,DA08,Double
makam,KARAWANG,V,DA18,Double
makam,KARAWANG,V,DA28,Double
makam,KARAWANG,V,DB08,Double
makam,KARAWANG,V,DB18,Double
makam,KARAWANG,V,DB28,Double
makam,KARAWANG,V,DB38,Double
makam,KARAWANG,V,DC08,Double
makam,KARAWANG,V,DC18,Double
makam,KARAWANG,V,DC28,Double
makam,KARAWANG,V,DC38,Double
makam,KARAWANG,V,DD08,Double
makam,KARAWANG,V,DD18,Double
makam,KARAWANG,V,DD28,Double
makam,KARAWANG,W,DB28,Double
makam,KARAWANG,W,DB38,Double
makam,KARAWANG,W,DB68,Double
makam,KARAWANG,W,DB78,Double
makam,KARAWANG,W,DB88,Double
makam,KARAWANG,W,DB98,Double
makam,KARAWANG,W,DC18,Double
makam,KARAWANG,W,DC28,Double
makam,KARAWANG,W,DC38,Double
makam,KARAWANG,W,DC68,Double
makam,KARAWANG,W,DC78,Double
makam,KARAWANG,W,DC88,Double
makam,KARAWANG,W,DC98,Double
makam,KARAWANG,W,DD18,Double
makam,KARAWANG,W,DD28,Double
makam,KARAWANG,W,DD38,Double
makam,KARAWANG,W,DD68,Double
makam,KARAWANG,W,DD78,Double
makam,KARAWANG,W,DD88,Double
makam,KARAWANG,W,DD98,Double
makam,KARAWANG,W,DE08,Double
makam,KARAWANG,W,DE18,Double
makam,KARAWANG,W,DE28,Double
makam,KARAWANG,W,DE38,Double
makam,KARAWANG,W,DE68,Double
makam,KARAWANG,W,DE78,Double
makam,KARAWANG,W,DE88,Double
makam,KARAWANG,W,DE98,Double
